Copyright 1986-2022 Xilinx, Inc. All Rights Reserved. Copyright 2022-2025 Advanced Micro Devices, Inc. All Rights Reserved.
------------------------------------------------------------------------------------------------------------------------------------------------------------------------------------------------------------------------------------------------------
| Tool Version : Vivado v.2025.2 (win64) Build 6299465 Fri Nov 14 19:35:11 GMT 2025
| Date         : Mon Aug 17 09:23:13 2026
| Host         : DESKTOP-F52E2VT running 64-bit major release  (build 9200)
| Command      : report_timing_summary -max_paths 10 -routable_nets -report_unconstrained -file top_vga_basys3_timing_summary_routed.rpt -pb top_vga_basys3_timing_summary_routed.pb -rpx top_vga_basys3_timing_summary_routed.rpx -warn_on_violation
| Design       : top_vga_basys3
| Device       : 7a35t-cpg236
| Speed File   : -1  PRODUCTION 1.23 2018-06-13
| Design State : Routed
------------------------------------------------------------------------------------------------------------------------------------------------------------------------------------------------------------------------------------------------------

Timing Summary Report

------------------------------------------------------------------------------------------------
| Timer Settings
| --------------
------------------------------------------------------------------------------------------------

  Enable Multi Corner Analysis               :  Yes
  Enable Pessimism Removal                   :  Yes
  Pessimism Removal Resolution               :  Nearest Common Node
  Enable Input Delay Default Clock           :  No
  Enable Preset / Clear Arcs                 :  No
  Disable Flight Delays                      :  No
  Ignore I/O Paths                           :  No
  Timing Early Launch at Borrowing Latches   :  No
  Borrow Time for Max Delay Exceptions       :  Yes
  Merge Timing Exceptions                    :  Yes
  Inter-SLR Compensation                     :  Conservative

  Corner  Analyze    Analyze    
  Name    Max Paths  Min Paths  
  ------  ---------  ---------  
  Slow    Yes        Yes        
  Fast    Yes        Yes        


------------------------------------------------------------------------------------------------
| Report Methodology
| ------------------
------------------------------------------------------------------------------------------------

Rule       Severity  Description                                 Violations  
---------  --------  ------------------------------------------  ----------  
DPIR-1     Warning   Asynchronous driver check                   30          
SYNTH-6    Warning   Timing of a RAM block might be sub-optimal  2           
TIMING-18  Warning   Missing input or output delay               5           

Note: This report is based on the most recent report_methodology run and may not be up-to-date. Run report_methodology on the current design for the latest report.



check_timing report

Table of Contents
-----------------
1. checking no_clock (0)
2. checking constant_clock (0)
3. checking pulse_width_clock (0)
4. checking unconstrained_internal_endpoints (0)
5. checking no_input_delay (3)
6. checking no_output_delay (17)
7. checking multiple_clock (0)
8. checking generated_clocks (0)
9. checking loops (0)
10. checking partial_input_delay (0)
11. checking partial_output_delay (0)
12. checking latch_loops (0)

1. checking no_clock (0)
------------------------
 There are 0 register/latch pins with no clock.


2. checking constant_clock (0)
------------------------------
 There are 0 register/latch pins with constant_clock.


3. checking pulse_width_clock (0)
---------------------------------
 There are 0 register/latch pins which need pulse_width check


4. checking unconstrained_internal_endpoints (0)
------------------------------------------------
 There are 0 pins that are not constrained for maximum delay.

 There are 0 pins that are not constrained for maximum delay due to constant clock.


5. checking no_input_delay (3)
------------------------------
 There are 3 input ports with no input delay specified. (HIGH)

 There are 0 input ports with no input delay but user has a false path constraint.


6. checking no_output_delay (17)
--------------------------------
 There are 17 ports with no output delay specified. (HIGH)

 There are 0 ports with no output delay but user has a false path constraint

 There are 0 ports with no output delay but with a timing clock defined on it or propagating through it


7. checking multiple_clock (0)
------------------------------
 There are 0 register/latch pins with multiple clocks.


8. checking generated_clocks (0)
--------------------------------
 There are 0 generated clocks that are not connected to a clock source.


9. checking loops (0)
---------------------
 There are 0 combinational loops in the design.


10. checking partial_input_delay (0)
------------------------------------
 There are 0 input ports with partial input delay specified.


11. checking partial_output_delay (0)
-------------------------------------
 There are 0 ports with partial output delay specified.


12. checking latch_loops (0)
----------------------------
 There are 0 combinational latch loops in the design through latch input



------------------------------------------------------------------------------------------------
| Design Timing Summary
| ---------------------
------------------------------------------------------------------------------------------------

    WNS(ns)      TNS(ns)  TNS Failing Endpoints  TNS Total Endpoints      WHS(ns)      THS(ns)  THS Failing Endpoints  THS Total Endpoints     WPWS(ns)     TPWS(ns)  TPWS Failing Endpoints  TPWS Total Endpoints  
    -------      -------  ---------------------  -------------------      -------      -------  ---------------------  -------------------     --------     --------  ----------------------  --------------------  
      1.868        0.000                      0                  983        0.121        0.000                      0                  983        3.000        0.000                       0                   713  


All user specified timing constraints are met.


------------------------------------------------------------------------------------------------
| Clock Summary
| -------------
------------------------------------------------------------------------------------------------

Clock                  Waveform(ns)       Period(ns)      Frequency(MHz)
-----                  ------------       ----------      --------------
clk                    {0.000 5.000}      10.000          100.000         
  clk100MHz_clk_wiz_0  {0.000 5.000}      10.000          100.000         
  clk40MHz_clk_wiz_0   {0.000 12.500}     25.000          40.000          
  clkfbout_clk_wiz_0   {0.000 5.000}      10.000          100.000         


------------------------------------------------------------------------------------------------
| Intra Clock Table
| -----------------
------------------------------------------------------------------------------------------------

Clock                      WNS(ns)      TNS(ns)  TNS Failing Endpoints  TNS Total Endpoints      WHS(ns)      THS(ns)  THS Failing Endpoints  THS Total Endpoints     WPWS(ns)     TPWS(ns)  TPWS Failing Endpoints  TPWS Total Endpoints  
-----                      -------      -------  ---------------------  -------------------      -------      -------  ---------------------  -------------------     --------     --------  ----------------------  --------------------  
clk                                                                                                                                                                      3.000        0.000                       0                     1  
  clk100MHz_clk_wiz_0        4.673        0.000                      0                  440        0.160        0.000                      0                  440        4.500        0.000                       0                   277  
  clk40MHz_clk_wiz_0        13.154        0.000                      0                  519        0.121        0.000                      0                  519       12.000        0.000                       0                   432  
  clkfbout_clk_wiz_0                                                                                                                                                     7.845        0.000                       0                     3  


------------------------------------------------------------------------------------------------
| Inter Clock Table
| -----------------
------------------------------------------------------------------------------------------------

From Clock           To Clock                 WNS(ns)      TNS(ns)  TNS Failing Endpoints  TNS Total Endpoints      WHS(ns)      THS(ns)  THS Failing Endpoints  THS Total Endpoints  
----------           --------                 -------      -------  ---------------------  -------------------      -------      -------  ---------------------  -------------------  
clk100MHz_clk_wiz_0  clk40MHz_clk_wiz_0         1.868        0.000                      0                   27        0.148        0.000                      0                   27  


------------------------------------------------------------------------------------------------
| Other Path Groups Table
| -----------------------
------------------------------------------------------------------------------------------------

Path Group    From Clock    To Clock          WNS(ns)      TNS(ns)  TNS Failing Endpoints  TNS Total Endpoints      WHS(ns)      THS(ns)  THS Failing Endpoints  THS Total Endpoints  
----------    ----------    --------          -------      -------  ---------------------  -------------------      -------      -------  ---------------------  -------------------  


------------------------------------------------------------------------------------------------
| User Ignored Path Table
| -----------------------
------------------------------------------------------------------------------------------------

Path Group    From Clock    To Clock    
----------    ----------    --------    


------------------------------------------------------------------------------------------------
| Unconstrained Path Table
| ------------------------
------------------------------------------------------------------------------------------------

Path Group           From Clock           To Clock           
----------           ----------           --------           
(none)               clk100MHz_clk_wiz_0                       
(none)               clk40MHz_clk_wiz_0                        
(none)                                    clk100MHz_clk_wiz_0  
(none)                                    clk40MHz_clk_wiz_0   


------------------------------------------------------------------------------------------------
| Timing Details
| --------------
------------------------------------------------------------------------------------------------


---------------------------------------------------------------------------------------------------
From Clock:  clk
  To Clock:  clk

Setup :           NA  Failing Endpoints,  Worst Slack           NA  ,  Total Violation           NA
Hold  :           NA  Failing Endpoints,  Worst Slack           NA  ,  Total Violation           NA
PW    :            0  Failing Endpoints,  Worst Slack        3.000ns,  Total Violation        0.000ns
---------------------------------------------------------------------------------------------------


Pulse Width Checks
--------------------------------------------------------------------------------------
Clock Name:         clk
Waveform(ns):       { 0.000 5.000 }
Period(ns):         10.000
Sources:            { clk }

Check Type        Corner  Lib Pin            Reference Pin  Required(ns)  Actual(ns)  Slack(ns)  Location         Pin
Min Period        n/a     MMCME2_ADV/CLKIN1  n/a            1.249         10.000      8.751      MMCME2_ADV_X1Y0  u_clk_wiz/inst/mmcm_adv_inst/CLKIN1
Max Period        n/a     MMCME2_ADV/CLKIN1  n/a            100.000       10.000      90.000     MMCME2_ADV_X1Y0  u_clk_wiz/inst/mmcm_adv_inst/CLKIN1
Low Pulse Width   Slow    MMCME2_ADV/CLKIN1  n/a            2.000         5.000       3.000      MMCME2_ADV_X1Y0  u_clk_wiz/inst/mmcm_adv_inst/CLKIN1
Low Pulse Width   Fast    MMCME2_ADV/CLKIN1  n/a            2.000         5.000       3.000      MMCME2_ADV_X1Y0  u_clk_wiz/inst/mmcm_adv_inst/CLKIN1
High Pulse Width  Slow    MMCME2_ADV/CLKIN1  n/a            2.000         5.000       3.000      MMCME2_ADV_X1Y0  u_clk_wiz/inst/mmcm_adv_inst/CLKIN1
High Pulse Width  Fast    MMCME2_ADV/CLKIN1  n/a            2.000         5.000       3.000      MMCME2_ADV_X1Y0  u_clk_wiz/inst/mmcm_adv_inst/CLKIN1



---------------------------------------------------------------------------------------------------
From Clock:  clk100MHz_clk_wiz_0
  To Clock:  clk100MHz_clk_wiz_0

Setup :            0  Failing Endpoints,  Worst Slack        4.673ns,  Total Violation        0.000ns
Hold  :            0  Failing Endpoints,  Worst Slack        0.160ns,  Total Violation        0.000ns
PW    :            0  Failing Endpoints,  Worst Slack        4.500ns,  Total Violation        0.000ns
---------------------------------------------------------------------------------------------------


Max Delay Paths
--------------------------------------------------------------------------------------
Slack (MET) :             4.673ns  (required time - arrival time)
  Source:                 u_top_vga/u_mouse/x_pos_reg[0]/C
                            (rising edge-triggered cell FDRE clocked by clk100MHz_clk_wiz_0  {rise@0.000ns fall@5.000ns period=10.000ns})
  Destination:            u_top_vga/u_mouse/x_pos_reg[0]/D
                            (rising edge-triggered cell FDRE clocked by clk100MHz_clk_wiz_0  {rise@0.000ns fall@5.000ns period=10.000ns})
  Path Group:             clk100MHz_clk_wiz_0
  Path Type:              Setup (Max at Slow Process Corner)
  Requirement:            10.000ns  (clk100MHz_clk_wiz_0 rise@10.000ns - clk100MHz_clk_wiz_0 rise@0.000ns)
  Data Path Delay:        5.330ns  (logic 2.711ns (50.863%)  route 2.619ns (49.137%))
  Logic Levels:           7  (CARRY4=4 LUT2=1 LUT3=1 LUT5=1)
  Clock Path Skew:        0.000ns (DCD - SCD + CPR)
    Destination Clock Delay (DCD):    -1.546ns = ( 8.454 - 10.000 ) 
    Source Clock Delay      (SCD):    -0.944ns
    Clock Pessimism Removal (CPR):    0.603ns
  Clock Uncertainty:      0.074ns  ((TSJ^2 + DJ^2)^1/2) / 2 + PE
    Total System Jitter     (TSJ):    0.071ns
    Discrete Jitter          (DJ):    0.131ns
    Phase Error              (PE):    0.000ns

    Location             Delay type                Incr(ns)  Path(ns)    Netlist Resource(s)
  -------------------------------------------------------------------    -------------------
                         (clock clk100MHz_clk_wiz_0 rise edge)
                                                      0.000     0.000 r  
    W5                                                0.000     0.000 r  clk (IN)
                         net (fo=0)                   0.000     0.000    u_clk_wiz/inst/clk
    W5                   IBUF (Prop_ibuf_I_O)         1.458     1.458 r  u_clk_wiz/inst/clkin1_ibufg/O
                         net (fo=1, routed)           1.233     2.691    u_clk_wiz/inst/clk_clk_wiz_0
    MMCME2_ADV_X1Y0      MMCME2_ADV (Prop_mmcme2_adv_CLKIN1_CLKOUT0)
                                                     -6.961    -4.269 r  u_clk_wiz/inst/mmcm_adv_inst/CLKOUT0
                         net (fo=2, routed)           1.661    -2.608    u_clk_wiz/inst/clk100MHz_clk_wiz_0
    BUFGCTRL_X0Y1        BUFGCTRL (Prop_bufgctrl_I0_O)
                                                      0.096    -2.512 r  u_clk_wiz/inst/clkout1_buf/O
                         net (fo=266, routed)         1.568    -0.944    u_top_vga/u_mouse/clk100MHz
    SLICE_X8Y7           FDRE                                         r  u_top_vga/u_mouse/x_pos_reg[0]/C
  -------------------------------------------------------------------    -------------------
    SLICE_X8Y7           FDRE (Prop_fdre_C_Q)         0.518    -0.426 r  u_top_vga/u_mouse/x_pos_reg[0]/Q
                         net (fo=6, routed)           1.209     0.783    u_top_vga/u_mouse/x_pos[0]
    SLICE_X5Y6           LUT3 (Prop_lut3_I0_O)        0.124     0.907 r  u_top_vga/u_mouse/x_pos[3]_i_6/O
                         net (fo=1, routed)           0.000     0.907    u_top_vga/u_mouse/x_pos[3]_i_6_n_0
    SLICE_X5Y6           CARRY4 (Prop_carry4_S[0]_CO[3])
                                                      0.532     1.439 r  u_top_vga/u_mouse/x_pos_reg[3]_i_2/CO[3]
                         net (fo=1, routed)           0.000     1.439    u_top_vga/u_mouse/x_pos_reg[3]_i_2_n_0
    SLICE_X5Y7           CARRY4 (Prop_carry4_CI_CO[3])
                                                      0.114     1.553 r  u_top_vga/u_mouse/x_pos_reg[7]_i_2/CO[3]
                         net (fo=1, routed)           0.000     1.553    u_top_vga/u_mouse/x_pos_reg[7]_i_2_n_0
    SLICE_X5Y8           CARRY4 (Prop_carry4_CI_O[1])
                                                      0.334     1.887 f  u_top_vga/u_mouse/gtOp_carry_i_1/O[1]
                         net (fo=3, routed)           0.668     2.555    u_top_vga/u_mouse/plusOp3[9]
    SLICE_X4Y8           LUT2 (Prop_lut2_I1_O)        0.303     2.858 r  u_top_vga/u_mouse/gtOp_carry_i_4/O
                         net (fo=1, routed)           0.000     2.858    u_top_vga/u_mouse/gtOp_carry_i_4_n_0
    SLICE_X4Y8           CARRY4 (Prop_carry4_S[0]_CO[1])
                                                      0.457     3.315 r  u_top_vga/u_mouse/gtOp_carry/CO[1]
                         net (fo=12, routed)          0.743     4.058    u_top_vga/u_mouse/gtOp
    SLICE_X8Y7           LUT5 (Prop_lut5_I3_O)        0.329     4.387 r  u_top_vga/u_mouse/x_pos[0]_i_1/O
                         net (fo=1, routed)           0.000     4.387    u_top_vga/u_mouse/x_pos[0]_i_1_n_0
    SLICE_X8Y7           FDRE                                         r  u_top_vga/u_mouse/x_pos_reg[0]/D
  -------------------------------------------------------------------    -------------------

                         (clock clk100MHz_clk_wiz_0 rise edge)
                                                     10.000    10.000 r  
    W5                                                0.000    10.000 r  clk (IN)
                         net (fo=0)                   0.000    10.000    u_clk_wiz/inst/clk
    W5                   IBUF (Prop_ibuf_I_O)         1.388    11.388 r  u_clk_wiz/inst/clkin1_ibufg/O
                         net (fo=1, routed)           1.162    12.550    u_clk_wiz/inst/clk_clk_wiz_0
    MMCME2_ADV_X1Y0      MMCME2_ADV (Prop_mmcme2_adv_CLKIN1_CLKOUT0)
                                                     -7.217     5.332 r  u_clk_wiz/inst/mmcm_adv_inst/CLKOUT0
                         net (fo=2, routed)           1.581     6.914    u_clk_wiz/inst/clk100MHz_clk_wiz_0
    BUFGCTRL_X0Y1        BUFGCTRL (Prop_bufgctrl_I0_O)
                                                      0.091     7.005 r  u_clk_wiz/inst/clkout1_buf/O
                         net (fo=266, routed)         1.449     8.454    u_top_vga/u_mouse/clk100MHz
    SLICE_X8Y7           FDRE                                         r  u_top_vga/u_mouse/x_pos_reg[0]/C
                         clock pessimism              0.603     9.056    
                         clock uncertainty           -0.074     8.982    
    SLICE_X8Y7           FDRE (Setup_fdre_C_D)        0.077     9.059    u_top_vga/u_mouse/x_pos_reg[0]
  -------------------------------------------------------------------
                         required time                          9.059    
                         arrival time                          -4.387    
  -------------------------------------------------------------------
                         slack                                  4.673    

Slack (MET) :             4.851ns  (required time - arrival time)
  Source:                 u_top_vga/u_mouse/x_pos_reg[0]/C
                            (rising edge-triggered cell FDRE clocked by clk100MHz_clk_wiz_0  {rise@0.000ns fall@5.000ns period=10.000ns})
  Destination:            u_top_vga/u_mouse/x_pos_reg[1]/D
                            (rising edge-triggered cell FDRE clocked by clk100MHz_clk_wiz_0  {rise@0.000ns fall@5.000ns period=10.000ns})
  Path Group:             clk100MHz_clk_wiz_0
  Path Type:              Setup (Max at Slow Process Corner)
  Requirement:            10.000ns  (clk100MHz_clk_wiz_0 rise@10.000ns - clk100MHz_clk_wiz_0 rise@0.000ns)
  Data Path Delay:        5.135ns  (logic 2.711ns (52.794%)  route 2.424ns (47.206%))
  Logic Levels:           7  (CARRY4=4 LUT2=1 LUT3=1 LUT5=1)
  Clock Path Skew:        0.029ns (DCD - SCD + CPR)
    Destination Clock Delay (DCD):    -1.478ns = ( 8.522 - 10.000 ) 
    Source Clock Delay      (SCD):    -0.944ns
    Clock Pessimism Removal (CPR):    0.564ns
  Clock Uncertainty:      0.074ns  ((TSJ^2 + DJ^2)^1/2) / 2 + PE
    Total System Jitter     (TSJ):    0.071ns
    Discrete Jitter          (DJ):    0.131ns
    Phase Error              (PE):    0.000ns

    Location             Delay type                Incr(ns)  Path(ns)    Netlist Resource(s)
  -------------------------------------------------------------------    -------------------
                         (clock clk100MHz_clk_wiz_0 rise edge)
                                                      0.000     0.000 r  
    W5                                                0.000     0.000 r  clk (IN)
                         net (fo=0)                   0.000     0.000    u_clk_wiz/inst/clk
    W5                   IBUF (Prop_ibuf_I_O)         1.458     1.458 r  u_clk_wiz/inst/clkin1_ibufg/O
                         net (fo=1, routed)           1.233     2.691    u_clk_wiz/inst/clk_clk_wiz_0
    MMCME2_ADV_X1Y0      MMCME2_ADV (Prop_mmcme2_adv_CLKIN1_CLKOUT0)
                                                     -6.961    -4.269 r  u_clk_wiz/inst/mmcm_adv_inst/CLKOUT0
                         net (fo=2, routed)           1.661    -2.608    u_clk_wiz/inst/clk100MHz_clk_wiz_0
    BUFGCTRL_X0Y1        BUFGCTRL (Prop_bufgctrl_I0_O)
                                                      0.096    -2.512 r  u_clk_wiz/inst/clkout1_buf/O
                         net (fo=266, routed)         1.568    -0.944    u_top_vga/u_mouse/clk100MHz
    SLICE_X8Y7           FDRE                                         r  u_top_vga/u_mouse/x_pos_reg[0]/C
  -------------------------------------------------------------------    -------------------
    SLICE_X8Y7           FDRE (Prop_fdre_C_Q)         0.518    -0.426 r  u_top_vga/u_mouse/x_pos_reg[0]/Q
                         net (fo=6, routed)           1.209     0.783    u_top_vga/u_mouse/x_pos[0]
    SLICE_X5Y6           LUT3 (Prop_lut3_I0_O)        0.124     0.907 r  u_top_vga/u_mouse/x_pos[3]_i_6/O
                         net (fo=1, routed)           0.000     0.907    u_top_vga/u_mouse/x_pos[3]_i_6_n_0
    SLICE_X5Y6           CARRY4 (Prop_carry4_S[0]_CO[3])
                                                      0.532     1.439 r  u_top_vga/u_mouse/x_pos_reg[3]_i_2/CO[3]
                         net (fo=1, routed)           0.000     1.439    u_top_vga/u_mouse/x_pos_reg[3]_i_2_n_0
    SLICE_X5Y7           CARRY4 (Prop_carry4_CI_CO[3])
                                                      0.114     1.553 r  u_top_vga/u_mouse/x_pos_reg[7]_i_2/CO[3]
                         net (fo=1, routed)           0.000     1.553    u_top_vga/u_mouse/x_pos_reg[7]_i_2_n_0
    SLICE_X5Y8           CARRY4 (Prop_carry4_CI_O[1])
                                                      0.334     1.887 f  u_top_vga/u_mouse/gtOp_carry_i_1/O[1]
                         net (fo=3, routed)           0.668     2.555    u_top_vga/u_mouse/plusOp3[9]
    SLICE_X4Y8           LUT2 (Prop_lut2_I1_O)        0.303     2.858 r  u_top_vga/u_mouse/gtOp_carry_i_4/O
                         net (fo=1, routed)           0.000     2.858    u_top_vga/u_mouse/gtOp_carry_i_4_n_0
    SLICE_X4Y8           CARRY4 (Prop_carry4_S[0]_CO[1])
                                                      0.457     3.315 r  u_top_vga/u_mouse/gtOp_carry/CO[1]
                         net (fo=12, routed)          0.548     3.863    u_top_vga/u_mouse/gtOp
    SLICE_X4Y6           LUT5 (Prop_lut5_I3_O)        0.329     4.192 r  u_top_vga/u_mouse/x_pos[1]_i_1/O
                         net (fo=1, routed)           0.000     4.192    u_top_vga/u_mouse/x_pos[1]_i_1_n_0
    SLICE_X4Y6           FDRE                                         r  u_top_vga/u_mouse/x_pos_reg[1]/D
  -------------------------------------------------------------------    -------------------

                         (clock clk100MHz_clk_wiz_0 rise edge)
                                                     10.000    10.000 r  
    W5                                                0.000    10.000 r  clk (IN)
                         net (fo=0)                   0.000    10.000    u_clk_wiz/inst/clk
    W5                   IBUF (Prop_ibuf_I_O)         1.388    11.388 r  u_clk_wiz/inst/clkin1_ibufg/O
                         net (fo=1, routed)           1.162    12.550    u_clk_wiz/inst/clk_clk_wiz_0
    MMCME2_ADV_X1Y0      MMCME2_ADV (Prop_mmcme2_adv_CLKIN1_CLKOUT0)
                                                     -7.217     5.332 r  u_clk_wiz/inst/mmcm_adv_inst/CLKOUT0
                         net (fo=2, routed)           1.581     6.914    u_clk_wiz/inst/clk100MHz_clk_wiz_0
    BUFGCTRL_X0Y1        BUFGCTRL (Prop_bufgctrl_I0_O)
                                                      0.091     7.005 r  u_clk_wiz/inst/clkout1_buf/O
                         net (fo=266, routed)         1.517     8.522    u_top_vga/u_mouse/clk100MHz
    SLICE_X4Y6           FDRE                                         r  u_top_vga/u_mouse/x_pos_reg[1]/C
                         clock pessimism              0.564     9.085    
                         clock uncertainty           -0.074     9.011    
    SLICE_X4Y6           FDRE (Setup_fdre_C_D)        0.031     9.042    u_top_vga/u_mouse/x_pos_reg[1]
  -------------------------------------------------------------------
                         required time                          9.042    
                         arrival time                          -4.192    
  -------------------------------------------------------------------
                         slack                                  4.851    

Slack (MET) :             4.870ns  (required time - arrival time)
  Source:                 u_top_vga/u_mouse/x_pos_reg[0]/C
                            (rising edge-triggered cell FDRE clocked by clk100MHz_clk_wiz_0  {rise@0.000ns fall@5.000ns period=10.000ns})
  Destination:            u_top_vga/u_mouse/x_pos_reg[4]/D
                            (rising edge-triggered cell FDRE clocked by clk100MHz_clk_wiz_0  {rise@0.000ns fall@5.000ns period=10.000ns})
  Path Group:             clk100MHz_clk_wiz_0
  Path Type:              Setup (Max at Slow Process Corner)
  Requirement:            10.000ns  (clk100MHz_clk_wiz_0 rise@10.000ns - clk100MHz_clk_wiz_0 rise@0.000ns)
  Data Path Delay:        5.160ns  (logic 2.711ns (52.537%)  route 2.449ns (47.463%))
  Logic Levels:           7  (CARRY4=4 LUT2=1 LUT3=1 LUT5=1)
  Clock Path Skew:        0.028ns (DCD - SCD + CPR)
    Destination Clock Delay (DCD):    -1.479ns = ( 8.521 - 10.000 ) 
    Source Clock Delay      (SCD):    -0.944ns
    Clock Pessimism Removal (CPR):    0.564ns
  Clock Uncertainty:      0.074ns  ((TSJ^2 + DJ^2)^1/2) / 2 + PE
    Total System Jitter     (TSJ):    0.071ns
    Discrete Jitter          (DJ):    0.131ns
    Phase Error              (PE):    0.000ns

    Location             Delay type                Incr(ns)  Path(ns)    Netlist Resource(s)
  -------------------------------------------------------------------    -------------------
                         (clock clk100MHz_clk_wiz_0 rise edge)
                                                      0.000     0.000 r  
    W5                                                0.000     0.000 r  clk (IN)
                         net (fo=0)                   0.000     0.000    u_clk_wiz/inst/clk
    W5                   IBUF (Prop_ibuf_I_O)         1.458     1.458 r  u_clk_wiz/inst/clkin1_ibufg/O
                         net (fo=1, routed)           1.233     2.691    u_clk_wiz/inst/clk_clk_wiz_0
    MMCME2_ADV_X1Y0      MMCME2_ADV (Prop_mmcme2_adv_CLKIN1_CLKOUT0)
                                                     -6.961    -4.269 r  u_clk_wiz/inst/mmcm_adv_inst/CLKOUT0
                         net (fo=2, routed)           1.661    -2.608    u_clk_wiz/inst/clk100MHz_clk_wiz_0
    BUFGCTRL_X0Y1        BUFGCTRL (Prop_bufgctrl_I0_O)
                                                      0.096    -2.512 r  u_clk_wiz/inst/clkout1_buf/O
                         net (fo=266, routed)         1.568    -0.944    u_top_vga/u_mouse/clk100MHz
    SLICE_X8Y7           FDRE                                         r  u_top_vga/u_mouse/x_pos_reg[0]/C
  -------------------------------------------------------------------    -------------------
    SLICE_X8Y7           FDRE (Prop_fdre_C_Q)         0.518    -0.426 r  u_top_vga/u_mouse/x_pos_reg[0]/Q
                         net (fo=6, routed)           1.209     0.783    u_top_vga/u_mouse/x_pos[0]
    SLICE_X5Y6           LUT3 (Prop_lut3_I0_O)        0.124     0.907 r  u_top_vga/u_mouse/x_pos[3]_i_6/O
                         net (fo=1, routed)           0.000     0.907    u_top_vga/u_mouse/x_pos[3]_i_6_n_0
    SLICE_X5Y6           CARRY4 (Prop_carry4_S[0]_CO[3])
                                                      0.532     1.439 r  u_top_vga/u_mouse/x_pos_reg[3]_i_2/CO[3]
                         net (fo=1, routed)           0.000     1.439    u_top_vga/u_mouse/x_pos_reg[3]_i_2_n_0
    SLICE_X5Y7           CARRY4 (Prop_carry4_CI_CO[3])
                                                      0.114     1.553 r  u_top_vga/u_mouse/x_pos_reg[7]_i_2/CO[3]
                         net (fo=1, routed)           0.000     1.553    u_top_vga/u_mouse/x_pos_reg[7]_i_2_n_0
    SLICE_X5Y8           CARRY4 (Prop_carry4_CI_O[1])
                                                      0.334     1.887 f  u_top_vga/u_mouse/gtOp_carry_i_1/O[1]
                         net (fo=3, routed)           0.668     2.555    u_top_vga/u_mouse/plusOp3[9]
    SLICE_X4Y8           LUT2 (Prop_lut2_I1_O)        0.303     2.858 r  u_top_vga/u_mouse/gtOp_carry_i_4/O
                         net (fo=1, routed)           0.000     2.858    u_top_vga/u_mouse/gtOp_carry_i_4_n_0
    SLICE_X4Y8           CARRY4 (Prop_carry4_S[0]_CO[1])
                                                      0.457     3.315 r  u_top_vga/u_mouse/gtOp_carry/CO[1]
                         net (fo=12, routed)          0.573     3.888    u_top_vga/u_mouse/gtOp
    SLICE_X6Y7           LUT5 (Prop_lut5_I3_O)        0.329     4.217 r  u_top_vga/u_mouse/x_pos[4]_i_1/O
                         net (fo=1, routed)           0.000     4.217    u_top_vga/u_mouse/x_pos[4]_i_1_n_0
    SLICE_X6Y7           FDRE                                         r  u_top_vga/u_mouse/x_pos_reg[4]/D
  -------------------------------------------------------------------    -------------------

                         (clock clk100MHz_clk_wiz_0 rise edge)
                                                     10.000    10.000 r  
    W5                                                0.000    10.000 r  clk (IN)
                         net (fo=0)                   0.000    10.000    u_clk_wiz/inst/clk
    W5                   IBUF (Prop_ibuf_I_O)         1.388    11.388 r  u_clk_wiz/inst/clkin1_ibufg/O
                         net (fo=1, routed)           1.162    12.550    u_clk_wiz/inst/clk_clk_wiz_0
    MMCME2_ADV_X1Y0      MMCME2_ADV (Prop_mmcme2_adv_CLKIN1_CLKOUT0)
                                                     -7.217     5.332 r  u_clk_wiz/inst/mmcm_adv_inst/CLKOUT0
                         net (fo=2, routed)           1.581     6.914    u_clk_wiz/inst/clk100MHz_clk_wiz_0
    BUFGCTRL_X0Y1        BUFGCTRL (Prop_bufgctrl_I0_O)
                                                      0.091     7.005 r  u_clk_wiz/inst/clkout1_buf/O
                         net (fo=266, routed)         1.516     8.521    u_top_vga/u_mouse/clk100MHz
    SLICE_X6Y7           FDRE                                         r  u_top_vga/u_mouse/x_pos_reg[4]/C
                         clock pessimism              0.564     9.084    
                         clock uncertainty           -0.074     9.010    
    SLICE_X6Y7           FDRE (Setup_fdre_C_D)        0.077     9.087    u_top_vga/u_mouse/x_pos_reg[4]
  -------------------------------------------------------------------
                         required time                          9.087    
                         arrival time                          -4.217    
  -------------------------------------------------------------------
                         slack                                  4.870    

Slack (MET) :             4.877ns  (required time - arrival time)
  Source:                 u_top_vga/u_mouse/x_pos_reg[0]/C
                            (rising edge-triggered cell FDRE clocked by clk100MHz_clk_wiz_0  {rise@0.000ns fall@5.000ns period=10.000ns})
  Destination:            u_top_vga/u_mouse/x_pos_reg[5]/D
                            (rising edge-triggered cell FDRE clocked by clk100MHz_clk_wiz_0  {rise@0.000ns fall@5.000ns period=10.000ns})
  Path Group:             clk100MHz_clk_wiz_0
  Path Type:              Setup (Max at Slow Process Corner)
  Requirement:            10.000ns  (clk100MHz_clk_wiz_0 rise@10.000ns - clk100MHz_clk_wiz_0 rise@0.000ns)
  Data Path Delay:        5.157ns  (logic 2.711ns (52.568%)  route 2.446ns (47.432%))
  Logic Levels:           7  (CARRY4=4 LUT2=1 LUT3=1 LUT5=1)
  Clock Path Skew:        0.028ns (DCD - SCD + CPR)
    Destination Clock Delay (DCD):    -1.479ns = ( 8.521 - 10.000 ) 
    Source Clock Delay      (SCD):    -0.944ns
    Clock Pessimism Removal (CPR):    0.564ns
  Clock Uncertainty:      0.074ns  ((TSJ^2 + DJ^2)^1/2) / 2 + PE
    Total System Jitter     (TSJ):    0.071ns
    Discrete Jitter          (DJ):    0.131ns
    Phase Error              (PE):    0.000ns

    Location             Delay type                Incr(ns)  Path(ns)    Netlist Resource(s)
  -------------------------------------------------------------------    -------------------
                         (clock clk100MHz_clk_wiz_0 rise edge)
                                                      0.000     0.000 r  
    W5                                                0.000     0.000 r  clk (IN)
                         net (fo=0)                   0.000     0.000    u_clk_wiz/inst/clk
    W5                   IBUF (Prop_ibuf_I_O)         1.458     1.458 r  u_clk_wiz/inst/clkin1_ibufg/O
                         net (fo=1, routed)           1.233     2.691    u_clk_wiz/inst/clk_clk_wiz_0
    MMCME2_ADV_X1Y0      MMCME2_ADV (Prop_mmcme2_adv_CLKIN1_CLKOUT0)
                                                     -6.961    -4.269 r  u_clk_wiz/inst/mmcm_adv_inst/CLKOUT0
                         net (fo=2, routed)           1.661    -2.608    u_clk_wiz/inst/clk100MHz_clk_wiz_0
    BUFGCTRL_X0Y1        BUFGCTRL (Prop_bufgctrl_I0_O)
                                                      0.096    -2.512 r  u_clk_wiz/inst/clkout1_buf/O
                         net (fo=266, routed)         1.568    -0.944    u_top_vga/u_mouse/clk100MHz
    SLICE_X8Y7           FDRE                                         r  u_top_vga/u_mouse/x_pos_reg[0]/C
  -------------------------------------------------------------------    -------------------
    SLICE_X8Y7           FDRE (Prop_fdre_C_Q)         0.518    -0.426 r  u_top_vga/u_mouse/x_pos_reg[0]/Q
                         net (fo=6, routed)           1.209     0.783    u_top_vga/u_mouse/x_pos[0]
    SLICE_X5Y6           LUT3 (Prop_lut3_I0_O)        0.124     0.907 r  u_top_vga/u_mouse/x_pos[3]_i_6/O
                         net (fo=1, routed)           0.000     0.907    u_top_vga/u_mouse/x_pos[3]_i_6_n_0
    SLICE_X5Y6           CARRY4 (Prop_carry4_S[0]_CO[3])
                                                      0.532     1.439 r  u_top_vga/u_mouse/x_pos_reg[3]_i_2/CO[3]
                         net (fo=1, routed)           0.000     1.439    u_top_vga/u_mouse/x_pos_reg[3]_i_2_n_0
    SLICE_X5Y7           CARRY4 (Prop_carry4_CI_CO[3])
                                                      0.114     1.553 r  u_top_vga/u_mouse/x_pos_reg[7]_i_2/CO[3]
                         net (fo=1, routed)           0.000     1.553    u_top_vga/u_mouse/x_pos_reg[7]_i_2_n_0
    SLICE_X5Y8           CARRY4 (Prop_carry4_CI_O[1])
                                                      0.334     1.887 f  u_top_vga/u_mouse/gtOp_carry_i_1/O[1]
                         net (fo=3, routed)           0.668     2.555    u_top_vga/u_mouse/plusOp3[9]
    SLICE_X4Y8           LUT2 (Prop_lut2_I1_O)        0.303     2.858 r  u_top_vga/u_mouse/gtOp_carry_i_4/O
                         net (fo=1, routed)           0.000     2.858    u_top_vga/u_mouse/gtOp_carry_i_4_n_0
    SLICE_X4Y8           CARRY4 (Prop_carry4_S[0]_CO[1])
                                                      0.457     3.315 r  u_top_vga/u_mouse/gtOp_carry/CO[1]
                         net (fo=12, routed)          0.570     3.885    u_top_vga/u_mouse/gtOp
    SLICE_X6Y7           LUT5 (Prop_lut5_I3_O)        0.329     4.214 r  u_top_vga/u_mouse/x_pos[5]_i_1/O
                         net (fo=1, routed)           0.000     4.214    u_top_vga/u_mouse/x_pos[5]_i_1_n_0
    SLICE_X6Y7           FDRE                                         r  u_top_vga/u_mouse/x_pos_reg[5]/D
  -------------------------------------------------------------------    -------------------

                         (clock clk100MHz_clk_wiz_0 rise edge)
                                                     10.000    10.000 r  
    W5                                                0.000    10.000 r  clk (IN)
                         net (fo=0)                   0.000    10.000    u_clk_wiz/inst/clk
    W5                   IBUF (Prop_ibuf_I_O)         1.388    11.388 r  u_clk_wiz/inst/clkin1_ibufg/O
                         net (fo=1, routed)           1.162    12.550    u_clk_wiz/inst/clk_clk_wiz_0
    MMCME2_ADV_X1Y0      MMCME2_ADV (Prop_mmcme2_adv_CLKIN1_CLKOUT0)
                                                     -7.217     5.332 r  u_clk_wiz/inst/mmcm_adv_inst/CLKOUT0
                         net (fo=2, routed)           1.581     6.914    u_clk_wiz/inst/clk100MHz_clk_wiz_0
    BUFGCTRL_X0Y1        BUFGCTRL (Prop_bufgctrl_I0_O)
                                                      0.091     7.005 r  u_clk_wiz/inst/clkout1_buf/O
                         net (fo=266, routed)         1.516     8.521    u_top_vga/u_mouse/clk100MHz
    SLICE_X6Y7           FDRE                                         r  u_top_vga/u_mouse/x_pos_reg[5]/C
                         clock pessimism              0.564     9.084    
                         clock uncertainty           -0.074     9.010    
    SLICE_X6Y7           FDRE (Setup_fdre_C_D)        0.081     9.091    u_top_vga/u_mouse/x_pos_reg[5]
  -------------------------------------------------------------------
                         required time                          9.091    
                         arrival time                          -4.214    
  -------------------------------------------------------------------
                         slack                                  4.877    

Slack (MET) :             4.919ns  (required time - arrival time)
  Source:                 u_top_vga/u_mouse/x_pos_reg[0]/C
                            (rising edge-triggered cell FDRE clocked by clk100MHz_clk_wiz_0  {rise@0.000ns fall@5.000ns period=10.000ns})
  Destination:            u_top_vga/u_mouse/x_pos_reg[2]/D
                            (rising edge-triggered cell FDRE clocked by clk100MHz_clk_wiz_0  {rise@0.000ns fall@5.000ns period=10.000ns})
  Path Group:             clk100MHz_clk_wiz_0
  Path Type:              Setup (Max at Slow Process Corner)
  Requirement:            10.000ns  (clk100MHz_clk_wiz_0 rise@10.000ns - clk100MHz_clk_wiz_0 rise@0.000ns)
  Data Path Delay:        5.067ns  (logic 2.711ns (53.505%)  route 2.356ns (46.495%))
  Logic Levels:           7  (CARRY4=4 LUT2=1 LUT3=1 LUT5=1)
  Clock Path Skew:        0.029ns (DCD - SCD + CPR)
    Destination Clock Delay (DCD):    -1.478ns = ( 8.522 - 10.000 ) 
    Source Clock Delay      (SCD):    -0.944ns
    Clock Pessimism Removal (CPR):    0.564ns
  Clock Uncertainty:      0.074ns  ((TSJ^2 + DJ^2)^1/2) / 2 + PE
    Total System Jitter     (TSJ):    0.071ns
    Discrete Jitter          (DJ):    0.131ns
    Phase Error              (PE):    0.000ns

    Location             Delay type                Incr(ns)  Path(ns)    Netlist Resource(s)
  -------------------------------------------------------------------    -------------------
                         (clock clk100MHz_clk_wiz_0 rise edge)
                                                      0.000     0.000 r  
    W5                                                0.000     0.000 r  clk (IN)
                         net (fo=0)                   0.000     0.000    u_clk_wiz/inst/clk
    W5                   IBUF (Prop_ibuf_I_O)         1.458     1.458 r  u_clk_wiz/inst/clkin1_ibufg/O
                         net (fo=1, routed)           1.233     2.691    u_clk_wiz/inst/clk_clk_wiz_0
    MMCME2_ADV_X1Y0      MMCME2_ADV (Prop_mmcme2_adv_CLKIN1_CLKOUT0)
                                                     -6.961    -4.269 r  u_clk_wiz/inst/mmcm_adv_inst/CLKOUT0
                         net (fo=2, routed)           1.661    -2.608    u_clk_wiz/inst/clk100MHz_clk_wiz_0
    BUFGCTRL_X0Y1        BUFGCTRL (Prop_bufgctrl_I0_O)
                                                      0.096    -2.512 r  u_clk_wiz/inst/clkout1_buf/O
                         net (fo=266, routed)         1.568    -0.944    u_top_vga/u_mouse/clk100MHz
    SLICE_X8Y7           FDRE                                         r  u_top_vga/u_mouse/x_pos_reg[0]/C
  -------------------------------------------------------------------    -------------------
    SLICE_X8Y7           FDRE (Prop_fdre_C_Q)         0.518    -0.426 r  u_top_vga/u_mouse/x_pos_reg[0]/Q
                         net (fo=6, routed)           1.209     0.783    u_top_vga/u_mouse/x_pos[0]
    SLICE_X5Y6           LUT3 (Prop_lut3_I0_O)        0.124     0.907 r  u_top_vga/u_mouse/x_pos[3]_i_6/O
                         net (fo=1, routed)           0.000     0.907    u_top_vga/u_mouse/x_pos[3]_i_6_n_0
    SLICE_X5Y6           CARRY4 (Prop_carry4_S[0]_CO[3])
                                                      0.532     1.439 r  u_top_vga/u_mouse/x_pos_reg[3]_i_2/CO[3]
                         net (fo=1, routed)           0.000     1.439    u_top_vga/u_mouse/x_pos_reg[3]_i_2_n_0
    SLICE_X5Y7           CARRY4 (Prop_carry4_CI_CO[3])
                                                      0.114     1.553 r  u_top_vga/u_mouse/x_pos_reg[7]_i_2/CO[3]
                         net (fo=1, routed)           0.000     1.553    u_top_vga/u_mouse/x_pos_reg[7]_i_2_n_0
    SLICE_X5Y8           CARRY4 (Prop_carry4_CI_O[1])
                                                      0.334     1.887 f  u_top_vga/u_mouse/gtOp_carry_i_1/O[1]
                         net (fo=3, routed)           0.668     2.555    u_top_vga/u_mouse/plusOp3[9]
    SLICE_X4Y8           LUT2 (Prop_lut2_I1_O)        0.303     2.858 r  u_top_vga/u_mouse/gtOp_carry_i_4/O
                         net (fo=1, routed)           0.000     2.858    u_top_vga/u_mouse/gtOp_carry_i_4_n_0
    SLICE_X4Y8           CARRY4 (Prop_carry4_S[0]_CO[1])
                                                      0.457     3.315 r  u_top_vga/u_mouse/gtOp_carry/CO[1]
                         net (fo=12, routed)          0.479     3.794    u_top_vga/u_mouse/gtOp
    SLICE_X4Y6           LUT5 (Prop_lut5_I3_O)        0.329     4.123 r  u_top_vga/u_mouse/x_pos[2]_i_1/O
                         net (fo=1, routed)           0.000     4.123    u_top_vga/u_mouse/x_pos[2]_i_1_n_0
    SLICE_X4Y6           FDRE                                         r  u_top_vga/u_mouse/x_pos_reg[2]/D
  -------------------------------------------------------------------    -------------------

                         (clock clk100MHz_clk_wiz_0 rise edge)
                                                     10.000    10.000 r  
    W5                                                0.000    10.000 r  clk (IN)
                         net (fo=0)                   0.000    10.000    u_clk_wiz/inst/clk
    W5                   IBUF (Prop_ibuf_I_O)         1.388    11.388 r  u_clk_wiz/inst/clkin1_ibufg/O
                         net (fo=1, routed)           1.162    12.550    u_clk_wiz/inst/clk_clk_wiz_0
    MMCME2_ADV_X1Y0      MMCME2_ADV (Prop_mmcme2_adv_CLKIN1_CLKOUT0)
                                                     -7.217     5.332 r  u_clk_wiz/inst/mmcm_adv_inst/CLKOUT0
                         net (fo=2, routed)           1.581     6.914    u_clk_wiz/inst/clk100MHz_clk_wiz_0
    BUFGCTRL_X0Y1        BUFGCTRL (Prop_bufgctrl_I0_O)
                                                      0.091     7.005 r  u_clk_wiz/inst/clkout1_buf/O
                         net (fo=266, routed)         1.517     8.522    u_top_vga/u_mouse/clk100MHz
    SLICE_X4Y6           FDRE                                         r  u_top_vga/u_mouse/x_pos_reg[2]/C
                         clock pessimism              0.564     9.085    
                         clock uncertainty           -0.074     9.011    
    SLICE_X4Y6           FDRE (Setup_fdre_C_D)        0.031     9.042    u_top_vga/u_mouse/x_pos_reg[2]
  -------------------------------------------------------------------
                         required time                          9.042    
                         arrival time                          -4.123    
  -------------------------------------------------------------------
                         slack                                  4.919    

Slack (MET) :             4.924ns  (required time - arrival time)
  Source:                 u_top_vga/u_mouse/x_pos_reg[0]/C
                            (rising edge-triggered cell FDRE clocked by clk100MHz_clk_wiz_0  {rise@0.000ns fall@5.000ns period=10.000ns})
  Destination:            u_top_vga/u_mouse/x_pos_reg[3]/D
                            (rising edge-triggered cell FDRE clocked by clk100MHz_clk_wiz_0  {rise@0.000ns fall@5.000ns period=10.000ns})
  Path Group:             clk100MHz_clk_wiz_0
  Path Type:              Setup (Max at Slow Process Corner)
  Requirement:            10.000ns  (clk100MHz_clk_wiz_0 rise@10.000ns - clk100MHz_clk_wiz_0 rise@0.000ns)
  Data Path Delay:        5.062ns  (logic 2.711ns (53.555%)  route 2.351ns (46.445%))
  Logic Levels:           7  (CARRY4=4 LUT2=1 LUT3=1 LUT5=1)
  Clock Path Skew:        0.029ns (DCD - SCD + CPR)
    Destination Clock Delay (DCD):    -1.478ns = ( 8.522 - 10.000 ) 
    Source Clock Delay      (SCD):    -0.944ns
    Clock Pessimism Removal (CPR):    0.564ns
  Clock Uncertainty:      0.074ns  ((TSJ^2 + DJ^2)^1/2) / 2 + PE
    Total System Jitter     (TSJ):    0.071ns
    Discrete Jitter          (DJ):    0.131ns
    Phase Error              (PE):    0.000ns

    Location             Delay type                Incr(ns)  Path(ns)    Netlist Resource(s)
  -------------------------------------------------------------------    -------------------
                         (clock clk100MHz_clk_wiz_0 rise edge)
                                                      0.000     0.000 r  
    W5                                                0.000     0.000 r  clk (IN)
                         net (fo=0)                   0.000     0.000    u_clk_wiz/inst/clk
    W5                   IBUF (Prop_ibuf_I_O)         1.458     1.458 r  u_clk_wiz/inst/clkin1_ibufg/O
                         net (fo=1, routed)           1.233     2.691    u_clk_wiz/inst/clk_clk_wiz_0
    MMCME2_ADV_X1Y0      MMCME2_ADV (Prop_mmcme2_adv_CLKIN1_CLKOUT0)
                                                     -6.961    -4.269 r  u_clk_wiz/inst/mmcm_adv_inst/CLKOUT0
                         net (fo=2, routed)           1.661    -2.608    u_clk_wiz/inst/clk100MHz_clk_wiz_0
    BUFGCTRL_X0Y1        BUFGCTRL (Prop_bufgctrl_I0_O)
                                                      0.096    -2.512 r  u_clk_wiz/inst/clkout1_buf/O
                         net (fo=266, routed)         1.568    -0.944    u_top_vga/u_mouse/clk100MHz
    SLICE_X8Y7           FDRE                                         r  u_top_vga/u_mouse/x_pos_reg[0]/C
  -------------------------------------------------------------------    -------------------
    SLICE_X8Y7           FDRE (Prop_fdre_C_Q)         0.518    -0.426 r  u_top_vga/u_mouse/x_pos_reg[0]/Q
                         net (fo=6, routed)           1.209     0.783    u_top_vga/u_mouse/x_pos[0]
    SLICE_X5Y6           LUT3 (Prop_lut3_I0_O)        0.124     0.907 r  u_top_vga/u_mouse/x_pos[3]_i_6/O
                         net (fo=1, routed)           0.000     0.907    u_top_vga/u_mouse/x_pos[3]_i_6_n_0
    SLICE_X5Y6           CARRY4 (Prop_carry4_S[0]_CO[3])
                                                      0.532     1.439 r  u_top_vga/u_mouse/x_pos_reg[3]_i_2/CO[3]
                         net (fo=1, routed)           0.000     1.439    u_top_vga/u_mouse/x_pos_reg[3]_i_2_n_0
    SLICE_X5Y7           CARRY4 (Prop_carry4_CI_CO[3])
                                                      0.114     1.553 r  u_top_vga/u_mouse/x_pos_reg[7]_i_2/CO[3]
                         net (fo=1, routed)           0.000     1.553    u_top_vga/u_mouse/x_pos_reg[7]_i_2_n_0
    SLICE_X5Y8           CARRY4 (Prop_carry4_CI_O[1])
                                                      0.334     1.887 f  u_top_vga/u_mouse/gtOp_carry_i_1/O[1]
                         net (fo=3, routed)           0.668     2.555    u_top_vga/u_mouse/plusOp3[9]
    SLICE_X4Y8           LUT2 (Prop_lut2_I1_O)        0.303     2.858 r  u_top_vga/u_mouse/gtOp_carry_i_4/O
                         net (fo=1, routed)           0.000     2.858    u_top_vga/u_mouse/gtOp_carry_i_4_n_0
    SLICE_X4Y8           CARRY4 (Prop_carry4_S[0]_CO[1])
                                                      0.457     3.315 r  u_top_vga/u_mouse/gtOp_carry/CO[1]
                         net (fo=12, routed)          0.475     3.790    u_top_vga/u_mouse/gtOp
    SLICE_X4Y6           LUT5 (Prop_lut5_I3_O)        0.329     4.119 r  u_top_vga/u_mouse/x_pos[3]_i_1/O
                         net (fo=1, routed)           0.000     4.119    u_top_vga/u_mouse/x_pos[3]_i_1_n_0
    SLICE_X4Y6           FDRE                                         r  u_top_vga/u_mouse/x_pos_reg[3]/D
  -------------------------------------------------------------------    -------------------

                         (clock clk100MHz_clk_wiz_0 rise edge)
                                                     10.000    10.000 r  
    W5                                                0.000    10.000 r  clk (IN)
                         net (fo=0)                   0.000    10.000    u_clk_wiz/inst/clk
    W5                   IBUF (Prop_ibuf_I_O)         1.388    11.388 r  u_clk_wiz/inst/clkin1_ibufg/O
                         net (fo=1, routed)           1.162    12.550    u_clk_wiz/inst/clk_clk_wiz_0
    MMCME2_ADV_X1Y0      MMCME2_ADV (Prop_mmcme2_adv_CLKIN1_CLKOUT0)
                                                     -7.217     5.332 r  u_clk_wiz/inst/mmcm_adv_inst/CLKOUT0
                         net (fo=2, routed)           1.581     6.914    u_clk_wiz/inst/clk100MHz_clk_wiz_0
    BUFGCTRL_X0Y1        BUFGCTRL (Prop_bufgctrl_I0_O)
                                                      0.091     7.005 r  u_clk_wiz/inst/clkout1_buf/O
                         net (fo=266, routed)         1.517     8.522    u_top_vga/u_mouse/clk100MHz
    SLICE_X4Y6           FDRE                                         r  u_top_vga/u_mouse/x_pos_reg[3]/C
                         clock pessimism              0.564     9.085    
                         clock uncertainty           -0.074     9.011    
    SLICE_X4Y6           FDRE (Setup_fdre_C_D)        0.032     9.043    u_top_vga/u_mouse/x_pos_reg[3]
  -------------------------------------------------------------------
                         required time                          9.043    
                         arrival time                          -4.119    
  -------------------------------------------------------------------
                         slack                                  4.924    

Slack (MET) :             4.952ns  (required time - arrival time)
  Source:                 u_top_vga/u_mouse/x_pos_reg[0]/C
                            (rising edge-triggered cell FDRE clocked by clk100MHz_clk_wiz_0  {rise@0.000ns fall@5.000ns period=10.000ns})
  Destination:            u_top_vga/u_mouse/x_pos_reg[7]/D
                            (rising edge-triggered cell FDRE clocked by clk100MHz_clk_wiz_0  {rise@0.000ns fall@5.000ns period=10.000ns})
  Path Group:             clk100MHz_clk_wiz_0
  Path Type:              Setup (Max at Slow Process Corner)
  Requirement:            10.000ns  (clk100MHz_clk_wiz_0 rise@10.000ns - clk100MHz_clk_wiz_0 rise@0.000ns)
  Data Path Delay:        5.080ns  (logic 2.711ns (53.364%)  route 2.369ns (46.636%))
  Logic Levels:           7  (CARRY4=4 LUT2=1 LUT3=1 LUT5=1)
  Clock Path Skew:        0.028ns (DCD - SCD + CPR)
    Destination Clock Delay (DCD):    -1.479ns = ( 8.521 - 10.000 ) 
    Source Clock Delay      (SCD):    -0.944ns
    Clock Pessimism Removal (CPR):    0.564ns
  Clock Uncertainty:      0.074ns  ((TSJ^2 + DJ^2)^1/2) / 2 + PE
    Total System Jitter     (TSJ):    0.071ns
    Discrete Jitter          (DJ):    0.131ns
    Phase Error              (PE):    0.000ns

    Location             Delay type                Incr(ns)  Path(ns)    Netlist Resource(s)
  -------------------------------------------------------------------    -------------------
                         (clock clk100MHz_clk_wiz_0 rise edge)
                                                      0.000     0.000 r  
    W5                                                0.000     0.000 r  clk (IN)
                         net (fo=0)                   0.000     0.000    u_clk_wiz/inst/clk
    W5                   IBUF (Prop_ibuf_I_O)         1.458     1.458 r  u_clk_wiz/inst/clkin1_ibufg/O
                         net (fo=1, routed)           1.233     2.691    u_clk_wiz/inst/clk_clk_wiz_0
    MMCME2_ADV_X1Y0      MMCME2_ADV (Prop_mmcme2_adv_CLKIN1_CLKOUT0)
                                                     -6.961    -4.269 r  u_clk_wiz/inst/mmcm_adv_inst/CLKOUT0
                         net (fo=2, routed)           1.661    -2.608    u_clk_wiz/inst/clk100MHz_clk_wiz_0
    BUFGCTRL_X0Y1        BUFGCTRL (Prop_bufgctrl_I0_O)
                                                      0.096    -2.512 r  u_clk_wiz/inst/clkout1_buf/O
                         net (fo=266, routed)         1.568    -0.944    u_top_vga/u_mouse/clk100MHz
    SLICE_X8Y7           FDRE                                         r  u_top_vga/u_mouse/x_pos_reg[0]/C
  -------------------------------------------------------------------    -------------------
    SLICE_X8Y7           FDRE (Prop_fdre_C_Q)         0.518    -0.426 r  u_top_vga/u_mouse/x_pos_reg[0]/Q
                         net (fo=6, routed)           1.209     0.783    u_top_vga/u_mouse/x_pos[0]
    SLICE_X5Y6           LUT3 (Prop_lut3_I0_O)        0.124     0.907 r  u_top_vga/u_mouse/x_pos[3]_i_6/O
                         net (fo=1, routed)           0.000     0.907    u_top_vga/u_mouse/x_pos[3]_i_6_n_0
    SLICE_X5Y6           CARRY4 (Prop_carry4_S[0]_CO[3])
                                                      0.532     1.439 r  u_top_vga/u_mouse/x_pos_reg[3]_i_2/CO[3]
                         net (fo=1, routed)           0.000     1.439    u_top_vga/u_mouse/x_pos_reg[3]_i_2_n_0
    SLICE_X5Y7           CARRY4 (Prop_carry4_CI_CO[3])
                                                      0.114     1.553 r  u_top_vga/u_mouse/x_pos_reg[7]_i_2/CO[3]
                         net (fo=1, routed)           0.000     1.553    u_top_vga/u_mouse/x_pos_reg[7]_i_2_n_0
    SLICE_X5Y8           CARRY4 (Prop_carry4_CI_O[1])
                                                      0.334     1.887 f  u_top_vga/u_mouse/gtOp_carry_i_1/O[1]
                         net (fo=3, routed)           0.668     2.555    u_top_vga/u_mouse/plusOp3[9]
    SLICE_X4Y8           LUT2 (Prop_lut2_I1_O)        0.303     2.858 r  u_top_vga/u_mouse/gtOp_carry_i_4/O
                         net (fo=1, routed)           0.000     2.858    u_top_vga/u_mouse/gtOp_carry_i_4_n_0
    SLICE_X4Y8           CARRY4 (Prop_carry4_S[0]_CO[1])
                                                      0.457     3.315 r  u_top_vga/u_mouse/gtOp_carry/CO[1]
                         net (fo=12, routed)          0.493     3.808    u_top_vga/u_mouse/gtOp
    SLICE_X6Y7           LUT5 (Prop_lut5_I3_O)        0.329     4.137 r  u_top_vga/u_mouse/x_pos[7]_i_1/O
                         net (fo=1, routed)           0.000     4.137    u_top_vga/u_mouse/x_pos[7]_i_1_n_0
    SLICE_X6Y7           FDRE                                         r  u_top_vga/u_mouse/x_pos_reg[7]/D
  -------------------------------------------------------------------    -------------------

                         (clock clk100MHz_clk_wiz_0 rise edge)
                                                     10.000    10.000 r  
    W5                                                0.000    10.000 r  clk (IN)
                         net (fo=0)                   0.000    10.000    u_clk_wiz/inst/clk
    W5                   IBUF (Prop_ibuf_I_O)         1.388    11.388 r  u_clk_wiz/inst/clkin1_ibufg/O
                         net (fo=1, routed)           1.162    12.550    u_clk_wiz/inst/clk_clk_wiz_0
    MMCME2_ADV_X1Y0      MMCME2_ADV (Prop_mmcme2_adv_CLKIN1_CLKOUT0)
                                                     -7.217     5.332 r  u_clk_wiz/inst/mmcm_adv_inst/CLKOUT0
                         net (fo=2, routed)           1.581     6.914    u_clk_wiz/inst/clk100MHz_clk_wiz_0
    BUFGCTRL_X0Y1        BUFGCTRL (Prop_bufgctrl_I0_O)
                                                      0.091     7.005 r  u_clk_wiz/inst/clkout1_buf/O
                         net (fo=266, routed)         1.516     8.521    u_top_vga/u_mouse/clk100MHz
    SLICE_X6Y7           FDRE                                         r  u_top_vga/u_mouse/x_pos_reg[7]/C
                         clock pessimism              0.564     9.084    
                         clock uncertainty           -0.074     9.010    
    SLICE_X6Y7           FDRE (Setup_fdre_C_D)        0.079     9.089    u_top_vga/u_mouse/x_pos_reg[7]
  -------------------------------------------------------------------
                         required time                          9.089    
                         arrival time                          -4.137    
  -------------------------------------------------------------------
                         slack                                  4.952    

Slack (MET) :             4.956ns  (required time - arrival time)
  Source:                 u_top_vga/u_mouse/x_pos_reg[0]/C
                            (rising edge-triggered cell FDRE clocked by clk100MHz_clk_wiz_0  {rise@0.000ns fall@5.000ns period=10.000ns})
  Destination:            u_top_vga/u_mouse/x_pos_reg[6]/D
                            (rising edge-triggered cell FDRE clocked by clk100MHz_clk_wiz_0  {rise@0.000ns fall@5.000ns period=10.000ns})
  Path Group:             clk100MHz_clk_wiz_0
  Path Type:              Setup (Max at Slow Process Corner)
  Requirement:            10.000ns  (clk100MHz_clk_wiz_0 rise@10.000ns - clk100MHz_clk_wiz_0 rise@0.000ns)
  Data Path Delay:        5.076ns  (logic 2.711ns (53.406%)  route 2.365ns (46.594%))
  Logic Levels:           7  (CARRY4=4 LUT2=1 LUT3=1 LUT5=1)
  Clock Path Skew:        0.028ns (DCD - SCD + CPR)
    Destination Clock Delay (DCD):    -1.479ns = ( 8.521 - 10.000 ) 
    Source Clock Delay      (SCD):    -0.944ns
    Clock Pessimism Removal (CPR):    0.564ns
  Clock Uncertainty:      0.074ns  ((TSJ^2 + DJ^2)^1/2) / 2 + PE
    Total System Jitter     (TSJ):    0.071ns
    Discrete Jitter          (DJ):    0.131ns
    Phase Error              (PE):    0.000ns

    Location             Delay type                Incr(ns)  Path(ns)    Netlist Resource(s)
  -------------------------------------------------------------------    -------------------
                         (clock clk100MHz_clk_wiz_0 rise edge)
                                                      0.000     0.000 r  
    W5                                                0.000     0.000 r  clk (IN)
                         net (fo=0)                   0.000     0.000    u_clk_wiz/inst/clk
    W5                   IBUF (Prop_ibuf_I_O)         1.458     1.458 r  u_clk_wiz/inst/clkin1_ibufg/O
                         net (fo=1, routed)           1.233     2.691    u_clk_wiz/inst/clk_clk_wiz_0
    MMCME2_ADV_X1Y0      MMCME2_ADV (Prop_mmcme2_adv_CLKIN1_CLKOUT0)
                                                     -6.961    -4.269 r  u_clk_wiz/inst/mmcm_adv_inst/CLKOUT0
                         net (fo=2, routed)           1.661    -2.608    u_clk_wiz/inst/clk100MHz_clk_wiz_0
    BUFGCTRL_X0Y1        BUFGCTRL (Prop_bufgctrl_I0_O)
                                                      0.096    -2.512 r  u_clk_wiz/inst/clkout1_buf/O
                         net (fo=266, routed)         1.568    -0.944    u_top_vga/u_mouse/clk100MHz
    SLICE_X8Y7           FDRE                                         r  u_top_vga/u_mouse/x_pos_reg[0]/C
  -------------------------------------------------------------------    -------------------
    SLICE_X8Y7           FDRE (Prop_fdre_C_Q)         0.518    -0.426 r  u_top_vga/u_mouse/x_pos_reg[0]/Q
                         net (fo=6, routed)           1.209     0.783    u_top_vga/u_mouse/x_pos[0]
    SLICE_X5Y6           LUT3 (Prop_lut3_I0_O)        0.124     0.907 r  u_top_vga/u_mouse/x_pos[3]_i_6/O
                         net (fo=1, routed)           0.000     0.907    u_top_vga/u_mouse/x_pos[3]_i_6_n_0
    SLICE_X5Y6           CARRY4 (Prop_carry4_S[0]_CO[3])
                                                      0.532     1.439 r  u_top_vga/u_mouse/x_pos_reg[3]_i_2/CO[3]
                         net (fo=1, routed)           0.000     1.439    u_top_vga/u_mouse/x_pos_reg[3]_i_2_n_0
    SLICE_X5Y7           CARRY4 (Prop_carry4_CI_CO[3])
                                                      0.114     1.553 r  u_top_vga/u_mouse/x_pos_reg[7]_i_2/CO[3]
                         net (fo=1, routed)           0.000     1.553    u_top_vga/u_mouse/x_pos_reg[7]_i_2_n_0
    SLICE_X5Y8           CARRY4 (Prop_carry4_CI_O[1])
                                                      0.334     1.887 f  u_top_vga/u_mouse/gtOp_carry_i_1/O[1]
                         net (fo=3, routed)           0.668     2.555    u_top_vga/u_mouse/plusOp3[9]
    SLICE_X4Y8           LUT2 (Prop_lut2_I1_O)        0.303     2.858 r  u_top_vga/u_mouse/gtOp_carry_i_4/O
                         net (fo=1, routed)           0.000     2.858    u_top_vga/u_mouse/gtOp_carry_i_4_n_0
    SLICE_X4Y8           CARRY4 (Prop_carry4_S[0]_CO[1])
                                                      0.457     3.315 r  u_top_vga/u_mouse/gtOp_carry/CO[1]
                         net (fo=12, routed)          0.489     3.804    u_top_vga/u_mouse/gtOp
    SLICE_X6Y7           LUT5 (Prop_lut5_I3_O)        0.329     4.133 r  u_top_vga/u_mouse/x_pos[6]_i_1/O
                         net (fo=1, routed)           0.000     4.133    u_top_vga/u_mouse/x_pos[6]_i_1_n_0
    SLICE_X6Y7           FDRE                                         r  u_top_vga/u_mouse/x_pos_reg[6]/D
  -------------------------------------------------------------------    -------------------

                         (clock clk100MHz_clk_wiz_0 rise edge)
                                                     10.000    10.000 r  
    W5                                                0.000    10.000 r  clk (IN)
                         net (fo=0)                   0.000    10.000    u_clk_wiz/inst/clk
    W5                   IBUF (Prop_ibuf_I_O)         1.388    11.388 r  u_clk_wiz/inst/clkin1_ibufg/O
                         net (fo=1, routed)           1.162    12.550    u_clk_wiz/inst/clk_clk_wiz_0
    MMCME2_ADV_X1Y0      MMCME2_ADV (Prop_mmcme2_adv_CLKIN1_CLKOUT0)
                                                     -7.217     5.332 r  u_clk_wiz/inst/mmcm_adv_inst/CLKOUT0
                         net (fo=2, routed)           1.581     6.914    u_clk_wiz/inst/clk100MHz_clk_wiz_0
    BUFGCTRL_X0Y1        BUFGCTRL (Prop_bufgctrl_I0_O)
                                                      0.091     7.005 r  u_clk_wiz/inst/clkout1_buf/O
                         net (fo=266, routed)         1.516     8.521    u_top_vga/u_mouse/clk100MHz
    SLICE_X6Y7           FDRE                                         r  u_top_vga/u_mouse/x_pos_reg[6]/C
                         clock pessimism              0.564     9.084    
                         clock uncertainty           -0.074     9.010    
    SLICE_X6Y7           FDRE (Setup_fdre_C_D)        0.079     9.089    u_top_vga/u_mouse/x_pos_reg[6]
  -------------------------------------------------------------------
                         required time                          9.089    
                         arrival time                          -4.133    
  -------------------------------------------------------------------
                         slack                                  4.956    

Slack (MET) :             5.064ns  (required time - arrival time)
  Source:                 u_top_vga/u_mouse/x_pos_reg[0]/C
                            (rising edge-triggered cell FDRE clocked by clk100MHz_clk_wiz_0  {rise@0.000ns fall@5.000ns period=10.000ns})
  Destination:            u_top_vga/u_mouse/x_pos_reg[11]/D
                            (rising edge-triggered cell FDRE clocked by clk100MHz_clk_wiz_0  {rise@0.000ns fall@5.000ns period=10.000ns})
  Path Group:             clk100MHz_clk_wiz_0
  Path Type:              Setup (Max at Slow Process Corner)
  Requirement:            10.000ns  (clk100MHz_clk_wiz_0 rise@10.000ns - clk100MHz_clk_wiz_0 rise@0.000ns)
  Data Path Delay:        4.969ns  (logic 2.711ns (54.561%)  route 2.258ns (45.439%))
  Logic Levels:           7  (CARRY4=4 LUT2=1 LUT3=2)
  Clock Path Skew:        0.028ns (DCD - SCD + CPR)
    Destination Clock Delay (DCD):    -1.479ns = ( 8.521 - 10.000 ) 
    Source Clock Delay      (SCD):    -0.944ns
    Clock Pessimism Removal (CPR):    0.564ns
  Clock Uncertainty:      0.074ns  ((TSJ^2 + DJ^2)^1/2) / 2 + PE
    Total System Jitter     (TSJ):    0.071ns
    Discrete Jitter          (DJ):    0.131ns
    Phase Error              (PE):    0.000ns

    Location             Delay type                Incr(ns)  Path(ns)    Netlist Resource(s)
  -------------------------------------------------------------------    -------------------
                         (clock clk100MHz_clk_wiz_0 rise edge)
                                                      0.000     0.000 r  
    W5                                                0.000     0.000 r  clk (IN)
                         net (fo=0)                   0.000     0.000    u_clk_wiz/inst/clk
    W5                   IBUF (Prop_ibuf_I_O)         1.458     1.458 r  u_clk_wiz/inst/clkin1_ibufg/O
                         net (fo=1, routed)           1.233     2.691    u_clk_wiz/inst/clk_clk_wiz_0
    MMCME2_ADV_X1Y0      MMCME2_ADV (Prop_mmcme2_adv_CLKIN1_CLKOUT0)
                                                     -6.961    -4.269 r  u_clk_wiz/inst/mmcm_adv_inst/CLKOUT0
                         net (fo=2, routed)           1.661    -2.608    u_clk_wiz/inst/clk100MHz_clk_wiz_0
    BUFGCTRL_X0Y1        BUFGCTRL (Prop_bufgctrl_I0_O)
                                                      0.096    -2.512 r  u_clk_wiz/inst/clkout1_buf/O
                         net (fo=266, routed)         1.568    -0.944    u_top_vga/u_mouse/clk100MHz
    SLICE_X8Y7           FDRE                                         r  u_top_vga/u_mouse/x_pos_reg[0]/C
  -------------------------------------------------------------------    -------------------
    SLICE_X8Y7           FDRE (Prop_fdre_C_Q)         0.518    -0.426 r  u_top_vga/u_mouse/x_pos_reg[0]/Q
                         net (fo=6, routed)           1.209     0.783    u_top_vga/u_mouse/x_pos[0]
    SLICE_X5Y6           LUT3 (Prop_lut3_I0_O)        0.124     0.907 r  u_top_vga/u_mouse/x_pos[3]_i_6/O
                         net (fo=1, routed)           0.000     0.907    u_top_vga/u_mouse/x_pos[3]_i_6_n_0
    SLICE_X5Y6           CARRY4 (Prop_carry4_S[0]_CO[3])
                                                      0.532     1.439 r  u_top_vga/u_mouse/x_pos_reg[3]_i_2/CO[3]
                         net (fo=1, routed)           0.000     1.439    u_top_vga/u_mouse/x_pos_reg[3]_i_2_n_0
    SLICE_X5Y7           CARRY4 (Prop_carry4_CI_CO[3])
                                                      0.114     1.553 r  u_top_vga/u_mouse/x_pos_reg[7]_i_2/CO[3]
                         net (fo=1, routed)           0.000     1.553    u_top_vga/u_mouse/x_pos_reg[7]_i_2_n_0
    SLICE_X5Y8           CARRY4 (Prop_carry4_CI_O[1])
                                                      0.334     1.887 f  u_top_vga/u_mouse/gtOp_carry_i_1/O[1]
                         net (fo=3, routed)           0.668     2.555    u_top_vga/u_mouse/plusOp3[9]
    SLICE_X4Y8           LUT2 (Prop_lut2_I1_O)        0.303     2.858 r  u_top_vga/u_mouse/gtOp_carry_i_4/O
                         net (fo=1, routed)           0.000     2.858    u_top_vga/u_mouse/gtOp_carry_i_4_n_0
    SLICE_X4Y8           CARRY4 (Prop_carry4_S[0]_CO[1])
                                                      0.457     3.315 f  u_top_vga/u_mouse/gtOp_carry/CO[1]
                         net (fo=12, routed)          0.381     3.696    u_top_vga/u_mouse/gtOp
    SLICE_X6Y8           LUT3 (Prop_lut3_I0_O)        0.329     4.025 r  u_top_vga/u_mouse/x_pos[11]_i_1/O
                         net (fo=1, routed)           0.000     4.025    u_top_vga/u_mouse/x_pos[11]_i_1_n_0
    SLICE_X6Y8           FDRE                                         r  u_top_vga/u_mouse/x_pos_reg[11]/D
  -------------------------------------------------------------------    -------------------

                         (clock clk100MHz_clk_wiz_0 rise edge)
                                                     10.000    10.000 r  
    W5                                                0.000    10.000 r  clk (IN)
                         net (fo=0)                   0.000    10.000    u_clk_wiz/inst/clk
    W5                   IBUF (Prop_ibuf_I_O)         1.388    11.388 r  u_clk_wiz/inst/clkin1_ibufg/O
                         net (fo=1, routed)           1.162    12.550    u_clk_wiz/inst/clk_clk_wiz_0
    MMCME2_ADV_X1Y0      MMCME2_ADV (Prop_mmcme2_adv_CLKIN1_CLKOUT0)
                                                     -7.217     5.332 r  u_clk_wiz/inst/mmcm_adv_inst/CLKOUT0
                         net (fo=2, routed)           1.581     6.914    u_clk_wiz/inst/clk100MHz_clk_wiz_0
    BUFGCTRL_X0Y1        BUFGCTRL (Prop_bufgctrl_I0_O)
                                                      0.091     7.005 r  u_clk_wiz/inst/clkout1_buf/O
                         net (fo=266, routed)         1.516     8.521    u_top_vga/u_mouse/clk100MHz
    SLICE_X6Y8           FDRE                                         r  u_top_vga/u_mouse/x_pos_reg[11]/C
                         clock pessimism              0.564     9.084    
                         clock uncertainty           -0.074     9.010    
    SLICE_X6Y8           FDRE (Setup_fdre_C_D)        0.079     9.089    u_top_vga/u_mouse/x_pos_reg[11]
  -------------------------------------------------------------------
                         required time                          9.089    
                         arrival time                          -4.025    
  -------------------------------------------------------------------
                         slack                                  5.064    

Slack (MET) :             5.068ns  (required time - arrival time)
  Source:                 u_top_vga/u_mouse/x_pos_reg[0]/C
                            (rising edge-triggered cell FDRE clocked by clk100MHz_clk_wiz_0  {rise@0.000ns fall@5.000ns period=10.000ns})
  Destination:            u_top_vga/u_mouse/x_pos_reg[10]/D
                            (rising edge-triggered cell FDRE clocked by clk100MHz_clk_wiz_0  {rise@0.000ns fall@5.000ns period=10.000ns})
  Path Group:             clk100MHz_clk_wiz_0
  Path Type:              Setup (Max at Slow Process Corner)
  Requirement:            10.000ns  (clk100MHz_clk_wiz_0 rise@10.000ns - clk100MHz_clk_wiz_0 rise@0.000ns)
  Data Path Delay:        4.963ns  (logic 2.711ns (54.627%)  route 2.252ns (45.373%))
  Logic Levels:           7  (CARRY4=4 LUT2=1 LUT3=1 LUT5=1)
  Clock Path Skew:        0.028ns (DCD - SCD + CPR)
    Destination Clock Delay (DCD):    -1.479ns = ( 8.521 - 10.000 ) 
    Source Clock Delay      (SCD):    -0.944ns
    Clock Pessimism Removal (CPR):    0.564ns
  Clock Uncertainty:      0.074ns  ((TSJ^2 + DJ^2)^1/2) / 2 + PE
    Total System Jitter     (TSJ):    0.071ns
    Discrete Jitter          (DJ):    0.131ns
    Phase Error              (PE):    0.000ns

    Location             Delay type                Incr(ns)  Path(ns)    Netlist Resource(s)
  -------------------------------------------------------------------    -------------------
                         (clock clk100MHz_clk_wiz_0 rise edge)
                                                      0.000     0.000 r  
    W5                                                0.000     0.000 r  clk (IN)
                         net (fo=0)                   0.000     0.000    u_clk_wiz/inst/clk
    W5                   IBUF (Prop_ibuf_I_O)         1.458     1.458 r  u_clk_wiz/inst/clkin1_ibufg/O
                         net (fo=1, routed)           1.233     2.691    u_clk_wiz/inst/clk_clk_wiz_0
    MMCME2_ADV_X1Y0      MMCME2_ADV (Prop_mmcme2_adv_CLKIN1_CLKOUT0)
                                                     -6.961    -4.269 r  u_clk_wiz/inst/mmcm_adv_inst/CLKOUT0
                         net (fo=2, routed)           1.661    -2.608    u_clk_wiz/inst/clk100MHz_clk_wiz_0
    BUFGCTRL_X0Y1        BUFGCTRL (Prop_bufgctrl_I0_O)
                                                      0.096    -2.512 r  u_clk_wiz/inst/clkout1_buf/O
                         net (fo=266, routed)         1.568    -0.944    u_top_vga/u_mouse/clk100MHz
    SLICE_X8Y7           FDRE                                         r  u_top_vga/u_mouse/x_pos_reg[0]/C
  -------------------------------------------------------------------    -------------------
    SLICE_X8Y7           FDRE (Prop_fdre_C_Q)         0.518    -0.426 r  u_top_vga/u_mouse/x_pos_reg[0]/Q
                         net (fo=6, routed)           1.209     0.783    u_top_vga/u_mouse/x_pos[0]
    SLICE_X5Y6           LUT3 (Prop_lut3_I0_O)        0.124     0.907 r  u_top_vga/u_mouse/x_pos[3]_i_6/O
                         net (fo=1, routed)           0.000     0.907    u_top_vga/u_mouse/x_pos[3]_i_6_n_0
    SLICE_X5Y6           CARRY4 (Prop_carry4_S[0]_CO[3])
                                                      0.532     1.439 r  u_top_vga/u_mouse/x_pos_reg[3]_i_2/CO[3]
                         net (fo=1, routed)           0.000     1.439    u_top_vga/u_mouse/x_pos_reg[3]_i_2_n_0
    SLICE_X5Y7           CARRY4 (Prop_carry4_CI_CO[3])
                                                      0.114     1.553 r  u_top_vga/u_mouse/x_pos_reg[7]_i_2/CO[3]
                         net (fo=1, routed)           0.000     1.553    u_top_vga/u_mouse/x_pos_reg[7]_i_2_n_0
    SLICE_X5Y8           CARRY4 (Prop_carry4_CI_O[1])
                                                      0.334     1.887 f  u_top_vga/u_mouse/gtOp_carry_i_1/O[1]
                         net (fo=3, routed)           0.668     2.555    u_top_vga/u_mouse/plusOp3[9]
    SLICE_X4Y8           LUT2 (Prop_lut2_I1_O)        0.303     2.858 r  u_top_vga/u_mouse/gtOp_carry_i_4/O
                         net (fo=1, routed)           0.000     2.858    u_top_vga/u_mouse/gtOp_carry_i_4_n_0
    SLICE_X4Y8           CARRY4 (Prop_carry4_S[0]_CO[1])
                                                      0.457     3.315 r  u_top_vga/u_mouse/gtOp_carry/CO[1]
                         net (fo=12, routed)          0.375     3.690    u_top_vga/u_mouse/gtOp
    SLICE_X6Y8           LUT5 (Prop_lut5_I3_O)        0.329     4.019 r  u_top_vga/u_mouse/x_pos[10]_i_1/O
                         net (fo=1, routed)           0.000     4.019    u_top_vga/u_mouse/x_pos[10]_i_1_n_0
    SLICE_X6Y8           FDRE                                         r  u_top_vga/u_mouse/x_pos_reg[10]/D
  -------------------------------------------------------------------    -------------------

                         (clock clk100MHz_clk_wiz_0 rise edge)
                                                     10.000    10.000 r  
    W5                                                0.000    10.000 r  clk (IN)
                         net (fo=0)                   0.000    10.000    u_clk_wiz/inst/clk
    W5                   IBUF (Prop_ibuf_I_O)         1.388    11.388 r  u_clk_wiz/inst/clkin1_ibufg/O
                         net (fo=1, routed)           1.162    12.550    u_clk_wiz/inst/clk_clk_wiz_0
    MMCME2_ADV_X1Y0      MMCME2_ADV (Prop_mmcme2_adv_CLKIN1_CLKOUT0)
                                                     -7.217     5.332 r  u_clk_wiz/inst/mmcm_adv_inst/CLKOUT0
                         net (fo=2, routed)           1.581     6.914    u_clk_wiz/inst/clk100MHz_clk_wiz_0
    BUFGCTRL_X0Y1        BUFGCTRL (Prop_bufgctrl_I0_O)
                                                      0.091     7.005 r  u_clk_wiz/inst/clkout1_buf/O
                         net (fo=266, routed)         1.516     8.521    u_top_vga/u_mouse/clk100MHz
    SLICE_X6Y8           FDRE                                         r  u_top_vga/u_mouse/x_pos_reg[10]/C
                         clock pessimism              0.564     9.084    
                         clock uncertainty           -0.074     9.010    
    SLICE_X6Y8           FDRE (Setup_fdre_C_D)        0.077     9.087    u_top_vga/u_mouse/x_pos_reg[10]
  -------------------------------------------------------------------
                         required time                          9.087    
                         arrival time                          -4.019    
  -------------------------------------------------------------------
                         slack                                  5.068    





Min Delay Paths
--------------------------------------------------------------------------------------
Slack (MET) :             0.160ns  (arrival time - required time)
  Source:                 u_clk_wiz/inst/seq_reg1_reg[0]/C
                            (rising edge-triggered cell FDRE clocked by clk100MHz_clk_wiz_0  {rise@0.000ns fall@5.000ns period=10.000ns})
  Destination:            u_clk_wiz/inst/seq_reg1_reg[1]/D
                            (rising edge-triggered cell FDRE clocked by clk100MHz_clk_wiz_0  {rise@0.000ns fall@5.000ns period=10.000ns})
  Path Group:             clk100MHz_clk_wiz_0
  Path Type:              Hold (Min at Fast Process Corner)
  Requirement:            0.000ns  (clk100MHz_clk_wiz_0 rise@0.000ns - clk100MHz_clk_wiz_0 rise@0.000ns)
  Data Path Delay:        0.220ns  (logic 0.164ns (74.580%)  route 0.056ns (25.420%))
  Logic Levels:           0  
  Clock Path Skew:        0.000ns (DCD - SCD - CPR)
    Destination Clock Delay (DCD):    -1.301ns
    Source Clock Delay      (SCD):    -1.035ns
    Clock Pessimism Removal (CPR):    -0.266ns

    Location             Delay type                Incr(ns)  Path(ns)    Netlist Resource(s)
  -------------------------------------------------------------------    -------------------
                         (clock clk100MHz_clk_wiz_0 rise edge)
                                                      0.000     0.000 r  
    W5                                                0.000     0.000 r  clk (IN)
                         net (fo=0)                   0.000     0.000    u_clk_wiz/inst/clk
    W5                   IBUF (Prop_ibuf_I_O)         0.226     0.226 r  u_clk_wiz/inst/clkin1_ibufg/O
                         net (fo=1, routed)           0.440     0.667    u_clk_wiz/inst/clk_clk_wiz_0
    MMCME2_ADV_X1Y0      MMCME2_ADV (Prop_mmcme2_adv_CLKIN1_CLKOUT0)
                                                     -2.360    -1.693 r  u_clk_wiz/inst/mmcm_adv_inst/CLKOUT0
                         net (fo=2, routed)           0.366    -1.327    u_clk_wiz/inst/clk100MHz_clk_wiz_0
    BUFHCE_X0Y0          BUFH (Prop_bufh_I_O)         0.020    -1.307 r  u_clk_wiz/inst/clkout1_buf_en/O
                         net (fo=8, routed)           0.272    -1.035    u_clk_wiz/inst/clk100MHz_clk_wiz_0_en_clk
    SLICE_X34Y46         FDRE                                         r  u_clk_wiz/inst/seq_reg1_reg[0]/C
  -------------------------------------------------------------------    -------------------
    SLICE_X34Y46         FDRE (Prop_fdre_C_Q)         0.164    -0.871 r  u_clk_wiz/inst/seq_reg1_reg[0]/Q
                         net (fo=1, routed)           0.056    -0.815    u_clk_wiz/inst/seq_reg1[0]
    SLICE_X34Y46         FDRE                                         r  u_clk_wiz/inst/seq_reg1_reg[1]/D
  -------------------------------------------------------------------    -------------------

                         (clock clk100MHz_clk_wiz_0 rise edge)
                                                      0.000     0.000 r  
    W5                                                0.000     0.000 r  clk (IN)
                         net (fo=0)                   0.000     0.000    u_clk_wiz/inst/clk
    W5                   IBUF (Prop_ibuf_I_O)         0.414     0.414 r  u_clk_wiz/inst/clkin1_ibufg/O
                         net (fo=1, routed)           0.480     0.894    u_clk_wiz/inst/clk_clk_wiz_0
    MMCME2_ADV_X1Y0      MMCME2_ADV (Prop_mmcme2_adv_CLKIN1_CLKOUT0)
                                                     -3.142    -2.248 r  u_clk_wiz/inst/mmcm_adv_inst/CLKOUT0
                         net (fo=2, routed)           0.407    -1.841    u_clk_wiz/inst/clk100MHz_clk_wiz_0
    BUFHCE_X0Y0          BUFH (Prop_bufh_I_O)         0.043    -1.798 r  u_clk_wiz/inst/clkout1_buf_en/O
                         net (fo=8, routed)           0.497    -1.301    u_clk_wiz/inst/clk100MHz_clk_wiz_0_en_clk
    SLICE_X34Y46         FDRE                                         r  u_clk_wiz/inst/seq_reg1_reg[1]/C
                         clock pessimism              0.266    -1.035    
    SLICE_X34Y46         FDRE (Hold_fdre_C_D)         0.060    -0.975    u_clk_wiz/inst/seq_reg1_reg[1]
  -------------------------------------------------------------------
                         required time                          0.975    
                         arrival time                          -0.815    
  -------------------------------------------------------------------
                         slack                                  0.160    

Slack (MET) :             0.170ns  (arrival time - required time)
  Source:                 u_top_vga/u_mouse/Inst_Ps2Interface/FSM_onehot_state_reg[5]/C
                            (rising edge-triggered cell FDCE clocked by clk100MHz_clk_wiz_0  {rise@0.000ns fall@5.000ns period=10.000ns})
  Destination:            u_top_vga/u_mouse/Inst_Ps2Interface/read_data_reg/D
                            (rising edge-triggered cell FDRE clocked by clk100MHz_clk_wiz_0  {rise@0.000ns fall@5.000ns period=10.000ns})
  Path Group:             clk100MHz_clk_wiz_0
  Path Type:              Hold (Min at Fast Process Corner)
  Requirement:            0.000ns  (clk100MHz_clk_wiz_0 rise@0.000ns - clk100MHz_clk_wiz_0 rise@0.000ns)
  Data Path Delay:        0.262ns  (logic 0.141ns (53.794%)  route 0.121ns (46.206%))
  Logic Levels:           0  
  Clock Path Skew:        0.016ns (DCD - SCD - CPR)
    Destination Clock Delay (DCD):    -0.825ns
    Source Clock Delay      (SCD):    -0.587ns
    Clock Pessimism Removal (CPR):    -0.253ns

    Location             Delay type                Incr(ns)  Path(ns)    Netlist Resource(s)
  -------------------------------------------------------------------    -------------------
                         (clock clk100MHz_clk_wiz_0 rise edge)
                                                      0.000     0.000 r  
    W5                                                0.000     0.000 r  clk (IN)
                         net (fo=0)                   0.000     0.000    u_clk_wiz/inst/clk
    W5                   IBUF (Prop_ibuf_I_O)         0.226     0.226 r  u_clk_wiz/inst/clkin1_ibufg/O
                         net (fo=1, routed)           0.440     0.667    u_clk_wiz/inst/clk_clk_wiz_0
    MMCME2_ADV_X1Y0      MMCME2_ADV (Prop_mmcme2_adv_CLKIN1_CLKOUT0)
                                                     -2.360    -1.693 r  u_clk_wiz/inst/mmcm_adv_inst/CLKOUT0
                         net (fo=2, routed)           0.486    -1.207    u_clk_wiz/inst/clk100MHz_clk_wiz_0
    BUFGCTRL_X0Y1        BUFGCTRL (Prop_bufgctrl_I0_O)
                                                      0.026    -1.181 r  u_clk_wiz/inst/clkout1_buf/O
                         net (fo=266, routed)         0.594    -0.587    u_top_vga/u_mouse/Inst_Ps2Interface/clk100MHz
    SLICE_X1Y7           FDCE                                         r  u_top_vga/u_mouse/Inst_Ps2Interface/FSM_onehot_state_reg[5]/C
  -------------------------------------------------------------------    -------------------
    SLICE_X1Y7           FDCE (Prop_fdce_C_Q)         0.141    -0.446 r  u_top_vga/u_mouse/Inst_Ps2Interface/FSM_onehot_state_reg[5]/Q
                         net (fo=3, routed)           0.121    -0.325    u_top_vga/u_mouse/Inst_Ps2Interface/FSM_onehot_state_reg_n_0_[5]
    SLICE_X1Y8           FDRE                                         r  u_top_vga/u_mouse/Inst_Ps2Interface/read_data_reg/D
  -------------------------------------------------------------------    -------------------

                         (clock clk100MHz_clk_wiz_0 rise edge)
                                                      0.000     0.000 r  
    W5                                                0.000     0.000 r  clk (IN)
                         net (fo=0)                   0.000     0.000    u_clk_wiz/inst/clk
    W5                   IBUF (Prop_ibuf_I_O)         0.414     0.414 r  u_clk_wiz/inst/clkin1_ibufg/O
                         net (fo=1, routed)           0.480     0.894    u_clk_wiz/inst/clk_clk_wiz_0
    MMCME2_ADV_X1Y0      MMCME2_ADV (Prop_mmcme2_adv_CLKIN1_CLKOUT0)
                                                     -3.142    -2.248 r  u_clk_wiz/inst/mmcm_adv_inst/CLKOUT0
                         net (fo=2, routed)           0.530    -1.718    u_clk_wiz/inst/clk100MHz_clk_wiz_0
    BUFGCTRL_X0Y1        BUFGCTRL (Prop_bufgctrl_I0_O)
                                                      0.029    -1.689 r  u_clk_wiz/inst/clkout1_buf/O
                         net (fo=266, routed)         0.865    -0.825    u_top_vga/u_mouse/Inst_Ps2Interface/clk100MHz
    SLICE_X1Y8           FDRE                                         r  u_top_vga/u_mouse/Inst_Ps2Interface/read_data_reg/C
                         clock pessimism              0.253    -0.571    
    SLICE_X1Y8           FDRE (Hold_fdre_C_D)         0.076    -0.495    u_top_vga/u_mouse/Inst_Ps2Interface/read_data_reg
  -------------------------------------------------------------------
                         required time                          0.495    
                         arrival time                          -0.325    
  -------------------------------------------------------------------
                         slack                                  0.170    

Slack (MET) :             0.170ns  (arrival time - required time)
  Source:                 u_top_vga/u_mouse/Inst_Ps2Interface/frame_reg[8]/C
                            (rising edge-triggered cell FDRE clocked by clk100MHz_clk_wiz_0  {rise@0.000ns fall@5.000ns period=10.000ns})
  Destination:            u_top_vga/u_mouse/Inst_Ps2Interface/rx_data_reg[7]/D
                            (rising edge-triggered cell FDRE clocked by clk100MHz_clk_wiz_0  {rise@0.000ns fall@5.000ns period=10.000ns})
  Path Group:             clk100MHz_clk_wiz_0
  Path Type:              Hold (Min at Fast Process Corner)
  Requirement:            0.000ns  (clk100MHz_clk_wiz_0 rise@0.000ns - clk100MHz_clk_wiz_0 rise@0.000ns)
  Data Path Delay:        0.262ns  (logic 0.141ns (53.794%)  route 0.121ns (46.206%))
  Logic Levels:           0  
  Clock Path Skew:        0.016ns (DCD - SCD - CPR)
    Destination Clock Delay (DCD):    -0.825ns
    Source Clock Delay      (SCD):    -0.587ns
    Clock Pessimism Removal (CPR):    -0.253ns

    Location             Delay type                Incr(ns)  Path(ns)    Netlist Resource(s)
  -------------------------------------------------------------------    -------------------
                         (clock clk100MHz_clk_wiz_0 rise edge)
                                                      0.000     0.000 r  
    W5                                                0.000     0.000 r  clk (IN)
                         net (fo=0)                   0.000     0.000    u_clk_wiz/inst/clk
    W5                   IBUF (Prop_ibuf_I_O)         0.226     0.226 r  u_clk_wiz/inst/clkin1_ibufg/O
                         net (fo=1, routed)           0.440     0.667    u_clk_wiz/inst/clk_clk_wiz_0
    MMCME2_ADV_X1Y0      MMCME2_ADV (Prop_mmcme2_adv_CLKIN1_CLKOUT0)
                                                     -2.360    -1.693 r  u_clk_wiz/inst/mmcm_adv_inst/CLKOUT0
                         net (fo=2, routed)           0.486    -1.207    u_clk_wiz/inst/clk100MHz_clk_wiz_0
    BUFGCTRL_X0Y1        BUFGCTRL (Prop_bufgctrl_I0_O)
                                                      0.026    -1.181 r  u_clk_wiz/inst/clkout1_buf/O
                         net (fo=266, routed)         0.594    -0.587    u_top_vga/u_mouse/Inst_Ps2Interface/clk100MHz
    SLICE_X3Y8           FDRE                                         r  u_top_vga/u_mouse/Inst_Ps2Interface/frame_reg[8]/C
  -------------------------------------------------------------------    -------------------
    SLICE_X3Y8           FDRE (Prop_fdre_C_Q)         0.141    -0.446 r  u_top_vga/u_mouse/Inst_Ps2Interface/frame_reg[8]/Q
                         net (fo=3, routed)           0.121    -0.325    u_top_vga/u_mouse/Inst_Ps2Interface/CONV_INTEGER[7]
    SLICE_X3Y7           FDRE                                         r  u_top_vga/u_mouse/Inst_Ps2Interface/rx_data_reg[7]/D
  -------------------------------------------------------------------    -------------------

                         (clock clk100MHz_clk_wiz_0 rise edge)
                                                      0.000     0.000 r  
    W5                                                0.000     0.000 r  clk (IN)
                         net (fo=0)                   0.000     0.000    u_clk_wiz/inst/clk
    W5                   IBUF (Prop_ibuf_I_O)         0.414     0.414 r  u_clk_wiz/inst/clkin1_ibufg/O
                         net (fo=1, routed)           0.480     0.894    u_clk_wiz/inst/clk_clk_wiz_0
    MMCME2_ADV_X1Y0      MMCME2_ADV (Prop_mmcme2_adv_CLKIN1_CLKOUT0)
                                                     -3.142    -2.248 r  u_clk_wiz/inst/mmcm_adv_inst/CLKOUT0
                         net (fo=2, routed)           0.530    -1.718    u_clk_wiz/inst/clk100MHz_clk_wiz_0
    BUFGCTRL_X0Y1        BUFGCTRL (Prop_bufgctrl_I0_O)
                                                      0.029    -1.689 r  u_clk_wiz/inst/clkout1_buf/O
                         net (fo=266, routed)         0.865    -0.825    u_top_vga/u_mouse/Inst_Ps2Interface/clk100MHz
    SLICE_X3Y7           FDRE                                         r  u_top_vga/u_mouse/Inst_Ps2Interface/rx_data_reg[7]/C
                         clock pessimism              0.253    -0.571    
    SLICE_X3Y7           FDRE (Hold_fdre_C_D)         0.076    -0.495    u_top_vga/u_mouse/Inst_Ps2Interface/rx_data_reg[7]
  -------------------------------------------------------------------
                         required time                          0.495    
                         arrival time                          -0.325    
  -------------------------------------------------------------------
                         slack                                  0.170    

Slack (MET) :             0.180ns  (arrival time - required time)
  Source:                 u_top_vga/u_mouse/Inst_Ps2Interface/delay_20us_count_reg[1]/C
                            (rising edge-triggered cell FDRE clocked by clk100MHz_clk_wiz_0  {rise@0.000ns fall@5.000ns period=10.000ns})
  Destination:            u_top_vga/u_mouse/Inst_Ps2Interface/delay_20us_count_reg[2]/D
                            (rising edge-triggered cell FDRE clocked by clk100MHz_clk_wiz_0  {rise@0.000ns fall@5.000ns period=10.000ns})
  Path Group:             clk100MHz_clk_wiz_0
  Path Type:              Hold (Min at Fast Process Corner)
  Requirement:            0.000ns  (clk100MHz_clk_wiz_0 rise@0.000ns - clk100MHz_clk_wiz_0 rise@0.000ns)
  Data Path Delay:        0.298ns  (logic 0.189ns (63.440%)  route 0.109ns (36.560%))
  Logic Levels:           1  (LUT3=1)
  Clock Path Skew:        0.013ns (DCD - SCD - CPR)
    Destination Clock Delay (DCD):    -0.823ns
    Source Clock Delay      (SCD):    -0.585ns
    Clock Pessimism Removal (CPR):    -0.250ns

    Location             Delay type                Incr(ns)  Path(ns)    Netlist Resource(s)
  -------------------------------------------------------------------    -------------------
                         (clock clk100MHz_clk_wiz_0 rise edge)
                                                      0.000     0.000 r  
    W5                                                0.000     0.000 r  clk (IN)
                         net (fo=0)                   0.000     0.000    u_clk_wiz/inst/clk
    W5                   IBUF (Prop_ibuf_I_O)         0.226     0.226 r  u_clk_wiz/inst/clkin1_ibufg/O
                         net (fo=1, routed)           0.440     0.667    u_clk_wiz/inst/clk_clk_wiz_0
    MMCME2_ADV_X1Y0      MMCME2_ADV (Prop_mmcme2_adv_CLKIN1_CLKOUT0)
                                                     -2.360    -1.693 r  u_clk_wiz/inst/mmcm_adv_inst/CLKOUT0
                         net (fo=2, routed)           0.486    -1.207    u_clk_wiz/inst/clk100MHz_clk_wiz_0
    BUFGCTRL_X0Y1        BUFGCTRL (Prop_bufgctrl_I0_O)
                                                      0.026    -1.181 r  u_clk_wiz/inst/clkout1_buf/O
                         net (fo=266, routed)         0.596    -0.585    u_top_vga/u_mouse/Inst_Ps2Interface/clk100MHz
    SLICE_X0Y0           FDRE                                         r  u_top_vga/u_mouse/Inst_Ps2Interface/delay_20us_count_reg[1]/C
  -------------------------------------------------------------------    -------------------
    SLICE_X0Y0           FDRE (Prop_fdre_C_Q)         0.141    -0.444 r  u_top_vga/u_mouse/Inst_Ps2Interface/delay_20us_count_reg[1]/Q
                         net (fo=7, routed)           0.109    -0.335    u_top_vga/u_mouse/Inst_Ps2Interface/delay_20us_count_reg_n_0_[1]
    SLICE_X1Y0           LUT3 (Prop_lut3_I2_O)        0.048    -0.287 r  u_top_vga/u_mouse/Inst_Ps2Interface/delay_20us_count[2]_i_1/O
                         net (fo=1, routed)           0.000    -0.287    u_top_vga/u_mouse/Inst_Ps2Interface/delay_20us_count[2]_i_1_n_0
    SLICE_X1Y0           FDRE                                         r  u_top_vga/u_mouse/Inst_Ps2Interface/delay_20us_count_reg[2]/D
  -------------------------------------------------------------------    -------------------

                         (clock clk100MHz_clk_wiz_0 rise edge)
                                                      0.000     0.000 r  
    W5                                                0.000     0.000 r  clk (IN)
                         net (fo=0)                   0.000     0.000    u_clk_wiz/inst/clk
    W5                   IBUF (Prop_ibuf_I_O)         0.414     0.414 r  u_clk_wiz/inst/clkin1_ibufg/O
                         net (fo=1, routed)           0.480     0.894    u_clk_wiz/inst/clk_clk_wiz_0
    MMCME2_ADV_X1Y0      MMCME2_ADV (Prop_mmcme2_adv_CLKIN1_CLKOUT0)
                                                     -3.142    -2.248 r  u_clk_wiz/inst/mmcm_adv_inst/CLKOUT0
                         net (fo=2, routed)           0.530    -1.718    u_clk_wiz/inst/clk100MHz_clk_wiz_0
    BUFGCTRL_X0Y1        BUFGCTRL (Prop_bufgctrl_I0_O)
                                                      0.029    -1.689 r  u_clk_wiz/inst/clkout1_buf/O
                         net (fo=266, routed)         0.867    -0.823    u_top_vga/u_mouse/Inst_Ps2Interface/clk100MHz
    SLICE_X1Y0           FDRE                                         r  u_top_vga/u_mouse/Inst_Ps2Interface/delay_20us_count_reg[2]/C
                         clock pessimism              0.250    -0.572    
    SLICE_X1Y0           FDRE (Hold_fdre_C_D)         0.105    -0.467    u_top_vga/u_mouse/Inst_Ps2Interface/delay_20us_count_reg[2]
  -------------------------------------------------------------------
                         required time                          0.467    
                         arrival time                          -0.287    
  -------------------------------------------------------------------
                         slack                                  0.180    

Slack (MET) :             0.180ns  (arrival time - required time)
  Source:                 u_clk_wiz/inst/seq_reg1_reg[6]/C
                            (rising edge-triggered cell FDRE clocked by clk100MHz_clk_wiz_0  {rise@0.000ns fall@5.000ns period=10.000ns})
  Destination:            u_clk_wiz/inst/seq_reg1_reg[7]/D
                            (rising edge-triggered cell FDRE clocked by clk100MHz_clk_wiz_0  {rise@0.000ns fall@5.000ns period=10.000ns})
  Path Group:             clk100MHz_clk_wiz_0
  Path Type:              Hold (Min at Fast Process Corner)
  Requirement:            0.000ns  (clk100MHz_clk_wiz_0 rise@0.000ns - clk100MHz_clk_wiz_0 rise@0.000ns)
  Data Path Delay:        0.203ns  (logic 0.148ns (72.742%)  route 0.055ns (27.258%))
  Logic Levels:           0  
  Clock Path Skew:        0.000ns (DCD - SCD - CPR)
    Destination Clock Delay (DCD):    -1.301ns
    Source Clock Delay      (SCD):    -1.035ns
    Clock Pessimism Removal (CPR):    -0.266ns

    Location             Delay type                Incr(ns)  Path(ns)    Netlist Resource(s)
  -------------------------------------------------------------------    -------------------
                         (clock clk100MHz_clk_wiz_0 rise edge)
                                                      0.000     0.000 r  
    W5                                                0.000     0.000 r  clk (IN)
                         net (fo=0)                   0.000     0.000    u_clk_wiz/inst/clk
    W5                   IBUF (Prop_ibuf_I_O)         0.226     0.226 r  u_clk_wiz/inst/clkin1_ibufg/O
                         net (fo=1, routed)           0.440     0.667    u_clk_wiz/inst/clk_clk_wiz_0
    MMCME2_ADV_X1Y0      MMCME2_ADV (Prop_mmcme2_adv_CLKIN1_CLKOUT0)
                                                     -2.360    -1.693 r  u_clk_wiz/inst/mmcm_adv_inst/CLKOUT0
                         net (fo=2, routed)           0.366    -1.327    u_clk_wiz/inst/clk100MHz_clk_wiz_0
    BUFHCE_X0Y0          BUFH (Prop_bufh_I_O)         0.020    -1.307 r  u_clk_wiz/inst/clkout1_buf_en/O
                         net (fo=8, routed)           0.272    -1.035    u_clk_wiz/inst/clk100MHz_clk_wiz_0_en_clk
    SLICE_X34Y46         FDRE                                         r  u_clk_wiz/inst/seq_reg1_reg[6]/C
  -------------------------------------------------------------------    -------------------
    SLICE_X34Y46         FDRE (Prop_fdre_C_Q)         0.148    -0.887 r  u_clk_wiz/inst/seq_reg1_reg[6]/Q
                         net (fo=1, routed)           0.055    -0.831    u_clk_wiz/inst/seq_reg1[6]
    SLICE_X34Y46         FDRE                                         r  u_clk_wiz/inst/seq_reg1_reg[7]/D
  -------------------------------------------------------------------    -------------------

                         (clock clk100MHz_clk_wiz_0 rise edge)
                                                      0.000     0.000 r  
    W5                                                0.000     0.000 r  clk (IN)
                         net (fo=0)                   0.000     0.000    u_clk_wiz/inst/clk
    W5                   IBUF (Prop_ibuf_I_O)         0.414     0.414 r  u_clk_wiz/inst/clkin1_ibufg/O
                         net (fo=1, routed)           0.480     0.894    u_clk_wiz/inst/clk_clk_wiz_0
    MMCME2_ADV_X1Y0      MMCME2_ADV (Prop_mmcme2_adv_CLKIN1_CLKOUT0)
                                                     -3.142    -2.248 r  u_clk_wiz/inst/mmcm_adv_inst/CLKOUT0
                         net (fo=2, routed)           0.407    -1.841    u_clk_wiz/inst/clk100MHz_clk_wiz_0
    BUFHCE_X0Y0          BUFH (Prop_bufh_I_O)         0.043    -1.798 r  u_clk_wiz/inst/clkout1_buf_en/O
                         net (fo=8, routed)           0.497    -1.301    u_clk_wiz/inst/clk100MHz_clk_wiz_0_en_clk
    SLICE_X34Y46         FDRE                                         r  u_clk_wiz/inst/seq_reg1_reg[7]/C
                         clock pessimism              0.266    -1.035    
    SLICE_X34Y46         FDRE (Hold_fdre_C_D)         0.023    -1.012    u_clk_wiz/inst/seq_reg1_reg[7]
  -------------------------------------------------------------------
                         required time                          1.012    
                         arrival time                          -0.831    
  -------------------------------------------------------------------
                         slack                                  0.180    

Slack (MET) :             0.185ns  (arrival time - required time)
  Source:                 u_top_vga/u_mouse/tx_data_reg[2]/C
                            (rising edge-triggered cell FDRE clocked by clk100MHz_clk_wiz_0  {rise@0.000ns fall@5.000ns period=10.000ns})
  Destination:            u_top_vga/u_mouse/Inst_Ps2Interface/frame_reg[3]/D
                            (rising edge-triggered cell FDRE clocked by clk100MHz_clk_wiz_0  {rise@0.000ns fall@5.000ns period=10.000ns})
  Path Group:             clk100MHz_clk_wiz_0
  Path Type:              Hold (Min at Fast Process Corner)
  Requirement:            0.000ns  (clk100MHz_clk_wiz_0 rise@0.000ns - clk100MHz_clk_wiz_0 rise@0.000ns)
  Data Path Delay:        0.305ns  (logic 0.212ns (69.461%)  route 0.093ns (30.539%))
  Logic Levels:           1  (LUT3=1)
  Clock Path Skew:        0.013ns (DCD - SCD - CPR)
    Destination Clock Delay (DCD):    -0.825ns
    Source Clock Delay      (SCD):    -0.587ns
    Clock Pessimism Removal (CPR):    -0.250ns

    Location             Delay type                Incr(ns)  Path(ns)    Netlist Resource(s)
  -------------------------------------------------------------------    -------------------
                         (clock clk100MHz_clk_wiz_0 rise edge)
                                                      0.000     0.000 r  
    W5                                                0.000     0.000 r  clk (IN)
                         net (fo=0)                   0.000     0.000    u_clk_wiz/inst/clk
    W5                   IBUF (Prop_ibuf_I_O)         0.226     0.226 r  u_clk_wiz/inst/clkin1_ibufg/O
                         net (fo=1, routed)           0.440     0.667    u_clk_wiz/inst/clk_clk_wiz_0
    MMCME2_ADV_X1Y0      MMCME2_ADV (Prop_mmcme2_adv_CLKIN1_CLKOUT0)
                                                     -2.360    -1.693 r  u_clk_wiz/inst/mmcm_adv_inst/CLKOUT0
                         net (fo=2, routed)           0.486    -1.207    u_clk_wiz/inst/clk100MHz_clk_wiz_0
    BUFGCTRL_X0Y1        BUFGCTRL (Prop_bufgctrl_I0_O)
                                                      0.026    -1.181 r  u_clk_wiz/inst/clkout1_buf/O
                         net (fo=266, routed)         0.594    -0.587    u_top_vga/u_mouse/clk100MHz
    SLICE_X2Y9           FDRE                                         r  u_top_vga/u_mouse/tx_data_reg[2]/C
  -------------------------------------------------------------------    -------------------
    SLICE_X2Y9           FDRE (Prop_fdre_C_Q)         0.164    -0.423 r  u_top_vga/u_mouse/tx_data_reg[2]/Q
                         net (fo=2, routed)           0.093    -0.330    u_top_vga/u_mouse/Inst_Ps2Interface/frame_reg[8]_0[2]
    SLICE_X3Y9           LUT3 (Prop_lut3_I0_O)        0.048    -0.282 r  u_top_vga/u_mouse/Inst_Ps2Interface/frame[3]_i_1/O
                         net (fo=1, routed)           0.000    -0.282    u_top_vga/u_mouse/Inst_Ps2Interface/p_1_in[3]
    SLICE_X3Y9           FDRE                                         r  u_top_vga/u_mouse/Inst_Ps2Interface/frame_reg[3]/D
  -------------------------------------------------------------------    -------------------

                         (clock clk100MHz_clk_wiz_0 rise edge)
                                                      0.000     0.000 r  
    W5                                                0.000     0.000 r  clk (IN)
                         net (fo=0)                   0.000     0.000    u_clk_wiz/inst/clk
    W5                   IBUF (Prop_ibuf_I_O)         0.414     0.414 r  u_clk_wiz/inst/clkin1_ibufg/O
                         net (fo=1, routed)           0.480     0.894    u_clk_wiz/inst/clk_clk_wiz_0
    MMCME2_ADV_X1Y0      MMCME2_ADV (Prop_mmcme2_adv_CLKIN1_CLKOUT0)
                                                     -3.142    -2.248 r  u_clk_wiz/inst/mmcm_adv_inst/CLKOUT0
                         net (fo=2, routed)           0.530    -1.718    u_clk_wiz/inst/clk100MHz_clk_wiz_0
    BUFGCTRL_X0Y1        BUFGCTRL (Prop_bufgctrl_I0_O)
                                                      0.029    -1.689 r  u_clk_wiz/inst/clkout1_buf/O
                         net (fo=266, routed)         0.865    -0.825    u_top_vga/u_mouse/Inst_Ps2Interface/clk100MHz
    SLICE_X3Y9           FDRE                                         r  u_top_vga/u_mouse/Inst_Ps2Interface/frame_reg[3]/C
                         clock pessimism              0.250    -0.574    
    SLICE_X3Y9           FDRE (Hold_fdre_C_D)         0.107    -0.467    u_top_vga/u_mouse/Inst_Ps2Interface/frame_reg[3]
  -------------------------------------------------------------------
                         required time                          0.467    
                         arrival time                          -0.282    
  -------------------------------------------------------------------
                         slack                                  0.185    

Slack (MET) :             0.189ns  (arrival time - required time)
  Source:                 u_top_vga/u_mouse/Inst_Ps2Interface/delay_63clk_count_reg[0]/C
                            (rising edge-triggered cell FDSE clocked by clk100MHz_clk_wiz_0  {rise@0.000ns fall@5.000ns period=10.000ns})
  Destination:            u_top_vga/u_mouse/Inst_Ps2Interface/delay_63clk_count_reg[2]/D
                            (rising edge-triggered cell FDSE clocked by clk100MHz_clk_wiz_0  {rise@0.000ns fall@5.000ns period=10.000ns})
  Path Group:             clk100MHz_clk_wiz_0
  Path Type:              Hold (Min at Fast Process Corner)
  Requirement:            0.000ns  (clk100MHz_clk_wiz_0 rise@0.000ns - clk100MHz_clk_wiz_0 rise@0.000ns)
  Data Path Delay:        0.309ns  (logic 0.189ns (61.161%)  route 0.120ns (38.839%))
  Logic Levels:           1  (LUT4=1)
  Clock Path Skew:        0.013ns (DCD - SCD - CPR)
    Destination Clock Delay (DCD):    -0.824ns
    Source Clock Delay      (SCD):    -0.586ns
    Clock Pessimism Removal (CPR):    -0.250ns

    Location             Delay type                Incr(ns)  Path(ns)    Netlist Resource(s)
  -------------------------------------------------------------------    -------------------
                         (clock clk100MHz_clk_wiz_0 rise edge)
                                                      0.000     0.000 r  
    W5                                                0.000     0.000 r  clk (IN)
                         net (fo=0)                   0.000     0.000    u_clk_wiz/inst/clk
    W5                   IBUF (Prop_ibuf_I_O)         0.226     0.226 r  u_clk_wiz/inst/clkin1_ibufg/O
                         net (fo=1, routed)           0.440     0.667    u_clk_wiz/inst/clk_clk_wiz_0
    MMCME2_ADV_X1Y0      MMCME2_ADV (Prop_mmcme2_adv_CLKIN1_CLKOUT0)
                                                     -2.360    -1.693 r  u_clk_wiz/inst/mmcm_adv_inst/CLKOUT0
                         net (fo=2, routed)           0.486    -1.207    u_clk_wiz/inst/clk100MHz_clk_wiz_0
    BUFGCTRL_X0Y1        BUFGCTRL (Prop_bufgctrl_I0_O)
                                                      0.026    -1.181 r  u_clk_wiz/inst/clkout1_buf/O
                         net (fo=266, routed)         0.595    -0.586    u_top_vga/u_mouse/Inst_Ps2Interface/clk100MHz
    SLICE_X0Y6           FDSE                                         r  u_top_vga/u_mouse/Inst_Ps2Interface/delay_63clk_count_reg[0]/C
  -------------------------------------------------------------------    -------------------
    SLICE_X0Y6           FDSE (Prop_fdse_C_Q)         0.141    -0.445 r  u_top_vga/u_mouse/Inst_Ps2Interface/delay_63clk_count_reg[0]/Q
                         net (fo=7, routed)           0.120    -0.325    u_top_vga/u_mouse/Inst_Ps2Interface/delay_63clk_count[0]
    SLICE_X1Y6           LUT4 (Prop_lut4_I0_O)        0.048    -0.277 r  u_top_vga/u_mouse/Inst_Ps2Interface/delay_63clk_count[2]_i_1/O
                         net (fo=1, routed)           0.000    -0.277    u_top_vga/u_mouse/Inst_Ps2Interface/delay_63clk_count[2]_i_1_n_0
    SLICE_X1Y6           FDSE                                         r  u_top_vga/u_mouse/Inst_Ps2Interface/delay_63clk_count_reg[2]/D
  -------------------------------------------------------------------    -------------------

                         (clock clk100MHz_clk_wiz_0 rise edge)
                                                      0.000     0.000 r  
    W5                                                0.000     0.000 r  clk (IN)
                         net (fo=0)                   0.000     0.000    u_clk_wiz/inst/clk
    W5                   IBUF (Prop_ibuf_I_O)         0.414     0.414 r  u_clk_wiz/inst/clkin1_ibufg/O
                         net (fo=1, routed)           0.480     0.894    u_clk_wiz/inst/clk_clk_wiz_0
    MMCME2_ADV_X1Y0      MMCME2_ADV (Prop_mmcme2_adv_CLKIN1_CLKOUT0)
                                                     -3.142    -2.248 r  u_clk_wiz/inst/mmcm_adv_inst/CLKOUT0
                         net (fo=2, routed)           0.530    -1.718    u_clk_wiz/inst/clk100MHz_clk_wiz_0
    BUFGCTRL_X0Y1        BUFGCTRL (Prop_bufgctrl_I0_O)
                                                      0.029    -1.689 r  u_clk_wiz/inst/clkout1_buf/O
                         net (fo=266, routed)         0.866    -0.824    u_top_vga/u_mouse/Inst_Ps2Interface/clk100MHz
    SLICE_X1Y6           FDSE                                         r  u_top_vga/u_mouse/Inst_Ps2Interface/delay_63clk_count_reg[2]/C
                         clock pessimism              0.250    -0.573    
    SLICE_X1Y6           FDSE (Hold_fdse_C_D)         0.107    -0.466    u_top_vga/u_mouse/Inst_Ps2Interface/delay_63clk_count_reg[2]
  -------------------------------------------------------------------
                         required time                          0.466    
                         arrival time                          -0.277    
  -------------------------------------------------------------------
                         slack                                  0.189    

Slack (MET) :             0.191ns  (arrival time - required time)
  Source:                 u_top_vga/u_mouse/tx_data_reg[1]/C
                            (rising edge-triggered cell FDRE clocked by clk100MHz_clk_wiz_0  {rise@0.000ns fall@5.000ns period=10.000ns})
  Destination:            u_top_vga/u_mouse/Inst_Ps2Interface/tx_parity_reg/D
                            (rising edge-triggered cell FDRE clocked by clk100MHz_clk_wiz_0  {rise@0.000ns fall@5.000ns period=10.000ns})
  Path Group:             clk100MHz_clk_wiz_0
  Path Type:              Hold (Min at Fast Process Corner)
  Requirement:            0.000ns  (clk100MHz_clk_wiz_0 rise@0.000ns - clk100MHz_clk_wiz_0 rise@0.000ns)
  Data Path Delay:        0.328ns  (logic 0.209ns (63.706%)  route 0.119ns (36.294%))
  Logic Levels:           1  (LUT4=1)
  Clock Path Skew:        0.016ns (DCD - SCD - CPR)
    Destination Clock Delay (DCD):    -0.825ns
    Source Clock Delay      (SCD):    -0.587ns
    Clock Pessimism Removal (CPR):    -0.253ns

    Location             Delay type                Incr(ns)  Path(ns)    Netlist Resource(s)
  -------------------------------------------------------------------    -------------------
                         (clock clk100MHz_clk_wiz_0 rise edge)
                                                      0.000     0.000 r  
    W5                                                0.000     0.000 r  clk (IN)
                         net (fo=0)                   0.000     0.000    u_clk_wiz/inst/clk
    W5                   IBUF (Prop_ibuf_I_O)         0.226     0.226 r  u_clk_wiz/inst/clkin1_ibufg/O
                         net (fo=1, routed)           0.440     0.667    u_clk_wiz/inst/clk_clk_wiz_0
    MMCME2_ADV_X1Y0      MMCME2_ADV (Prop_mmcme2_adv_CLKIN1_CLKOUT0)
                                                     -2.360    -1.693 r  u_clk_wiz/inst/mmcm_adv_inst/CLKOUT0
                         net (fo=2, routed)           0.486    -1.207    u_clk_wiz/inst/clk100MHz_clk_wiz_0
    BUFGCTRL_X0Y1        BUFGCTRL (Prop_bufgctrl_I0_O)
                                                      0.026    -1.181 r  u_clk_wiz/inst/clkout1_buf/O
                         net (fo=266, routed)         0.594    -0.587    u_top_vga/u_mouse/clk100MHz
    SLICE_X2Y9           FDRE                                         r  u_top_vga/u_mouse/tx_data_reg[1]/C
  -------------------------------------------------------------------    -------------------
    SLICE_X2Y9           FDRE (Prop_fdre_C_Q)         0.164    -0.423 r  u_top_vga/u_mouse/tx_data_reg[1]/Q
                         net (fo=2, routed)           0.119    -0.304    u_top_vga/u_mouse/Inst_Ps2Interface/frame_reg[8]_0[1]
    SLICE_X2Y8           LUT4 (Prop_lut4_I1_O)        0.045    -0.259 r  u_top_vga/u_mouse/Inst_Ps2Interface/tx_parity_i_1/O
                         net (fo=1, routed)           0.000    -0.259    u_top_vga/u_mouse/Inst_Ps2Interface/tx_parity_i_1_n_0
    SLICE_X2Y8           FDRE                                         r  u_top_vga/u_mouse/Inst_Ps2Interface/tx_parity_reg/D
  -------------------------------------------------------------------    -------------------

                         (clock clk100MHz_clk_wiz_0 rise edge)
                                                      0.000     0.000 r  
    W5                                                0.000     0.000 r  clk (IN)
                         net (fo=0)                   0.000     0.000    u_clk_wiz/inst/clk
    W5                   IBUF (Prop_ibuf_I_O)         0.414     0.414 r  u_clk_wiz/inst/clkin1_ibufg/O
                         net (fo=1, routed)           0.480     0.894    u_clk_wiz/inst/clk_clk_wiz_0
    MMCME2_ADV_X1Y0      MMCME2_ADV (Prop_mmcme2_adv_CLKIN1_CLKOUT0)
                                                     -3.142    -2.248 r  u_clk_wiz/inst/mmcm_adv_inst/CLKOUT0
                         net (fo=2, routed)           0.530    -1.718    u_clk_wiz/inst/clk100MHz_clk_wiz_0
    BUFGCTRL_X0Y1        BUFGCTRL (Prop_bufgctrl_I0_O)
                                                      0.029    -1.689 r  u_clk_wiz/inst/clkout1_buf/O
                         net (fo=266, routed)         0.865    -0.825    u_top_vga/u_mouse/Inst_Ps2Interface/clk100MHz
    SLICE_X2Y8           FDRE                                         r  u_top_vga/u_mouse/Inst_Ps2Interface/tx_parity_reg/C
                         clock pessimism              0.253    -0.571    
    SLICE_X2Y8           FDRE (Hold_fdre_C_D)         0.121    -0.450    u_top_vga/u_mouse/Inst_Ps2Interface/tx_parity_reg
  -------------------------------------------------------------------
                         required time                          0.450    
                         arrival time                          -0.259    
  -------------------------------------------------------------------
                         slack                                  0.191    

Slack (MET) :             0.196ns  (arrival time - required time)
  Source:                 u_top_vga/u_mouse/Inst_Ps2Interface/ps2_clk_clean_reg/C
                            (rising edge-triggered cell FDRE clocked by clk100MHz_clk_wiz_0  {rise@0.000ns fall@5.000ns period=10.000ns})
  Destination:            u_top_vga/u_mouse/Inst_Ps2Interface/ps2_clk_s_reg/D
                            (rising edge-triggered cell FDRE clocked by clk100MHz_clk_wiz_0  {rise@0.000ns fall@5.000ns period=10.000ns})
  Path Group:             clk100MHz_clk_wiz_0
  Path Type:              Hold (Min at Fast Process Corner)
  Requirement:            0.000ns  (clk100MHz_clk_wiz_0 rise@0.000ns - clk100MHz_clk_wiz_0 rise@0.000ns)
  Data Path Delay:        0.266ns  (logic 0.141ns (53.070%)  route 0.125ns (46.930%))
  Logic Levels:           0  
  Clock Path Skew:        0.000ns (DCD - SCD - CPR)
    Destination Clock Delay (DCD):    -0.824ns
    Source Clock Delay      (SCD):    -0.586ns
    Clock Pessimism Removal (CPR):    -0.237ns

    Location             Delay type                Incr(ns)  Path(ns)    Netlist Resource(s)
  -------------------------------------------------------------------    -------------------
                         (clock clk100MHz_clk_wiz_0 rise edge)
                                                      0.000     0.000 r  
    W5                                                0.000     0.000 r  clk (IN)
                         net (fo=0)                   0.000     0.000    u_clk_wiz/inst/clk
    W5                   IBUF (Prop_ibuf_I_O)         0.226     0.226 r  u_clk_wiz/inst/clkin1_ibufg/O
                         net (fo=1, routed)           0.440     0.667    u_clk_wiz/inst/clk_clk_wiz_0
    MMCME2_ADV_X1Y0      MMCME2_ADV (Prop_mmcme2_adv_CLKIN1_CLKOUT0)
                                                     -2.360    -1.693 r  u_clk_wiz/inst/mmcm_adv_inst/CLKOUT0
                         net (fo=2, routed)           0.486    -1.207    u_clk_wiz/inst/clk100MHz_clk_wiz_0
    BUFGCTRL_X0Y1        BUFGCTRL (Prop_bufgctrl_I0_O)
                                                      0.026    -1.181 r  u_clk_wiz/inst/clkout1_buf/O
                         net (fo=266, routed)         0.595    -0.586    u_top_vga/u_mouse/Inst_Ps2Interface/clk100MHz
    SLICE_X0Y3           FDRE                                         r  u_top_vga/u_mouse/Inst_Ps2Interface/ps2_clk_clean_reg/C
  -------------------------------------------------------------------    -------------------
    SLICE_X0Y3           FDRE (Prop_fdre_C_Q)         0.141    -0.445 r  u_top_vga/u_mouse/Inst_Ps2Interface/ps2_clk_clean_reg/Q
                         net (fo=2, routed)           0.125    -0.321    u_top_vga/u_mouse/Inst_Ps2Interface/ps2_clk_clean
    SLICE_X0Y3           FDRE                                         r  u_top_vga/u_mouse/Inst_Ps2Interface/ps2_clk_s_reg/D
  -------------------------------------------------------------------    -------------------

                         (clock clk100MHz_clk_wiz_0 rise edge)
                                                      0.000     0.000 r  
    W5                                                0.000     0.000 r  clk (IN)
                         net (fo=0)                   0.000     0.000    u_clk_wiz/inst/clk
    W5                   IBUF (Prop_ibuf_I_O)         0.414     0.414 r  u_clk_wiz/inst/clkin1_ibufg/O
                         net (fo=1, routed)           0.480     0.894    u_clk_wiz/inst/clk_clk_wiz_0
    MMCME2_ADV_X1Y0      MMCME2_ADV (Prop_mmcme2_adv_CLKIN1_CLKOUT0)
                                                     -3.142    -2.248 r  u_clk_wiz/inst/mmcm_adv_inst/CLKOUT0
                         net (fo=2, routed)           0.530    -1.718    u_clk_wiz/inst/clk100MHz_clk_wiz_0
    BUFGCTRL_X0Y1        BUFGCTRL (Prop_bufgctrl_I0_O)
                                                      0.029    -1.689 r  u_clk_wiz/inst/clkout1_buf/O
                         net (fo=266, routed)         0.866    -0.824    u_top_vga/u_mouse/Inst_Ps2Interface/clk100MHz
    SLICE_X0Y3           FDRE                                         r  u_top_vga/u_mouse/Inst_Ps2Interface/ps2_clk_s_reg/C
                         clock pessimism              0.237    -0.586    
    SLICE_X0Y3           FDRE (Hold_fdre_C_D)         0.070    -0.516    u_top_vga/u_mouse/Inst_Ps2Interface/ps2_clk_s_reg
  -------------------------------------------------------------------
                         required time                          0.516    
                         arrival time                          -0.321    
  -------------------------------------------------------------------
                         slack                                  0.196    

Slack (MET) :             0.202ns  (arrival time - required time)
  Source:                 u_top_vga/u_mouse/Inst_Ps2Interface/delay_63clk_count_reg[0]/C
                            (rising edge-triggered cell FDSE clocked by clk100MHz_clk_wiz_0  {rise@0.000ns fall@5.000ns period=10.000ns})
  Destination:            u_top_vga/u_mouse/Inst_Ps2Interface/delay_63clk_count_reg[1]/D
                            (rising edge-triggered cell FDSE clocked by clk100MHz_clk_wiz_0  {rise@0.000ns fall@5.000ns period=10.000ns})
  Path Group:             clk100MHz_clk_wiz_0
  Path Type:              Hold (Min at Fast Process Corner)
  Requirement:            0.000ns  (clk100MHz_clk_wiz_0 rise@0.000ns - clk100MHz_clk_wiz_0 rise@0.000ns)
  Data Path Delay:        0.306ns  (logic 0.186ns (60.780%)  route 0.120ns (39.220%))
  Logic Levels:           1  (LUT3=1)
  Clock Path Skew:        0.013ns (DCD - SCD - CPR)
    Destination Clock Delay (DCD):    -0.824ns
    Source Clock Delay      (SCD):    -0.586ns
    Clock Pessimism Removal (CPR):    -0.250ns

    Location             Delay type                Incr(ns)  Path(ns)    Netlist Resource(s)
  -------------------------------------------------------------------    -------------------
                         (clock clk100MHz_clk_wiz_0 rise edge)
                                                      0.000     0.000 r  
    W5                                                0.000     0.000 r  clk (IN)
                         net (fo=0)                   0.000     0.000    u_clk_wiz/inst/clk
    W5                   IBUF (Prop_ibuf_I_O)         0.226     0.226 r  u_clk_wiz/inst/clkin1_ibufg/O
                         net (fo=1, routed)           0.440     0.667    u_clk_wiz/inst/clk_clk_wiz_0
    MMCME2_ADV_X1Y0      MMCME2_ADV (Prop_mmcme2_adv_CLKIN1_CLKOUT0)
                                                     -2.360    -1.693 r  u_clk_wiz/inst/mmcm_adv_inst/CLKOUT0
                         net (fo=2, routed)           0.486    -1.207    u_clk_wiz/inst/clk100MHz_clk_wiz_0
    BUFGCTRL_X0Y1        BUFGCTRL (Prop_bufgctrl_I0_O)
                                                      0.026    -1.181 r  u_clk_wiz/inst/clkout1_buf/O
                         net (fo=266, routed)         0.595    -0.586    u_top_vga/u_mouse/Inst_Ps2Interface/clk100MHz
    SLICE_X0Y6           FDSE                                         r  u_top_vga/u_mouse/Inst_Ps2Interface/delay_63clk_count_reg[0]/C
  -------------------------------------------------------------------    -------------------
    SLICE_X0Y6           FDSE (Prop_fdse_C_Q)         0.141    -0.445 r  u_top_vga/u_mouse/Inst_Ps2Interface/delay_63clk_count_reg[0]/Q
                         net (fo=7, routed)           0.120    -0.325    u_top_vga/u_mouse/Inst_Ps2Interface/delay_63clk_count[0]
    SLICE_X1Y6           LUT3 (Prop_lut3_I0_O)        0.045    -0.280 r  u_top_vga/u_mouse/Inst_Ps2Interface/delay_63clk_count[1]_i_1/O
                         net (fo=1, routed)           0.000    -0.280    u_top_vga/u_mouse/Inst_Ps2Interface/delay_63clk_count[1]_i_1_n_0
    SLICE_X1Y6           FDSE                                         r  u_top_vga/u_mouse/Inst_Ps2Interface/delay_63clk_count_reg[1]/D
  -------------------------------------------------------------------    -------------------

                         (clock clk100MHz_clk_wiz_0 rise edge)
                                                      0.000     0.000 r  
    W5                                                0.000     0.000 r  clk (IN)
                         net (fo=0)                   0.000     0.000    u_clk_wiz/inst/clk
    W5                   IBUF (Prop_ibuf_I_O)         0.414     0.414 r  u_clk_wiz/inst/clkin1_ibufg/O
                         net (fo=1, routed)           0.480     0.894    u_clk_wiz/inst/clk_clk_wiz_0
    MMCME2_ADV_X1Y0      MMCME2_ADV (Prop_mmcme2_adv_CLKIN1_CLKOUT0)
                                                     -3.142    -2.248 r  u_clk_wiz/inst/mmcm_adv_inst/CLKOUT0
                         net (fo=2, routed)           0.530    -1.718    u_clk_wiz/inst/clk100MHz_clk_wiz_0
    BUFGCTRL_X0Y1        BUFGCTRL (Prop_bufgctrl_I0_O)
                                                      0.029    -1.689 r  u_clk_wiz/inst/clkout1_buf/O
                         net (fo=266, routed)         0.866    -0.824    u_top_vga/u_mouse/Inst_Ps2Interface/clk100MHz
    SLICE_X1Y6           FDSE                                         r  u_top_vga/u_mouse/Inst_Ps2Interface/delay_63clk_count_reg[1]/C
                         clock pessimism              0.250    -0.573    
    SLICE_X1Y6           FDSE (Hold_fdse_C_D)         0.091    -0.482    u_top_vga/u_mouse/Inst_Ps2Interface/delay_63clk_count_reg[1]
  -------------------------------------------------------------------
                         required time                          0.482    
                         arrival time                          -0.280    
  -------------------------------------------------------------------
                         slack                                  0.202    





Pulse Width Checks
--------------------------------------------------------------------------------------
Clock Name:         clk100MHz_clk_wiz_0
Waveform(ns):       { 0.000 5.000 }
Period(ns):         10.000
Sources:            { u_clk_wiz/inst/mmcm_adv_inst/CLKOUT0 }

Check Type        Corner  Lib Pin             Reference Pin  Required(ns)  Actual(ns)  Slack(ns)  Location         Pin
Min Period        n/a     BUFGCTRL/I0         n/a            2.155         10.000      7.845      BUFGCTRL_X0Y1    u_clk_wiz/inst/clkout1_buf/I0
Min Period        n/a     BUFH/I              n/a            2.155         10.000      7.845      BUFHCE_X0Y0      u_clk_wiz/inst/clkout1_buf_en/I
Min Period        n/a     MMCME2_ADV/CLKOUT0  n/a            1.249         10.000      8.751      MMCME2_ADV_X1Y0  u_clk_wiz/inst/mmcm_adv_inst/CLKOUT0
Min Period        n/a     FDRE/C              n/a            1.000         10.000      9.000      SLICE_X34Y46     u_clk_wiz/inst/seq_reg1_reg[0]/C
Min Period        n/a     FDRE/C              n/a            1.000         10.000      9.000      SLICE_X34Y46     u_clk_wiz/inst/seq_reg1_reg[1]/C
Min Period        n/a     FDRE/C              n/a            1.000         10.000      9.000      SLICE_X34Y46     u_clk_wiz/inst/seq_reg1_reg[2]/C
Min Period        n/a     FDRE/C              n/a            1.000         10.000      9.000      SLICE_X34Y46     u_clk_wiz/inst/seq_reg1_reg[3]/C
Min Period        n/a     FDRE/C              n/a            1.000         10.000      9.000      SLICE_X34Y46     u_clk_wiz/inst/seq_reg1_reg[4]/C
Min Period        n/a     FDRE/C              n/a            1.000         10.000      9.000      SLICE_X34Y46     u_clk_wiz/inst/seq_reg1_reg[5]/C
Min Period        n/a     FDRE/C              n/a            1.000         10.000      9.000      SLICE_X34Y46     u_clk_wiz/inst/seq_reg1_reg[6]/C
Max Period        n/a     MMCME2_ADV/CLKOUT0  n/a            213.360       10.000      203.360    MMCME2_ADV_X1Y0  u_clk_wiz/inst/mmcm_adv_inst/CLKOUT0
Low Pulse Width   Slow    FDRE/C              n/a            0.500         5.000       4.500      SLICE_X34Y46     u_clk_wiz/inst/seq_reg1_reg[0]/C
Low Pulse Width   Fast    FDRE/C              n/a            0.500         5.000       4.500      SLICE_X34Y46     u_clk_wiz/inst/seq_reg1_reg[0]/C
Low Pulse Width   Slow    FDRE/C              n/a            0.500         5.000       4.500      SLICE_X34Y46     u_clk_wiz/inst/seq_reg1_reg[1]/C
Low Pulse Width   Fast    FDRE/C              n/a            0.500         5.000       4.500      SLICE_X34Y46     u_clk_wiz/inst/seq_reg1_reg[1]/C
Low Pulse Width   Slow    FDRE/C              n/a            0.500         5.000       4.500      SLICE_X34Y46     u_clk_wiz/inst/seq_reg1_reg[2]/C
Low Pulse Width   Fast    FDRE/C              n/a            0.500         5.000       4.500      SLICE_X34Y46     u_clk_wiz/inst/seq_reg1_reg[2]/C
Low Pulse Width   Slow    FDRE/C              n/a            0.500         5.000       4.500      SLICE_X34Y46     u_clk_wiz/inst/seq_reg1_reg[3]/C
Low Pulse Width   Fast    FDRE/C              n/a            0.500         5.000       4.500      SLICE_X34Y46     u_clk_wiz/inst/seq_reg1_reg[3]/C
Low Pulse Width   Slow    FDRE/C              n/a            0.500         5.000       4.500      SLICE_X34Y46     u_clk_wiz/inst/seq_reg1_reg[4]/C
Low Pulse Width   Fast    FDRE/C              n/a            0.500         5.000       4.500      SLICE_X34Y46     u_clk_wiz/inst/seq_reg1_reg[4]/C
High Pulse Width  Slow    FDRE/C              n/a            0.500         5.000       4.500      SLICE_X34Y46     u_clk_wiz/inst/seq_reg1_reg[0]/C
High Pulse Width  Fast    FDRE/C              n/a            0.500         5.000       4.500      SLICE_X34Y46     u_clk_wiz/inst/seq_reg1_reg[0]/C
High Pulse Width  Slow    FDRE/C              n/a            0.500         5.000       4.500      SLICE_X34Y46     u_clk_wiz/inst/seq_reg1_reg[1]/C
High Pulse Width  Fast    FDRE/C              n/a            0.500         5.000       4.500      SLICE_X34Y46     u_clk_wiz/inst/seq_reg1_reg[1]/C
High Pulse Width  Slow    FDRE/C              n/a            0.500         5.000       4.500      SLICE_X34Y46     u_clk_wiz/inst/seq_reg1_reg[2]/C
High Pulse Width  Fast    FDRE/C              n/a            0.500         5.000       4.500      SLICE_X34Y46     u_clk_wiz/inst/seq_reg1_reg[2]/C
High Pulse Width  Slow    FDRE/C              n/a            0.500         5.000       4.500      SLICE_X34Y46     u_clk_wiz/inst/seq_reg1_reg[3]/C
High Pulse Width  Fast    FDRE/C              n/a            0.500         5.000       4.500      SLICE_X34Y46     u_clk_wiz/inst/seq_reg1_reg[3]/C
High Pulse Width  Slow    FDRE/C              n/a            0.500         5.000       4.500      SLICE_X34Y46     u_clk_wiz/inst/seq_reg1_reg[4]/C
High Pulse Width  Fast    FDRE/C              n/a            0.500         5.000       4.500      SLICE_X34Y46     u_clk_wiz/inst/seq_reg1_reg[4]/C



---------------------------------------------------------------------------------------------------
From Clock:  clk40MHz_clk_wiz_0
  To Clock:  clk40MHz_clk_wiz_0

Setup :            0  Failing Endpoints,  Worst Slack       13.154ns,  Total Violation        0.000ns
Hold  :            0  Failing Endpoints,  Worst Slack        0.121ns,  Total Violation        0.000ns
PW    :            0  Failing Endpoints,  Worst Slack       12.000ns,  Total Violation        0.000ns
---------------------------------------------------------------------------------------------------


Max Delay Paths
--------------------------------------------------------------------------------------
Slack (MET) :             13.154ns  (required time - arrival time)
  Source:                 u_top_vga/u_rect_ctl/v_fp_reg[19]/C
                            (rising edge-triggered cell FDCE clocked by clk40MHz_clk_wiz_0  {rise@0.000ns fall@12.500ns period=25.000ns})
  Destination:            u_top_vga/u_rect_ctl/v_fp_reg[1]/D
                            (rising edge-triggered cell FDCE clocked by clk40MHz_clk_wiz_0  {rise@0.000ns fall@12.500ns period=25.000ns})
  Path Group:             clk40MHz_clk_wiz_0
  Path Type:              Setup (Max at Slow Process Corner)
  Requirement:            25.000ns  (clk40MHz_clk_wiz_0 rise@25.000ns - clk40MHz_clk_wiz_0 rise@0.000ns)
  Data Path Delay:        11.763ns  (logic 6.826ns (58.030%)  route 4.937ns (41.970%))
  Logic Levels:           10  (CARRY4=6 DSP48E1=1 LUT1=1 LUT2=1 LUT6=1)
  Clock Path Skew:        -0.025ns (DCD - SCD + CPR)
    Destination Clock Delay (DCD):    -1.544ns = ( 23.456 - 25.000 ) 
    Source Clock Delay      (SCD):    -0.942ns
    Clock Pessimism Removal (CPR):    0.578ns
  Clock Uncertainty:      0.087ns  ((TSJ^2 + DJ^2)^1/2) / 2 + PE
    Total System Jitter     (TSJ):    0.071ns
    Discrete Jitter          (DJ):    0.159ns
    Phase Error              (PE):    0.000ns

    Location             Delay type                Incr(ns)  Path(ns)    Netlist Resource(s)
  -------------------------------------------------------------------    -------------------
                         (clock clk40MHz_clk_wiz_0 rise edge)
                                                      0.000     0.000 r  
    W5                                                0.000     0.000 r  clk (IN)
                         net (fo=0)                   0.000     0.000    u_clk_wiz/inst/clk
    W5                   IBUF (Prop_ibuf_I_O)         1.458     1.458 r  u_clk_wiz/inst/clkin1_ibufg/O
                         net (fo=1, routed)           1.233     2.691    u_clk_wiz/inst/clk_clk_wiz_0
    MMCME2_ADV_X1Y0      MMCME2_ADV (Prop_mmcme2_adv_CLKIN1_CLKOUT1)
                                                     -6.961    -4.269 r  u_clk_wiz/inst/mmcm_adv_inst/CLKOUT1
                         net (fo=2, routed)           1.661    -2.608    u_clk_wiz/inst/clk40MHz_clk_wiz_0
    BUFGCTRL_X0Y0        BUFGCTRL (Prop_bufgctrl_I0_O)
                                                      0.096    -2.512 r  u_clk_wiz/inst/clkout2_buf/O
                         net (fo=421, routed)         1.570    -0.942    u_top_vga/u_rect_ctl/clk40MHz
    SLICE_X15Y2          FDCE                                         r  u_top_vga/u_rect_ctl/v_fp_reg[19]/C
  -------------------------------------------------------------------    -------------------
    SLICE_X15Y2          FDCE (Prop_fdce_C_Q)         0.456    -0.486 r  u_top_vga/u_rect_ctl/v_fp_reg[19]/Q
                         net (fo=12, routed)          1.201     0.715    u_top_vga/u_rect_ctl/v_fp_reg_n_0_[19]
    DSP48_X0Y0           DSP48E1 (Prop_dsp48e1_A[27]_P[4])
                                                      3.841     4.556 f  u_top_vga/u_rect_ctl/state4/P[4]
                         net (fo=1, routed)           1.131     5.688    u_top_vga/u_rect_ctl/state4_n_101
    SLICE_X10Y1          LUT1 (Prop_lut1_I0_O)        0.124     5.812 r  u_top_vga/u_rect_ctl/i__carry__0_i_4__1/O
                         net (fo=1, routed)           0.000     5.812    u_top_vga/u_rect_ctl/i__carry__0_i_4__1_n_0
    SLICE_X10Y1          CARRY4 (Prop_carry4_S[0]_CO[3])
                                                      0.513     6.325 r  u_top_vga/u_rect_ctl/state3_inferred__0/i__carry__0/CO[3]
                         net (fo=1, routed)           0.000     6.325    u_top_vga/u_rect_ctl/state3_inferred__0/i__carry__0_n_0
    SLICE_X10Y2          CARRY4 (Prop_carry4_CI_CO[3])
                                                      0.117     6.442 r  u_top_vga/u_rect_ctl/state3_inferred__0/i__carry__1/CO[3]
                         net (fo=1, routed)           0.000     6.442    u_top_vga/u_rect_ctl/state3_inferred__0/i__carry__1_n_0
    SLICE_X10Y3          CARRY4 (Prop_carry4_CI_CO[3])
                                                      0.117     6.559 r  u_top_vga/u_rect_ctl/state3_inferred__0/i__carry__2/CO[3]
                         net (fo=1, routed)           0.000     6.559    u_top_vga/u_rect_ctl/state3_inferred__0/i__carry__2_n_0
    SLICE_X10Y4          CARRY4 (Prop_carry4_CI_O[3])
                                                      0.315     6.874 f  u_top_vga/u_rect_ctl/state3_inferred__0/i__carry__3/O[3]
                         net (fo=21, routed)          0.842     7.716    u_top_vga/u_rect_ctl/state20
    SLICE_X11Y3          LUT2 (Prop_lut2_I0_O)        0.307     8.023 r  u_top_vga/u_rect_ctl/i__carry__0_i_3__2/O
                         net (fo=1, routed)           0.000     8.023    u_top_vga/u_rect_ctl/i__carry__0_i_3__2_n_0
    SLICE_X11Y3          CARRY4 (Prop_carry4_S[1]_CO[3])
                                                      0.550     8.573 r  u_top_vga/u_rect_ctl/state1_inferred__1/i__carry__0/CO[3]
                         net (fo=1, routed)           0.000     8.573    u_top_vga/u_rect_ctl/state1_inferred__1/i__carry__0_n_0
    SLICE_X11Y4          CARRY4 (Prop_carry4_CI_CO[1])
                                                      0.157     8.730 f  u_top_vga/u_rect_ctl/state1_inferred__1/i__carry__1/CO[1]
                         net (fo=21, routed)          1.763    10.492    u_top_vga/u_rect_ctl/state10_in
    SLICE_X13Y0          LUT6 (Prop_lut6_I0_O)        0.329    10.821 r  u_top_vga/u_rect_ctl/v_fp[1]_i_1/O
                         net (fo=1, routed)           0.000    10.821    u_top_vga/u_rect_ctl/v_fp[1]_i_1_n_0
    SLICE_X13Y0          FDCE                                         r  u_top_vga/u_rect_ctl/v_fp_reg[1]/D
  -------------------------------------------------------------------    -------------------

                         (clock clk40MHz_clk_wiz_0 rise edge)
                                                     25.000    25.000 r  
    W5                                                0.000    25.000 r  clk (IN)
                         net (fo=0)                   0.000    25.000    u_clk_wiz/inst/clk
    W5                   IBUF (Prop_ibuf_I_O)         1.388    26.388 r  u_clk_wiz/inst/clkin1_ibufg/O
                         net (fo=1, routed)           1.162    27.550    u_clk_wiz/inst/clk_clk_wiz_0
    MMCME2_ADV_X1Y0      MMCME2_ADV (Prop_mmcme2_adv_CLKIN1_CLKOUT1)
                                                     -7.217    20.332 r  u_clk_wiz/inst/mmcm_adv_inst/CLKOUT1
                         net (fo=2, routed)           1.581    21.914    u_clk_wiz/inst/clk40MHz_clk_wiz_0
    BUFGCTRL_X0Y0        BUFGCTRL (Prop_bufgctrl_I0_O)
                                                      0.091    22.005 r  u_clk_wiz/inst/clkout2_buf/O
                         net (fo=421, routed)         1.451    23.456    u_top_vga/u_rect_ctl/clk40MHz
    SLICE_X13Y0          FDCE                                         r  u_top_vga/u_rect_ctl/v_fp_reg[1]/C
                         clock pessimism              0.578    24.033    
                         clock uncertainty           -0.087    23.946    
    SLICE_X13Y0          FDCE (Setup_fdce_C_D)        0.029    23.975    u_top_vga/u_rect_ctl/v_fp_reg[1]
  -------------------------------------------------------------------
                         required time                         23.975    
                         arrival time                         -10.821    
  -------------------------------------------------------------------
                         slack                                 13.154    

Slack (MET) :             13.158ns  (required time - arrival time)
  Source:                 u_top_vga/u_rect_ctl/v_fp_reg[19]/C
                            (rising edge-triggered cell FDCE clocked by clk40MHz_clk_wiz_0  {rise@0.000ns fall@12.500ns period=25.000ns})
  Destination:            u_top_vga/u_rect_ctl/v_fp_reg[2]/D
                            (rising edge-triggered cell FDCE clocked by clk40MHz_clk_wiz_0  {rise@0.000ns fall@12.500ns period=25.000ns})
  Path Group:             clk40MHz_clk_wiz_0
  Path Type:              Setup (Max at Slow Process Corner)
  Requirement:            25.000ns  (clk40MHz_clk_wiz_0 rise@25.000ns - clk40MHz_clk_wiz_0 rise@0.000ns)
  Data Path Delay:        11.761ns  (logic 6.826ns (58.040%)  route 4.935ns (41.960%))
  Logic Levels:           10  (CARRY4=6 DSP48E1=1 LUT1=1 LUT2=1 LUT6=1)
  Clock Path Skew:        -0.025ns (DCD - SCD + CPR)
    Destination Clock Delay (DCD):    -1.544ns = ( 23.456 - 25.000 ) 
    Source Clock Delay      (SCD):    -0.942ns
    Clock Pessimism Removal (CPR):    0.578ns
  Clock Uncertainty:      0.087ns  ((TSJ^2 + DJ^2)^1/2) / 2 + PE
    Total System Jitter     (TSJ):    0.071ns
    Discrete Jitter          (DJ):    0.159ns
    Phase Error              (PE):    0.000ns

    Location             Delay type                Incr(ns)  Path(ns)    Netlist Resource(s)
  -------------------------------------------------------------------    -------------------
                         (clock clk40MHz_clk_wiz_0 rise edge)
                                                      0.000     0.000 r  
    W5                                                0.000     0.000 r  clk (IN)
                         net (fo=0)                   0.000     0.000    u_clk_wiz/inst/clk
    W5                   IBUF (Prop_ibuf_I_O)         1.458     1.458 r  u_clk_wiz/inst/clkin1_ibufg/O
                         net (fo=1, routed)           1.233     2.691    u_clk_wiz/inst/clk_clk_wiz_0
    MMCME2_ADV_X1Y0      MMCME2_ADV (Prop_mmcme2_adv_CLKIN1_CLKOUT1)
                                                     -6.961    -4.269 r  u_clk_wiz/inst/mmcm_adv_inst/CLKOUT1
                         net (fo=2, routed)           1.661    -2.608    u_clk_wiz/inst/clk40MHz_clk_wiz_0
    BUFGCTRL_X0Y0        BUFGCTRL (Prop_bufgctrl_I0_O)
                                                      0.096    -2.512 r  u_clk_wiz/inst/clkout2_buf/O
                         net (fo=421, routed)         1.570    -0.942    u_top_vga/u_rect_ctl/clk40MHz
    SLICE_X15Y2          FDCE                                         r  u_top_vga/u_rect_ctl/v_fp_reg[19]/C
  -------------------------------------------------------------------    -------------------
    SLICE_X15Y2          FDCE (Prop_fdce_C_Q)         0.456    -0.486 r  u_top_vga/u_rect_ctl/v_fp_reg[19]/Q
                         net (fo=12, routed)          1.201     0.715    u_top_vga/u_rect_ctl/v_fp_reg_n_0_[19]
    DSP48_X0Y0           DSP48E1 (Prop_dsp48e1_A[27]_P[4])
                                                      3.841     4.556 f  u_top_vga/u_rect_ctl/state4/P[4]
                         net (fo=1, routed)           1.131     5.688    u_top_vga/u_rect_ctl/state4_n_101
    SLICE_X10Y1          LUT1 (Prop_lut1_I0_O)        0.124     5.812 r  u_top_vga/u_rect_ctl/i__carry__0_i_4__1/O
                         net (fo=1, routed)           0.000     5.812    u_top_vga/u_rect_ctl/i__carry__0_i_4__1_n_0
    SLICE_X10Y1          CARRY4 (Prop_carry4_S[0]_CO[3])
                                                      0.513     6.325 r  u_top_vga/u_rect_ctl/state3_inferred__0/i__carry__0/CO[3]
                         net (fo=1, routed)           0.000     6.325    u_top_vga/u_rect_ctl/state3_inferred__0/i__carry__0_n_0
    SLICE_X10Y2          CARRY4 (Prop_carry4_CI_CO[3])
                                                      0.117     6.442 r  u_top_vga/u_rect_ctl/state3_inferred__0/i__carry__1/CO[3]
                         net (fo=1, routed)           0.000     6.442    u_top_vga/u_rect_ctl/state3_inferred__0/i__carry__1_n_0
    SLICE_X10Y3          CARRY4 (Prop_carry4_CI_CO[3])
                                                      0.117     6.559 r  u_top_vga/u_rect_ctl/state3_inferred__0/i__carry__2/CO[3]
                         net (fo=1, routed)           0.000     6.559    u_top_vga/u_rect_ctl/state3_inferred__0/i__carry__2_n_0
    SLICE_X10Y4          CARRY4 (Prop_carry4_CI_O[3])
                                                      0.315     6.874 f  u_top_vga/u_rect_ctl/state3_inferred__0/i__carry__3/O[3]
                         net (fo=21, routed)          0.842     7.716    u_top_vga/u_rect_ctl/state20
    SLICE_X11Y3          LUT2 (Prop_lut2_I0_O)        0.307     8.023 r  u_top_vga/u_rect_ctl/i__carry__0_i_3__2/O
                         net (fo=1, routed)           0.000     8.023    u_top_vga/u_rect_ctl/i__carry__0_i_3__2_n_0
    SLICE_X11Y3          CARRY4 (Prop_carry4_S[1]_CO[3])
                                                      0.550     8.573 r  u_top_vga/u_rect_ctl/state1_inferred__1/i__carry__0/CO[3]
                         net (fo=1, routed)           0.000     8.573    u_top_vga/u_rect_ctl/state1_inferred__1/i__carry__0_n_0
    SLICE_X11Y4          CARRY4 (Prop_carry4_CI_CO[1])
                                                      0.157     8.730 f  u_top_vga/u_rect_ctl/state1_inferred__1/i__carry__1/CO[1]
                         net (fo=21, routed)          1.761    10.490    u_top_vga/u_rect_ctl/state10_in
    SLICE_X13Y0          LUT6 (Prop_lut6_I0_O)        0.329    10.819 r  u_top_vga/u_rect_ctl/v_fp[2]_i_1/O
                         net (fo=1, routed)           0.000    10.819    u_top_vga/u_rect_ctl/v_fp[2]_i_1_n_0
    SLICE_X13Y0          FDCE                                         r  u_top_vga/u_rect_ctl/v_fp_reg[2]/D
  -------------------------------------------------------------------    -------------------

                         (clock clk40MHz_clk_wiz_0 rise edge)
                                                     25.000    25.000 r  
    W5                                                0.000    25.000 r  clk (IN)
                         net (fo=0)                   0.000    25.000    u_clk_wiz/inst/clk
    W5                   IBUF (Prop_ibuf_I_O)         1.388    26.388 r  u_clk_wiz/inst/clkin1_ibufg/O
                         net (fo=1, routed)           1.162    27.550    u_clk_wiz/inst/clk_clk_wiz_0
    MMCME2_ADV_X1Y0      MMCME2_ADV (Prop_mmcme2_adv_CLKIN1_CLKOUT1)
                                                     -7.217    20.332 r  u_clk_wiz/inst/mmcm_adv_inst/CLKOUT1
                         net (fo=2, routed)           1.581    21.914    u_clk_wiz/inst/clk40MHz_clk_wiz_0
    BUFGCTRL_X0Y0        BUFGCTRL (Prop_bufgctrl_I0_O)
                                                      0.091    22.005 r  u_clk_wiz/inst/clkout2_buf/O
                         net (fo=421, routed)         1.451    23.456    u_top_vga/u_rect_ctl/clk40MHz
    SLICE_X13Y0          FDCE                                         r  u_top_vga/u_rect_ctl/v_fp_reg[2]/C
                         clock pessimism              0.578    24.033    
                         clock uncertainty           -0.087    23.946    
    SLICE_X13Y0          FDCE (Setup_fdce_C_D)        0.031    23.977    u_top_vga/u_rect_ctl/v_fp_reg[2]
  -------------------------------------------------------------------
                         required time                         23.977    
                         arrival time                         -10.819    
  -------------------------------------------------------------------
                         slack                                 13.158    

Slack (MET) :             13.221ns  (required time - arrival time)
  Source:                 u_top_vga/u_rect_ctl/v_fp_reg[19]/C
                            (rising edge-triggered cell FDCE clocked by clk40MHz_clk_wiz_0  {rise@0.000ns fall@12.500ns period=25.000ns})
  Destination:            u_top_vga/u_rect_ctl/v_fp_reg[0]/D
                            (rising edge-triggered cell FDCE clocked by clk40MHz_clk_wiz_0  {rise@0.000ns fall@12.500ns period=25.000ns})
  Path Group:             clk40MHz_clk_wiz_0
  Path Type:              Setup (Max at Slow Process Corner)
  Requirement:            25.000ns  (clk40MHz_clk_wiz_0 rise@25.000ns - clk40MHz_clk_wiz_0 rise@0.000ns)
  Data Path Delay:        11.699ns  (logic 6.826ns (58.348%)  route 4.873ns (41.652%))
  Logic Levels:           10  (CARRY4=6 DSP48E1=1 LUT1=1 LUT2=1 LUT6=1)
  Clock Path Skew:        -0.025ns (DCD - SCD + CPR)
    Destination Clock Delay (DCD):    -1.544ns = ( 23.456 - 25.000 ) 
    Source Clock Delay      (SCD):    -0.942ns
    Clock Pessimism Removal (CPR):    0.578ns
  Clock Uncertainty:      0.087ns  ((TSJ^2 + DJ^2)^1/2) / 2 + PE
    Total System Jitter     (TSJ):    0.071ns
    Discrete Jitter          (DJ):    0.159ns
    Phase Error              (PE):    0.000ns

    Location             Delay type                Incr(ns)  Path(ns)    Netlist Resource(s)
  -------------------------------------------------------------------    -------------------
                         (clock clk40MHz_clk_wiz_0 rise edge)
                                                      0.000     0.000 r  
    W5                                                0.000     0.000 r  clk (IN)
                         net (fo=0)                   0.000     0.000    u_clk_wiz/inst/clk
    W5                   IBUF (Prop_ibuf_I_O)         1.458     1.458 r  u_clk_wiz/inst/clkin1_ibufg/O
                         net (fo=1, routed)           1.233     2.691    u_clk_wiz/inst/clk_clk_wiz_0
    MMCME2_ADV_X1Y0      MMCME2_ADV (Prop_mmcme2_adv_CLKIN1_CLKOUT1)
                                                     -6.961    -4.269 r  u_clk_wiz/inst/mmcm_adv_inst/CLKOUT1
                         net (fo=2, routed)           1.661    -2.608    u_clk_wiz/inst/clk40MHz_clk_wiz_0
    BUFGCTRL_X0Y0        BUFGCTRL (Prop_bufgctrl_I0_O)
                                                      0.096    -2.512 r  u_clk_wiz/inst/clkout2_buf/O
                         net (fo=421, routed)         1.570    -0.942    u_top_vga/u_rect_ctl/clk40MHz
    SLICE_X15Y2          FDCE                                         r  u_top_vga/u_rect_ctl/v_fp_reg[19]/C
  -------------------------------------------------------------------    -------------------
    SLICE_X15Y2          FDCE (Prop_fdce_C_Q)         0.456    -0.486 r  u_top_vga/u_rect_ctl/v_fp_reg[19]/Q
                         net (fo=12, routed)          1.201     0.715    u_top_vga/u_rect_ctl/v_fp_reg_n_0_[19]
    DSP48_X0Y0           DSP48E1 (Prop_dsp48e1_A[27]_P[4])
                                                      3.841     4.556 f  u_top_vga/u_rect_ctl/state4/P[4]
                         net (fo=1, routed)           1.131     5.688    u_top_vga/u_rect_ctl/state4_n_101
    SLICE_X10Y1          LUT1 (Prop_lut1_I0_O)        0.124     5.812 r  u_top_vga/u_rect_ctl/i__carry__0_i_4__1/O
                         net (fo=1, routed)           0.000     5.812    u_top_vga/u_rect_ctl/i__carry__0_i_4__1_n_0
    SLICE_X10Y1          CARRY4 (Prop_carry4_S[0]_CO[3])
                                                      0.513     6.325 r  u_top_vga/u_rect_ctl/state3_inferred__0/i__carry__0/CO[3]
                         net (fo=1, routed)           0.000     6.325    u_top_vga/u_rect_ctl/state3_inferred__0/i__carry__0_n_0
    SLICE_X10Y2          CARRY4 (Prop_carry4_CI_CO[3])
                                                      0.117     6.442 r  u_top_vga/u_rect_ctl/state3_inferred__0/i__carry__1/CO[3]
                         net (fo=1, routed)           0.000     6.442    u_top_vga/u_rect_ctl/state3_inferred__0/i__carry__1_n_0
    SLICE_X10Y3          CARRY4 (Prop_carry4_CI_CO[3])
                                                      0.117     6.559 r  u_top_vga/u_rect_ctl/state3_inferred__0/i__carry__2/CO[3]
                         net (fo=1, routed)           0.000     6.559    u_top_vga/u_rect_ctl/state3_inferred__0/i__carry__2_n_0
    SLICE_X10Y4          CARRY4 (Prop_carry4_CI_O[3])
                                                      0.315     6.874 f  u_top_vga/u_rect_ctl/state3_inferred__0/i__carry__3/O[3]
                         net (fo=21, routed)          0.842     7.716    u_top_vga/u_rect_ctl/state20
    SLICE_X11Y3          LUT2 (Prop_lut2_I0_O)        0.307     8.023 r  u_top_vga/u_rect_ctl/i__carry__0_i_3__2/O
                         net (fo=1, routed)           0.000     8.023    u_top_vga/u_rect_ctl/i__carry__0_i_3__2_n_0
    SLICE_X11Y3          CARRY4 (Prop_carry4_S[1]_CO[3])
                                                      0.550     8.573 r  u_top_vga/u_rect_ctl/state1_inferred__1/i__carry__0/CO[3]
                         net (fo=1, routed)           0.000     8.573    u_top_vga/u_rect_ctl/state1_inferred__1/i__carry__0_n_0
    SLICE_X11Y4          CARRY4 (Prop_carry4_CI_CO[1])
                                                      0.157     8.730 f  u_top_vga/u_rect_ctl/state1_inferred__1/i__carry__1/CO[1]
                         net (fo=21, routed)          1.699    10.428    u_top_vga/u_rect_ctl/state10_in
    SLICE_X15Y1          LUT6 (Prop_lut6_I0_O)        0.329    10.757 r  u_top_vga/u_rect_ctl/v_fp[0]_i_1/O
                         net (fo=1, routed)           0.000    10.757    u_top_vga/u_rect_ctl/v_fp[0]_i_1_n_0
    SLICE_X15Y1          FDCE                                         r  u_top_vga/u_rect_ctl/v_fp_reg[0]/D
  -------------------------------------------------------------------    -------------------

                         (clock clk40MHz_clk_wiz_0 rise edge)
                                                     25.000    25.000 r  
    W5                                                0.000    25.000 r  clk (IN)
                         net (fo=0)                   0.000    25.000    u_clk_wiz/inst/clk
    W5                   IBUF (Prop_ibuf_I_O)         1.388    26.388 r  u_clk_wiz/inst/clkin1_ibufg/O
                         net (fo=1, routed)           1.162    27.550    u_clk_wiz/inst/clk_clk_wiz_0
    MMCME2_ADV_X1Y0      MMCME2_ADV (Prop_mmcme2_adv_CLKIN1_CLKOUT1)
                                                     -7.217    20.332 r  u_clk_wiz/inst/mmcm_adv_inst/CLKOUT1
                         net (fo=2, routed)           1.581    21.914    u_clk_wiz/inst/clk40MHz_clk_wiz_0
    BUFGCTRL_X0Y0        BUFGCTRL (Prop_bufgctrl_I0_O)
                                                      0.091    22.005 r  u_clk_wiz/inst/clkout2_buf/O
                         net (fo=421, routed)         1.451    23.456    u_top_vga/u_rect_ctl/clk40MHz
    SLICE_X15Y1          FDCE                                         r  u_top_vga/u_rect_ctl/v_fp_reg[0]/C
                         clock pessimism              0.578    24.033    
                         clock uncertainty           -0.087    23.946    
    SLICE_X15Y1          FDCE (Setup_fdce_C_D)        0.032    23.978    u_top_vga/u_rect_ctl/v_fp_reg[0]
  -------------------------------------------------------------------
                         required time                         23.978    
                         arrival time                         -10.757    
  -------------------------------------------------------------------
                         slack                                 13.221    

Slack (MET) :             13.225ns  (required time - arrival time)
  Source:                 u_top_vga/u_rect_ctl/v_fp_reg[19]/C
                            (rising edge-triggered cell FDCE clocked by clk40MHz_clk_wiz_0  {rise@0.000ns fall@12.500ns period=25.000ns})
  Destination:            u_top_vga/u_rect_ctl/v_fp_reg[7]/D
                            (rising edge-triggered cell FDCE clocked by clk40MHz_clk_wiz_0  {rise@0.000ns fall@12.500ns period=25.000ns})
  Path Group:             clk40MHz_clk_wiz_0
  Path Type:              Setup (Max at Slow Process Corner)
  Requirement:            25.000ns  (clk40MHz_clk_wiz_0 rise@25.000ns - clk40MHz_clk_wiz_0 rise@0.000ns)
  Data Path Delay:        11.694ns  (logic 6.826ns (58.372%)  route 4.868ns (41.628%))
  Logic Levels:           10  (CARRY4=6 DSP48E1=1 LUT1=1 LUT2=1 LUT6=1)
  Clock Path Skew:        -0.025ns (DCD - SCD + CPR)
    Destination Clock Delay (DCD):    -1.544ns = ( 23.456 - 25.000 ) 
    Source Clock Delay      (SCD):    -0.942ns
    Clock Pessimism Removal (CPR):    0.578ns
  Clock Uncertainty:      0.087ns  ((TSJ^2 + DJ^2)^1/2) / 2 + PE
    Total System Jitter     (TSJ):    0.071ns
    Discrete Jitter          (DJ):    0.159ns
    Phase Error              (PE):    0.000ns

    Location             Delay type                Incr(ns)  Path(ns)    Netlist Resource(s)
  -------------------------------------------------------------------    -------------------
                         (clock clk40MHz_clk_wiz_0 rise edge)
                                                      0.000     0.000 r  
    W5                                                0.000     0.000 r  clk (IN)
                         net (fo=0)                   0.000     0.000    u_clk_wiz/inst/clk
    W5                   IBUF (Prop_ibuf_I_O)         1.458     1.458 r  u_clk_wiz/inst/clkin1_ibufg/O
                         net (fo=1, routed)           1.233     2.691    u_clk_wiz/inst/clk_clk_wiz_0
    MMCME2_ADV_X1Y0      MMCME2_ADV (Prop_mmcme2_adv_CLKIN1_CLKOUT1)
                                                     -6.961    -4.269 r  u_clk_wiz/inst/mmcm_adv_inst/CLKOUT1
                         net (fo=2, routed)           1.661    -2.608    u_clk_wiz/inst/clk40MHz_clk_wiz_0
    BUFGCTRL_X0Y0        BUFGCTRL (Prop_bufgctrl_I0_O)
                                                      0.096    -2.512 r  u_clk_wiz/inst/clkout2_buf/O
                         net (fo=421, routed)         1.570    -0.942    u_top_vga/u_rect_ctl/clk40MHz
    SLICE_X15Y2          FDCE                                         r  u_top_vga/u_rect_ctl/v_fp_reg[19]/C
  -------------------------------------------------------------------    -------------------
    SLICE_X15Y2          FDCE (Prop_fdce_C_Q)         0.456    -0.486 r  u_top_vga/u_rect_ctl/v_fp_reg[19]/Q
                         net (fo=12, routed)          1.201     0.715    u_top_vga/u_rect_ctl/v_fp_reg_n_0_[19]
    DSP48_X0Y0           DSP48E1 (Prop_dsp48e1_A[27]_P[4])
                                                      3.841     4.556 f  u_top_vga/u_rect_ctl/state4/P[4]
                         net (fo=1, routed)           1.131     5.688    u_top_vga/u_rect_ctl/state4_n_101
    SLICE_X10Y1          LUT1 (Prop_lut1_I0_O)        0.124     5.812 r  u_top_vga/u_rect_ctl/i__carry__0_i_4__1/O
                         net (fo=1, routed)           0.000     5.812    u_top_vga/u_rect_ctl/i__carry__0_i_4__1_n_0
    SLICE_X10Y1          CARRY4 (Prop_carry4_S[0]_CO[3])
                                                      0.513     6.325 r  u_top_vga/u_rect_ctl/state3_inferred__0/i__carry__0/CO[3]
                         net (fo=1, routed)           0.000     6.325    u_top_vga/u_rect_ctl/state3_inferred__0/i__carry__0_n_0
    SLICE_X10Y2          CARRY4 (Prop_carry4_CI_CO[3])
                                                      0.117     6.442 r  u_top_vga/u_rect_ctl/state3_inferred__0/i__carry__1/CO[3]
                         net (fo=1, routed)           0.000     6.442    u_top_vga/u_rect_ctl/state3_inferred__0/i__carry__1_n_0
    SLICE_X10Y3          CARRY4 (Prop_carry4_CI_CO[3])
                                                      0.117     6.559 r  u_top_vga/u_rect_ctl/state3_inferred__0/i__carry__2/CO[3]
                         net (fo=1, routed)           0.000     6.559    u_top_vga/u_rect_ctl/state3_inferred__0/i__carry__2_n_0
    SLICE_X10Y4          CARRY4 (Prop_carry4_CI_O[3])
                                                      0.315     6.874 f  u_top_vga/u_rect_ctl/state3_inferred__0/i__carry__3/O[3]
                         net (fo=21, routed)          0.842     7.716    u_top_vga/u_rect_ctl/state20
    SLICE_X11Y3          LUT2 (Prop_lut2_I0_O)        0.307     8.023 r  u_top_vga/u_rect_ctl/i__carry__0_i_3__2/O
                         net (fo=1, routed)           0.000     8.023    u_top_vga/u_rect_ctl/i__carry__0_i_3__2_n_0
    SLICE_X11Y3          CARRY4 (Prop_carry4_S[1]_CO[3])
                                                      0.550     8.573 r  u_top_vga/u_rect_ctl/state1_inferred__1/i__carry__0/CO[3]
                         net (fo=1, routed)           0.000     8.573    u_top_vga/u_rect_ctl/state1_inferred__1/i__carry__0_n_0
    SLICE_X11Y4          CARRY4 (Prop_carry4_CI_CO[1])
                                                      0.157     8.730 f  u_top_vga/u_rect_ctl/state1_inferred__1/i__carry__1/CO[1]
                         net (fo=21, routed)          1.694    10.423    u_top_vga/u_rect_ctl/state10_in
    SLICE_X15Y1          LUT6 (Prop_lut6_I0_O)        0.329    10.752 r  u_top_vga/u_rect_ctl/v_fp[7]_i_1/O
                         net (fo=1, routed)           0.000    10.752    u_top_vga/u_rect_ctl/v_fp[7]_i_1_n_0
    SLICE_X15Y1          FDCE                                         r  u_top_vga/u_rect_ctl/v_fp_reg[7]/D
  -------------------------------------------------------------------    -------------------

                         (clock clk40MHz_clk_wiz_0 rise edge)
                                                     25.000    25.000 r  
    W5                                                0.000    25.000 r  clk (IN)
                         net (fo=0)                   0.000    25.000    u_clk_wiz/inst/clk
    W5                   IBUF (Prop_ibuf_I_O)         1.388    26.388 r  u_clk_wiz/inst/clkin1_ibufg/O
                         net (fo=1, routed)           1.162    27.550    u_clk_wiz/inst/clk_clk_wiz_0
    MMCME2_ADV_X1Y0      MMCME2_ADV (Prop_mmcme2_adv_CLKIN1_CLKOUT1)
                                                     -7.217    20.332 r  u_clk_wiz/inst/mmcm_adv_inst/CLKOUT1
                         net (fo=2, routed)           1.581    21.914    u_clk_wiz/inst/clk40MHz_clk_wiz_0
    BUFGCTRL_X0Y0        BUFGCTRL (Prop_bufgctrl_I0_O)
                                                      0.091    22.005 r  u_clk_wiz/inst/clkout2_buf/O
                         net (fo=421, routed)         1.451    23.456    u_top_vga/u_rect_ctl/clk40MHz
    SLICE_X15Y1          FDCE                                         r  u_top_vga/u_rect_ctl/v_fp_reg[7]/C
                         clock pessimism              0.578    24.033    
                         clock uncertainty           -0.087    23.946    
    SLICE_X15Y1          FDCE (Setup_fdce_C_D)        0.031    23.977    u_top_vga/u_rect_ctl/v_fp_reg[7]
  -------------------------------------------------------------------
                         required time                         23.977    
                         arrival time                         -10.752    
  -------------------------------------------------------------------
                         slack                                 13.225    

Slack (MET) :             13.423ns  (required time - arrival time)
  Source:                 u_top_vga/u_rect_ctl/v_fp_reg[19]/C
                            (rising edge-triggered cell FDCE clocked by clk40MHz_clk_wiz_0  {rise@0.000ns fall@12.500ns period=25.000ns})
  Destination:            u_top_vga/u_rect_ctl/v_fp_reg[9]/D
                            (rising edge-triggered cell FDCE clocked by clk40MHz_clk_wiz_0  {rise@0.000ns fall@12.500ns period=25.000ns})
  Path Group:             clk40MHz_clk_wiz_0
  Path Type:              Setup (Max at Slow Process Corner)
  Requirement:            25.000ns  (clk40MHz_clk_wiz_0 rise@25.000ns - clk40MHz_clk_wiz_0 rise@0.000ns)
  Data Path Delay:        11.522ns  (logic 6.826ns (59.244%)  route 4.696ns (40.756%))
  Logic Levels:           10  (CARRY4=6 DSP48E1=1 LUT1=1 LUT2=1 LUT6=1)
  Clock Path Skew:        0.000ns (DCD - SCD + CPR)
    Destination Clock Delay (DCD):    -1.544ns = ( 23.456 - 25.000 ) 
    Source Clock Delay      (SCD):    -0.942ns
    Clock Pessimism Removal (CPR):    0.603ns
  Clock Uncertainty:      0.087ns  ((TSJ^2 + DJ^2)^1/2) / 2 + PE
    Total System Jitter     (TSJ):    0.071ns
    Discrete Jitter          (DJ):    0.159ns
    Phase Error              (PE):    0.000ns

    Location             Delay type                Incr(ns)  Path(ns)    Netlist Resource(s)
  -------------------------------------------------------------------    -------------------
                         (clock clk40MHz_clk_wiz_0 rise edge)
                                                      0.000     0.000 r  
    W5                                                0.000     0.000 r  clk (IN)
                         net (fo=0)                   0.000     0.000    u_clk_wiz/inst/clk
    W5                   IBUF (Prop_ibuf_I_O)         1.458     1.458 r  u_clk_wiz/inst/clkin1_ibufg/O
                         net (fo=1, routed)           1.233     2.691    u_clk_wiz/inst/clk_clk_wiz_0
    MMCME2_ADV_X1Y0      MMCME2_ADV (Prop_mmcme2_adv_CLKIN1_CLKOUT1)
                                                     -6.961    -4.269 r  u_clk_wiz/inst/mmcm_adv_inst/CLKOUT1
                         net (fo=2, routed)           1.661    -2.608    u_clk_wiz/inst/clk40MHz_clk_wiz_0
    BUFGCTRL_X0Y0        BUFGCTRL (Prop_bufgctrl_I0_O)
                                                      0.096    -2.512 r  u_clk_wiz/inst/clkout2_buf/O
                         net (fo=421, routed)         1.570    -0.942    u_top_vga/u_rect_ctl/clk40MHz
    SLICE_X15Y2          FDCE                                         r  u_top_vga/u_rect_ctl/v_fp_reg[19]/C
  -------------------------------------------------------------------    -------------------
    SLICE_X15Y2          FDCE (Prop_fdce_C_Q)         0.456    -0.486 r  u_top_vga/u_rect_ctl/v_fp_reg[19]/Q
                         net (fo=12, routed)          1.201     0.715    u_top_vga/u_rect_ctl/v_fp_reg_n_0_[19]
    DSP48_X0Y0           DSP48E1 (Prop_dsp48e1_A[27]_P[4])
                                                      3.841     4.556 f  u_top_vga/u_rect_ctl/state4/P[4]
                         net (fo=1, routed)           1.131     5.688    u_top_vga/u_rect_ctl/state4_n_101
    SLICE_X10Y1          LUT1 (Prop_lut1_I0_O)        0.124     5.812 r  u_top_vga/u_rect_ctl/i__carry__0_i_4__1/O
                         net (fo=1, routed)           0.000     5.812    u_top_vga/u_rect_ctl/i__carry__0_i_4__1_n_0
    SLICE_X10Y1          CARRY4 (Prop_carry4_S[0]_CO[3])
                                                      0.513     6.325 r  u_top_vga/u_rect_ctl/state3_inferred__0/i__carry__0/CO[3]
                         net (fo=1, routed)           0.000     6.325    u_top_vga/u_rect_ctl/state3_inferred__0/i__carry__0_n_0
    SLICE_X10Y2          CARRY4 (Prop_carry4_CI_CO[3])
                                                      0.117     6.442 r  u_top_vga/u_rect_ctl/state3_inferred__0/i__carry__1/CO[3]
                         net (fo=1, routed)           0.000     6.442    u_top_vga/u_rect_ctl/state3_inferred__0/i__carry__1_n_0
    SLICE_X10Y3          CARRY4 (Prop_carry4_CI_CO[3])
                                                      0.117     6.559 r  u_top_vga/u_rect_ctl/state3_inferred__0/i__carry__2/CO[3]
                         net (fo=1, routed)           0.000     6.559    u_top_vga/u_rect_ctl/state3_inferred__0/i__carry__2_n_0
    SLICE_X10Y4          CARRY4 (Prop_carry4_CI_O[3])
                                                      0.315     6.874 f  u_top_vga/u_rect_ctl/state3_inferred__0/i__carry__3/O[3]
                         net (fo=21, routed)          0.842     7.716    u_top_vga/u_rect_ctl/state20
    SLICE_X11Y3          LUT2 (Prop_lut2_I0_O)        0.307     8.023 r  u_top_vga/u_rect_ctl/i__carry__0_i_3__2/O
                         net (fo=1, routed)           0.000     8.023    u_top_vga/u_rect_ctl/i__carry__0_i_3__2_n_0
    SLICE_X11Y3          CARRY4 (Prop_carry4_S[1]_CO[3])
                                                      0.550     8.573 r  u_top_vga/u_rect_ctl/state1_inferred__1/i__carry__0/CO[3]
                         net (fo=1, routed)           0.000     8.573    u_top_vga/u_rect_ctl/state1_inferred__1/i__carry__0_n_0
    SLICE_X11Y4          CARRY4 (Prop_carry4_CI_CO[1])
                                                      0.157     8.730 f  u_top_vga/u_rect_ctl/state1_inferred__1/i__carry__1/CO[1]
                         net (fo=21, routed)          1.522    10.251    u_top_vga/u_rect_ctl/state10_in
    SLICE_X15Y2          LUT6 (Prop_lut6_I0_O)        0.329    10.580 r  u_top_vga/u_rect_ctl/v_fp[9]_i_1/O
                         net (fo=1, routed)           0.000    10.580    u_top_vga/u_rect_ctl/v_fp[9]_i_1_n_0
    SLICE_X15Y2          FDCE                                         r  u_top_vga/u_rect_ctl/v_fp_reg[9]/D
  -------------------------------------------------------------------    -------------------

                         (clock clk40MHz_clk_wiz_0 rise edge)
                                                     25.000    25.000 r  
    W5                                                0.000    25.000 r  clk (IN)
                         net (fo=0)                   0.000    25.000    u_clk_wiz/inst/clk
    W5                   IBUF (Prop_ibuf_I_O)         1.388    26.388 r  u_clk_wiz/inst/clkin1_ibufg/O
                         net (fo=1, routed)           1.162    27.550    u_clk_wiz/inst/clk_clk_wiz_0
    MMCME2_ADV_X1Y0      MMCME2_ADV (Prop_mmcme2_adv_CLKIN1_CLKOUT1)
                                                     -7.217    20.332 r  u_clk_wiz/inst/mmcm_adv_inst/CLKOUT1
                         net (fo=2, routed)           1.581    21.914    u_clk_wiz/inst/clk40MHz_clk_wiz_0
    BUFGCTRL_X0Y0        BUFGCTRL (Prop_bufgctrl_I0_O)
                                                      0.091    22.005 r  u_clk_wiz/inst/clkout2_buf/O
                         net (fo=421, routed)         1.451    23.456    u_top_vga/u_rect_ctl/clk40MHz
    SLICE_X15Y2          FDCE                                         r  u_top_vga/u_rect_ctl/v_fp_reg[9]/C
                         clock pessimism              0.603    24.058    
                         clock uncertainty           -0.087    23.971    
    SLICE_X15Y2          FDCE (Setup_fdce_C_D)        0.032    24.003    u_top_vga/u_rect_ctl/v_fp_reg[9]
  -------------------------------------------------------------------
                         required time                         24.003    
                         arrival time                         -10.580    
  -------------------------------------------------------------------
                         slack                                 13.423    

Slack (MET) :             13.427ns  (required time - arrival time)
  Source:                 u_top_vga/u_rect_ctl/v_fp_reg[19]/C
                            (rising edge-triggered cell FDCE clocked by clk40MHz_clk_wiz_0  {rise@0.000ns fall@12.500ns period=25.000ns})
  Destination:            u_top_vga/u_rect_ctl/v_fp_reg[8]/D
                            (rising edge-triggered cell FDCE clocked by clk40MHz_clk_wiz_0  {rise@0.000ns fall@12.500ns period=25.000ns})
  Path Group:             clk40MHz_clk_wiz_0
  Path Type:              Setup (Max at Slow Process Corner)
  Requirement:            25.000ns  (clk40MHz_clk_wiz_0 rise@25.000ns - clk40MHz_clk_wiz_0 rise@0.000ns)
  Data Path Delay:        11.517ns  (logic 6.826ns (59.270%)  route 4.691ns (40.730%))
  Logic Levels:           10  (CARRY4=6 DSP48E1=1 LUT1=1 LUT2=1 LUT6=1)
  Clock Path Skew:        0.000ns (DCD - SCD + CPR)
    Destination Clock Delay (DCD):    -1.544ns = ( 23.456 - 25.000 ) 
    Source Clock Delay      (SCD):    -0.942ns
    Clock Pessimism Removal (CPR):    0.603ns
  Clock Uncertainty:      0.087ns  ((TSJ^2 + DJ^2)^1/2) / 2 + PE
    Total System Jitter     (TSJ):    0.071ns
    Discrete Jitter          (DJ):    0.159ns
    Phase Error              (PE):    0.000ns

    Location             Delay type                Incr(ns)  Path(ns)    Netlist Resource(s)
  -------------------------------------------------------------------    -------------------
                         (clock clk40MHz_clk_wiz_0 rise edge)
                                                      0.000     0.000 r  
    W5                                                0.000     0.000 r  clk (IN)
                         net (fo=0)                   0.000     0.000    u_clk_wiz/inst/clk
    W5                   IBUF (Prop_ibuf_I_O)         1.458     1.458 r  u_clk_wiz/inst/clkin1_ibufg/O
                         net (fo=1, routed)           1.233     2.691    u_clk_wiz/inst/clk_clk_wiz_0
    MMCME2_ADV_X1Y0      MMCME2_ADV (Prop_mmcme2_adv_CLKIN1_CLKOUT1)
                                                     -6.961    -4.269 r  u_clk_wiz/inst/mmcm_adv_inst/CLKOUT1
                         net (fo=2, routed)           1.661    -2.608    u_clk_wiz/inst/clk40MHz_clk_wiz_0
    BUFGCTRL_X0Y0        BUFGCTRL (Prop_bufgctrl_I0_O)
                                                      0.096    -2.512 r  u_clk_wiz/inst/clkout2_buf/O
                         net (fo=421, routed)         1.570    -0.942    u_top_vga/u_rect_ctl/clk40MHz
    SLICE_X15Y2          FDCE                                         r  u_top_vga/u_rect_ctl/v_fp_reg[19]/C
  -------------------------------------------------------------------    -------------------
    SLICE_X15Y2          FDCE (Prop_fdce_C_Q)         0.456    -0.486 r  u_top_vga/u_rect_ctl/v_fp_reg[19]/Q
                         net (fo=12, routed)          1.201     0.715    u_top_vga/u_rect_ctl/v_fp_reg_n_0_[19]
    DSP48_X0Y0           DSP48E1 (Prop_dsp48e1_A[27]_P[4])
                                                      3.841     4.556 f  u_top_vga/u_rect_ctl/state4/P[4]
                         net (fo=1, routed)           1.131     5.688    u_top_vga/u_rect_ctl/state4_n_101
    SLICE_X10Y1          LUT1 (Prop_lut1_I0_O)        0.124     5.812 r  u_top_vga/u_rect_ctl/i__carry__0_i_4__1/O
                         net (fo=1, routed)           0.000     5.812    u_top_vga/u_rect_ctl/i__carry__0_i_4__1_n_0
    SLICE_X10Y1          CARRY4 (Prop_carry4_S[0]_CO[3])
                                                      0.513     6.325 r  u_top_vga/u_rect_ctl/state3_inferred__0/i__carry__0/CO[3]
                         net (fo=1, routed)           0.000     6.325    u_top_vga/u_rect_ctl/state3_inferred__0/i__carry__0_n_0
    SLICE_X10Y2          CARRY4 (Prop_carry4_CI_CO[3])
                                                      0.117     6.442 r  u_top_vga/u_rect_ctl/state3_inferred__0/i__carry__1/CO[3]
                         net (fo=1, routed)           0.000     6.442    u_top_vga/u_rect_ctl/state3_inferred__0/i__carry__1_n_0
    SLICE_X10Y3          CARRY4 (Prop_carry4_CI_CO[3])
                                                      0.117     6.559 r  u_top_vga/u_rect_ctl/state3_inferred__0/i__carry__2/CO[3]
                         net (fo=1, routed)           0.000     6.559    u_top_vga/u_rect_ctl/state3_inferred__0/i__carry__2_n_0
    SLICE_X10Y4          CARRY4 (Prop_carry4_CI_O[3])
                                                      0.315     6.874 f  u_top_vga/u_rect_ctl/state3_inferred__0/i__carry__3/O[3]
                         net (fo=21, routed)          0.842     7.716    u_top_vga/u_rect_ctl/state20
    SLICE_X11Y3          LUT2 (Prop_lut2_I0_O)        0.307     8.023 r  u_top_vga/u_rect_ctl/i__carry__0_i_3__2/O
                         net (fo=1, routed)           0.000     8.023    u_top_vga/u_rect_ctl/i__carry__0_i_3__2_n_0
    SLICE_X11Y3          CARRY4 (Prop_carry4_S[1]_CO[3])
                                                      0.550     8.573 r  u_top_vga/u_rect_ctl/state1_inferred__1/i__carry__0/CO[3]
                         net (fo=1, routed)           0.000     8.573    u_top_vga/u_rect_ctl/state1_inferred__1/i__carry__0_n_0
    SLICE_X11Y4          CARRY4 (Prop_carry4_CI_CO[1])
                                                      0.157     8.730 f  u_top_vga/u_rect_ctl/state1_inferred__1/i__carry__1/CO[1]
                         net (fo=21, routed)          1.517    10.246    u_top_vga/u_rect_ctl/state10_in
    SLICE_X15Y2          LUT6 (Prop_lut6_I0_O)        0.329    10.575 r  u_top_vga/u_rect_ctl/v_fp[8]_i_1/O
                         net (fo=1, routed)           0.000    10.575    u_top_vga/u_rect_ctl/v_fp[8]_i_1_n_0
    SLICE_X15Y2          FDCE                                         r  u_top_vga/u_rect_ctl/v_fp_reg[8]/D
  -------------------------------------------------------------------    -------------------

                         (clock clk40MHz_clk_wiz_0 rise edge)
                                                     25.000    25.000 r  
    W5                                                0.000    25.000 r  clk (IN)
                         net (fo=0)                   0.000    25.000    u_clk_wiz/inst/clk
    W5                   IBUF (Prop_ibuf_I_O)         1.388    26.388 r  u_clk_wiz/inst/clkin1_ibufg/O
                         net (fo=1, routed)           1.162    27.550    u_clk_wiz/inst/clk_clk_wiz_0
    MMCME2_ADV_X1Y0      MMCME2_ADV (Prop_mmcme2_adv_CLKIN1_CLKOUT1)
                                                     -7.217    20.332 r  u_clk_wiz/inst/mmcm_adv_inst/CLKOUT1
                         net (fo=2, routed)           1.581    21.914    u_clk_wiz/inst/clk40MHz_clk_wiz_0
    BUFGCTRL_X0Y0        BUFGCTRL (Prop_bufgctrl_I0_O)
                                                      0.091    22.005 r  u_clk_wiz/inst/clkout2_buf/O
                         net (fo=421, routed)         1.451    23.456    u_top_vga/u_rect_ctl/clk40MHz
    SLICE_X15Y2          FDCE                                         r  u_top_vga/u_rect_ctl/v_fp_reg[8]/C
                         clock pessimism              0.603    24.058    
                         clock uncertainty           -0.087    23.971    
    SLICE_X15Y2          FDCE (Setup_fdce_C_D)        0.031    24.002    u_top_vga/u_rect_ctl/v_fp_reg[8]
  -------------------------------------------------------------------
                         required time                         24.002    
                         arrival time                         -10.575    
  -------------------------------------------------------------------
                         slack                                 13.427    

Slack (MET) :             13.456ns  (required time - arrival time)
  Source:                 u_top_vga/u_rect_ctl/v_fp_reg[19]/C
                            (rising edge-triggered cell FDCE clocked by clk40MHz_clk_wiz_0  {rise@0.000ns fall@12.500ns period=25.000ns})
  Destination:            u_top_vga/u_rect_ctl/v_fp_reg[5]/D
                            (rising edge-triggered cell FDCE clocked by clk40MHz_clk_wiz_0  {rise@0.000ns fall@12.500ns period=25.000ns})
  Path Group:             clk40MHz_clk_wiz_0
  Path Type:              Setup (Max at Slow Process Corner)
  Requirement:            25.000ns  (clk40MHz_clk_wiz_0 rise@25.000ns - clk40MHz_clk_wiz_0 rise@0.000ns)
  Data Path Delay:        11.464ns  (logic 6.614ns (57.695%)  route 4.850ns (42.305%))
  Logic Levels:           8  (CARRY4=5 DSP48E1=1 LUT1=1 LUT6=1)
  Clock Path Skew:        -0.025ns (DCD - SCD + CPR)
    Destination Clock Delay (DCD):    -1.544ns = ( 23.456 - 25.000 ) 
    Source Clock Delay      (SCD):    -0.942ns
    Clock Pessimism Removal (CPR):    0.578ns
  Clock Uncertainty:      0.087ns  ((TSJ^2 + DJ^2)^1/2) / 2 + PE
    Total System Jitter     (TSJ):    0.071ns
    Discrete Jitter          (DJ):    0.159ns
    Phase Error              (PE):    0.000ns

    Location             Delay type                Incr(ns)  Path(ns)    Netlist Resource(s)
  -------------------------------------------------------------------    -------------------
                         (clock clk40MHz_clk_wiz_0 rise edge)
                                                      0.000     0.000 r  
    W5                                                0.000     0.000 r  clk (IN)
                         net (fo=0)                   0.000     0.000    u_clk_wiz/inst/clk
    W5                   IBUF (Prop_ibuf_I_O)         1.458     1.458 r  u_clk_wiz/inst/clkin1_ibufg/O
                         net (fo=1, routed)           1.233     2.691    u_clk_wiz/inst/clk_clk_wiz_0
    MMCME2_ADV_X1Y0      MMCME2_ADV (Prop_mmcme2_adv_CLKIN1_CLKOUT1)
                                                     -6.961    -4.269 r  u_clk_wiz/inst/mmcm_adv_inst/CLKOUT1
                         net (fo=2, routed)           1.661    -2.608    u_clk_wiz/inst/clk40MHz_clk_wiz_0
    BUFGCTRL_X0Y0        BUFGCTRL (Prop_bufgctrl_I0_O)
                                                      0.096    -2.512 r  u_clk_wiz/inst/clkout2_buf/O
                         net (fo=421, routed)         1.570    -0.942    u_top_vga/u_rect_ctl/clk40MHz
    SLICE_X15Y2          FDCE                                         r  u_top_vga/u_rect_ctl/v_fp_reg[19]/C
  -------------------------------------------------------------------    -------------------
    SLICE_X15Y2          FDCE (Prop_fdce_C_Q)         0.456    -0.486 r  u_top_vga/u_rect_ctl/v_fp_reg[19]/Q
                         net (fo=12, routed)          1.201     0.715    u_top_vga/u_rect_ctl/v_fp_reg_n_0_[19]
    DSP48_X0Y0           DSP48E1 (Prop_dsp48e1_A[27]_P[4])
                                                      3.841     4.556 f  u_top_vga/u_rect_ctl/state4/P[4]
                         net (fo=1, routed)           1.131     5.688    u_top_vga/u_rect_ctl/state4_n_101
    SLICE_X10Y1          LUT1 (Prop_lut1_I0_O)        0.124     5.812 r  u_top_vga/u_rect_ctl/i__carry__0_i_4__1/O
                         net (fo=1, routed)           0.000     5.812    u_top_vga/u_rect_ctl/i__carry__0_i_4__1_n_0
    SLICE_X10Y1          CARRY4 (Prop_carry4_S[0]_CO[3])
                                                      0.513     6.325 r  u_top_vga/u_rect_ctl/state3_inferred__0/i__carry__0/CO[3]
                         net (fo=1, routed)           0.000     6.325    u_top_vga/u_rect_ctl/state3_inferred__0/i__carry__0_n_0
    SLICE_X10Y2          CARRY4 (Prop_carry4_CI_CO[3])
                                                      0.117     6.442 r  u_top_vga/u_rect_ctl/state3_inferred__0/i__carry__1/CO[3]
                         net (fo=1, routed)           0.000     6.442    u_top_vga/u_rect_ctl/state3_inferred__0/i__carry__1_n_0
    SLICE_X10Y3          CARRY4 (Prop_carry4_CI_CO[3])
                                                      0.117     6.559 r  u_top_vga/u_rect_ctl/state3_inferred__0/i__carry__2/CO[3]
                         net (fo=1, routed)           0.000     6.559    u_top_vga/u_rect_ctl/state3_inferred__0/i__carry__2_n_0
    SLICE_X10Y4          CARRY4 (Prop_carry4_CI_O[3])
                                                      0.315     6.874 r  u_top_vga/u_rect_ctl/state3_inferred__0/i__carry__3/O[3]
                         net (fo=21, routed)          1.147     8.021    u_top_vga/u_rect_ctl/state20
    SLICE_X12Y3          CARRY4 (Prop_carry4_S[1]_CO[1])
                                                      0.799     8.820 f  u_top_vga/u_rect_ctl/state1_inferred__0/i__carry__1/CO[1]
                         net (fo=21, routed)          1.370    10.190    u_top_vga/u_rect_ctl/state1
    SLICE_X13Y0          LUT6 (Prop_lut6_I1_O)        0.332    10.522 r  u_top_vga/u_rect_ctl/v_fp[5]_i_1/O
                         net (fo=1, routed)           0.000    10.522    u_top_vga/u_rect_ctl/v_fp[5]_i_1_n_0
    SLICE_X13Y0          FDCE                                         r  u_top_vga/u_rect_ctl/v_fp_reg[5]/D
  -------------------------------------------------------------------    -------------------

                         (clock clk40MHz_clk_wiz_0 rise edge)
                                                     25.000    25.000 r  
    W5                                                0.000    25.000 r  clk (IN)
                         net (fo=0)                   0.000    25.000    u_clk_wiz/inst/clk
    W5                   IBUF (Prop_ibuf_I_O)         1.388    26.388 r  u_clk_wiz/inst/clkin1_ibufg/O
                         net (fo=1, routed)           1.162    27.550    u_clk_wiz/inst/clk_clk_wiz_0
    MMCME2_ADV_X1Y0      MMCME2_ADV (Prop_mmcme2_adv_CLKIN1_CLKOUT1)
                                                     -7.217    20.332 r  u_clk_wiz/inst/mmcm_adv_inst/CLKOUT1
                         net (fo=2, routed)           1.581    21.914    u_clk_wiz/inst/clk40MHz_clk_wiz_0
    BUFGCTRL_X0Y0        BUFGCTRL (Prop_bufgctrl_I0_O)
                                                      0.091    22.005 r  u_clk_wiz/inst/clkout2_buf/O
                         net (fo=421, routed)         1.451    23.456    u_top_vga/u_rect_ctl/clk40MHz
    SLICE_X13Y0          FDCE                                         r  u_top_vga/u_rect_ctl/v_fp_reg[5]/C
                         clock pessimism              0.578    24.033    
                         clock uncertainty           -0.087    23.946    
    SLICE_X13Y0          FDCE (Setup_fdce_C_D)        0.032    23.978    u_top_vga/u_rect_ctl/v_fp_reg[5]
  -------------------------------------------------------------------
                         required time                         23.978    
                         arrival time                         -10.522    
  -------------------------------------------------------------------
                         slack                                 13.456    

Slack (MET) :             13.476ns  (required time - arrival time)
  Source:                 u_top_vga/u_rect_ctl/v_fp_reg[19]/C
                            (rising edge-triggered cell FDCE clocked by clk40MHz_clk_wiz_0  {rise@0.000ns fall@12.500ns period=25.000ns})
  Destination:            u_top_vga/u_rect_ctl/v_fp_reg[3]/D
                            (rising edge-triggered cell FDCE clocked by clk40MHz_clk_wiz_0  {rise@0.000ns fall@12.500ns period=25.000ns})
  Path Group:             clk40MHz_clk_wiz_0
  Path Type:              Setup (Max at Slow Process Corner)
  Requirement:            25.000ns  (clk40MHz_clk_wiz_0 rise@25.000ns - clk40MHz_clk_wiz_0 rise@0.000ns)
  Data Path Delay:        11.443ns  (logic 6.826ns (59.653%)  route 4.617ns (40.347%))
  Logic Levels:           10  (CARRY4=6 DSP48E1=1 LUT1=1 LUT2=1 LUT6=1)
  Clock Path Skew:        -0.025ns (DCD - SCD + CPR)
    Destination Clock Delay (DCD):    -1.544ns = ( 23.456 - 25.000 ) 
    Source Clock Delay      (SCD):    -0.942ns
    Clock Pessimism Removal (CPR):    0.578ns
  Clock Uncertainty:      0.087ns  ((TSJ^2 + DJ^2)^1/2) / 2 + PE
    Total System Jitter     (TSJ):    0.071ns
    Discrete Jitter          (DJ):    0.159ns
    Phase Error              (PE):    0.000ns

    Location             Delay type                Incr(ns)  Path(ns)    Netlist Resource(s)
  -------------------------------------------------------------------    -------------------
                         (clock clk40MHz_clk_wiz_0 rise edge)
                                                      0.000     0.000 r  
    W5                                                0.000     0.000 r  clk (IN)
                         net (fo=0)                   0.000     0.000    u_clk_wiz/inst/clk
    W5                   IBUF (Prop_ibuf_I_O)         1.458     1.458 r  u_clk_wiz/inst/clkin1_ibufg/O
                         net (fo=1, routed)           1.233     2.691    u_clk_wiz/inst/clk_clk_wiz_0
    MMCME2_ADV_X1Y0      MMCME2_ADV (Prop_mmcme2_adv_CLKIN1_CLKOUT1)
                                                     -6.961    -4.269 r  u_clk_wiz/inst/mmcm_adv_inst/CLKOUT1
                         net (fo=2, routed)           1.661    -2.608    u_clk_wiz/inst/clk40MHz_clk_wiz_0
    BUFGCTRL_X0Y0        BUFGCTRL (Prop_bufgctrl_I0_O)
                                                      0.096    -2.512 r  u_clk_wiz/inst/clkout2_buf/O
                         net (fo=421, routed)         1.570    -0.942    u_top_vga/u_rect_ctl/clk40MHz
    SLICE_X15Y2          FDCE                                         r  u_top_vga/u_rect_ctl/v_fp_reg[19]/C
  -------------------------------------------------------------------    -------------------
    SLICE_X15Y2          FDCE (Prop_fdce_C_Q)         0.456    -0.486 r  u_top_vga/u_rect_ctl/v_fp_reg[19]/Q
                         net (fo=12, routed)          1.201     0.715    u_top_vga/u_rect_ctl/v_fp_reg_n_0_[19]
    DSP48_X0Y0           DSP48E1 (Prop_dsp48e1_A[27]_P[4])
                                                      3.841     4.556 f  u_top_vga/u_rect_ctl/state4/P[4]
                         net (fo=1, routed)           1.131     5.688    u_top_vga/u_rect_ctl/state4_n_101
    SLICE_X10Y1          LUT1 (Prop_lut1_I0_O)        0.124     5.812 r  u_top_vga/u_rect_ctl/i__carry__0_i_4__1/O
                         net (fo=1, routed)           0.000     5.812    u_top_vga/u_rect_ctl/i__carry__0_i_4__1_n_0
    SLICE_X10Y1          CARRY4 (Prop_carry4_S[0]_CO[3])
                                                      0.513     6.325 r  u_top_vga/u_rect_ctl/state3_inferred__0/i__carry__0/CO[3]
                         net (fo=1, routed)           0.000     6.325    u_top_vga/u_rect_ctl/state3_inferred__0/i__carry__0_n_0
    SLICE_X10Y2          CARRY4 (Prop_carry4_CI_CO[3])
                                                      0.117     6.442 r  u_top_vga/u_rect_ctl/state3_inferred__0/i__carry__1/CO[3]
                         net (fo=1, routed)           0.000     6.442    u_top_vga/u_rect_ctl/state3_inferred__0/i__carry__1_n_0
    SLICE_X10Y3          CARRY4 (Prop_carry4_CI_CO[3])
                                                      0.117     6.559 r  u_top_vga/u_rect_ctl/state3_inferred__0/i__carry__2/CO[3]
                         net (fo=1, routed)           0.000     6.559    u_top_vga/u_rect_ctl/state3_inferred__0/i__carry__2_n_0
    SLICE_X10Y4          CARRY4 (Prop_carry4_CI_O[3])
                                                      0.315     6.874 f  u_top_vga/u_rect_ctl/state3_inferred__0/i__carry__3/O[3]
                         net (fo=21, routed)          0.842     7.716    u_top_vga/u_rect_ctl/state20
    SLICE_X11Y3          LUT2 (Prop_lut2_I0_O)        0.307     8.023 r  u_top_vga/u_rect_ctl/i__carry__0_i_3__2/O
                         net (fo=1, routed)           0.000     8.023    u_top_vga/u_rect_ctl/i__carry__0_i_3__2_n_0
    SLICE_X11Y3          CARRY4 (Prop_carry4_S[1]_CO[3])
                                                      0.550     8.573 r  u_top_vga/u_rect_ctl/state1_inferred__1/i__carry__0/CO[3]
                         net (fo=1, routed)           0.000     8.573    u_top_vga/u_rect_ctl/state1_inferred__1/i__carry__0_n_0
    SLICE_X11Y4          CARRY4 (Prop_carry4_CI_CO[1])
                                                      0.157     8.730 f  u_top_vga/u_rect_ctl/state1_inferred__1/i__carry__1/CO[1]
                         net (fo=21, routed)          1.443    10.172    u_top_vga/u_rect_ctl/state10_in
    SLICE_X13Y0          LUT6 (Prop_lut6_I0_O)        0.329    10.501 r  u_top_vga/u_rect_ctl/v_fp[3]_i_1/O
                         net (fo=1, routed)           0.000    10.501    u_top_vga/u_rect_ctl/v_fp[3]_i_1_n_0
    SLICE_X13Y0          FDCE                                         r  u_top_vga/u_rect_ctl/v_fp_reg[3]/D
  -------------------------------------------------------------------    -------------------

                         (clock clk40MHz_clk_wiz_0 rise edge)
                                                     25.000    25.000 r  
    W5                                                0.000    25.000 r  clk (IN)
                         net (fo=0)                   0.000    25.000    u_clk_wiz/inst/clk
    W5                   IBUF (Prop_ibuf_I_O)         1.388    26.388 r  u_clk_wiz/inst/clkin1_ibufg/O
                         net (fo=1, routed)           1.162    27.550    u_clk_wiz/inst/clk_clk_wiz_0
    MMCME2_ADV_X1Y0      MMCME2_ADV (Prop_mmcme2_adv_CLKIN1_CLKOUT1)
                                                     -7.217    20.332 r  u_clk_wiz/inst/mmcm_adv_inst/CLKOUT1
                         net (fo=2, routed)           1.581    21.914    u_clk_wiz/inst/clk40MHz_clk_wiz_0
    BUFGCTRL_X0Y0        BUFGCTRL (Prop_bufgctrl_I0_O)
                                                      0.091    22.005 r  u_clk_wiz/inst/clkout2_buf/O
                         net (fo=421, routed)         1.451    23.456    u_top_vga/u_rect_ctl/clk40MHz
    SLICE_X13Y0          FDCE                                         r  u_top_vga/u_rect_ctl/v_fp_reg[3]/C
                         clock pessimism              0.578    24.033    
                         clock uncertainty           -0.087    23.946    
    SLICE_X13Y0          FDCE (Setup_fdce_C_D)        0.031    23.977    u_top_vga/u_rect_ctl/v_fp_reg[3]
  -------------------------------------------------------------------
                         required time                         23.977    
                         arrival time                         -10.501    
  -------------------------------------------------------------------
                         slack                                 13.476    

Slack (MET) :             13.626ns  (required time - arrival time)
  Source:                 u_top_vga/u_rect_ctl/v_fp_reg[19]/C
                            (rising edge-triggered cell FDCE clocked by clk40MHz_clk_wiz_0  {rise@0.000ns fall@12.500ns period=25.000ns})
  Destination:            u_top_vga/u_rect_ctl/v_fp_reg[6]/D
                            (rising edge-triggered cell FDCE clocked by clk40MHz_clk_wiz_0  {rise@0.000ns fall@12.500ns period=25.000ns})
  Path Group:             clk40MHz_clk_wiz_0
  Path Type:              Setup (Max at Slow Process Corner)
  Requirement:            25.000ns  (clk40MHz_clk_wiz_0 rise@25.000ns - clk40MHz_clk_wiz_0 rise@0.000ns)
  Data Path Delay:        11.293ns  (logic 6.826ns (60.445%)  route 4.467ns (39.555%))
  Logic Levels:           10  (CARRY4=6 DSP48E1=1 LUT1=1 LUT2=1 LUT6=1)
  Clock Path Skew:        -0.025ns (DCD - SCD + CPR)
    Destination Clock Delay (DCD):    -1.544ns = ( 23.456 - 25.000 ) 
    Source Clock Delay      (SCD):    -0.942ns
    Clock Pessimism Removal (CPR):    0.578ns
  Clock Uncertainty:      0.087ns  ((TSJ^2 + DJ^2)^1/2) / 2 + PE
    Total System Jitter     (TSJ):    0.071ns
    Discrete Jitter          (DJ):    0.159ns
    Phase Error              (PE):    0.000ns

    Location             Delay type                Incr(ns)  Path(ns)    Netlist Resource(s)
  -------------------------------------------------------------------    -------------------
                         (clock clk40MHz_clk_wiz_0 rise edge)
                                                      0.000     0.000 r  
    W5                                                0.000     0.000 r  clk (IN)
                         net (fo=0)                   0.000     0.000    u_clk_wiz/inst/clk
    W5                   IBUF (Prop_ibuf_I_O)         1.458     1.458 r  u_clk_wiz/inst/clkin1_ibufg/O
                         net (fo=1, routed)           1.233     2.691    u_clk_wiz/inst/clk_clk_wiz_0
    MMCME2_ADV_X1Y0      MMCME2_ADV (Prop_mmcme2_adv_CLKIN1_CLKOUT1)
                                                     -6.961    -4.269 r  u_clk_wiz/inst/mmcm_adv_inst/CLKOUT1
                         net (fo=2, routed)           1.661    -2.608    u_clk_wiz/inst/clk40MHz_clk_wiz_0
    BUFGCTRL_X0Y0        BUFGCTRL (Prop_bufgctrl_I0_O)
                                                      0.096    -2.512 r  u_clk_wiz/inst/clkout2_buf/O
                         net (fo=421, routed)         1.570    -0.942    u_top_vga/u_rect_ctl/clk40MHz
    SLICE_X15Y2          FDCE                                         r  u_top_vga/u_rect_ctl/v_fp_reg[19]/C
  -------------------------------------------------------------------    -------------------
    SLICE_X15Y2          FDCE (Prop_fdce_C_Q)         0.456    -0.486 r  u_top_vga/u_rect_ctl/v_fp_reg[19]/Q
                         net (fo=12, routed)          1.201     0.715    u_top_vga/u_rect_ctl/v_fp_reg_n_0_[19]
    DSP48_X0Y0           DSP48E1 (Prop_dsp48e1_A[27]_P[4])
                                                      3.841     4.556 f  u_top_vga/u_rect_ctl/state4/P[4]
                         net (fo=1, routed)           1.131     5.688    u_top_vga/u_rect_ctl/state4_n_101
    SLICE_X10Y1          LUT1 (Prop_lut1_I0_O)        0.124     5.812 r  u_top_vga/u_rect_ctl/i__carry__0_i_4__1/O
                         net (fo=1, routed)           0.000     5.812    u_top_vga/u_rect_ctl/i__carry__0_i_4__1_n_0
    SLICE_X10Y1          CARRY4 (Prop_carry4_S[0]_CO[3])
                                                      0.513     6.325 r  u_top_vga/u_rect_ctl/state3_inferred__0/i__carry__0/CO[3]
                         net (fo=1, routed)           0.000     6.325    u_top_vga/u_rect_ctl/state3_inferred__0/i__carry__0_n_0
    SLICE_X10Y2          CARRY4 (Prop_carry4_CI_CO[3])
                                                      0.117     6.442 r  u_top_vga/u_rect_ctl/state3_inferred__0/i__carry__1/CO[3]
                         net (fo=1, routed)           0.000     6.442    u_top_vga/u_rect_ctl/state3_inferred__0/i__carry__1_n_0
    SLICE_X10Y3          CARRY4 (Prop_carry4_CI_CO[3])
                                                      0.117     6.559 r  u_top_vga/u_rect_ctl/state3_inferred__0/i__carry__2/CO[3]
                         net (fo=1, routed)           0.000     6.559    u_top_vga/u_rect_ctl/state3_inferred__0/i__carry__2_n_0
    SLICE_X10Y4          CARRY4 (Prop_carry4_CI_O[3])
                                                      0.315     6.874 f  u_top_vga/u_rect_ctl/state3_inferred__0/i__carry__3/O[3]
                         net (fo=21, routed)          0.842     7.716    u_top_vga/u_rect_ctl/state20
    SLICE_X11Y3          LUT2 (Prop_lut2_I0_O)        0.307     8.023 r  u_top_vga/u_rect_ctl/i__carry__0_i_3__2/O
                         net (fo=1, routed)           0.000     8.023    u_top_vga/u_rect_ctl/i__carry__0_i_3__2_n_0
    SLICE_X11Y3          CARRY4 (Prop_carry4_S[1]_CO[3])
                                                      0.550     8.573 r  u_top_vga/u_rect_ctl/state1_inferred__1/i__carry__0/CO[3]
                         net (fo=1, routed)           0.000     8.573    u_top_vga/u_rect_ctl/state1_inferred__1/i__carry__0_n_0
    SLICE_X11Y4          CARRY4 (Prop_carry4_CI_CO[1])
                                                      0.157     8.730 f  u_top_vga/u_rect_ctl/state1_inferred__1/i__carry__1/CO[1]
                         net (fo=21, routed)          1.293    10.022    u_top_vga/u_rect_ctl/state10_in
    SLICE_X15Y1          LUT6 (Prop_lut6_I0_O)        0.329    10.351 r  u_top_vga/u_rect_ctl/v_fp[6]_i_1/O
                         net (fo=1, routed)           0.000    10.351    u_top_vga/u_rect_ctl/v_fp[6]_i_1_n_0
    SLICE_X15Y1          FDCE                                         r  u_top_vga/u_rect_ctl/v_fp_reg[6]/D
  -------------------------------------------------------------------    -------------------

                         (clock clk40MHz_clk_wiz_0 rise edge)
                                                     25.000    25.000 r  
    W5                                                0.000    25.000 r  clk (IN)
                         net (fo=0)                   0.000    25.000    u_clk_wiz/inst/clk
    W5                   IBUF (Prop_ibuf_I_O)         1.388    26.388 r  u_clk_wiz/inst/clkin1_ibufg/O
                         net (fo=1, routed)           1.162    27.550    u_clk_wiz/inst/clk_clk_wiz_0
    MMCME2_ADV_X1Y0      MMCME2_ADV (Prop_mmcme2_adv_CLKIN1_CLKOUT1)
                                                     -7.217    20.332 r  u_clk_wiz/inst/mmcm_adv_inst/CLKOUT1
                         net (fo=2, routed)           1.581    21.914    u_clk_wiz/inst/clk40MHz_clk_wiz_0
    BUFGCTRL_X0Y0        BUFGCTRL (Prop_bufgctrl_I0_O)
                                                      0.091    22.005 r  u_clk_wiz/inst/clkout2_buf/O
                         net (fo=421, routed)         1.451    23.456    u_top_vga/u_rect_ctl/clk40MHz
    SLICE_X15Y1          FDCE                                         r  u_top_vga/u_rect_ctl/v_fp_reg[6]/C
                         clock pessimism              0.578    24.033    
                         clock uncertainty           -0.087    23.946    
    SLICE_X15Y1          FDCE (Setup_fdce_C_D)        0.031    23.977    u_top_vga/u_rect_ctl/v_fp_reg[6]
  -------------------------------------------------------------------
                         required time                         23.977    
                         arrival time                         -10.351    
  -------------------------------------------------------------------
                         slack                                 13.626    

Slack (MET) :             13.628ns  (required time - arrival time)
  Source:                 u_top_vga/u_rect_ctl/v_fp_reg[19]/C
                            (rising edge-triggered cell FDCE clocked by clk40MHz_clk_wiz_0  {rise@0.000ns fall@12.500ns period=25.000ns})
  Destination:            u_top_vga/u_rect_ctl/v_fp_reg[4]/D
                            (rising edge-triggered cell FDCE clocked by clk40MHz_clk_wiz_0  {rise@0.000ns fall@12.500ns period=25.000ns})
  Path Group:             clk40MHz_clk_wiz_0
  Path Type:              Setup (Max at Slow Process Corner)
  Requirement:            25.000ns  (clk40MHz_clk_wiz_0 rise@25.000ns - clk40MHz_clk_wiz_0 rise@0.000ns)
  Data Path Delay:        11.289ns  (logic 6.826ns (60.467%)  route 4.463ns (39.533%))
  Logic Levels:           10  (CARRY4=6 DSP48E1=1 LUT1=1 LUT2=1 LUT6=1)
  Clock Path Skew:        -0.025ns (DCD - SCD + CPR)
    Destination Clock Delay (DCD):    -1.544ns = ( 23.456 - 25.000 ) 
    Source Clock Delay      (SCD):    -0.942ns
    Clock Pessimism Removal (CPR):    0.578ns
  Clock Uncertainty:      0.087ns  ((TSJ^2 + DJ^2)^1/2) / 2 + PE
    Total System Jitter     (TSJ):    0.071ns
    Discrete Jitter          (DJ):    0.159ns
    Phase Error              (PE):    0.000ns

    Location             Delay type                Incr(ns)  Path(ns)    Netlist Resource(s)
  -------------------------------------------------------------------    -------------------
                         (clock clk40MHz_clk_wiz_0 rise edge)
                                                      0.000     0.000 r  
    W5                                                0.000     0.000 r  clk (IN)
                         net (fo=0)                   0.000     0.000    u_clk_wiz/inst/clk
    W5                   IBUF (Prop_ibuf_I_O)         1.458     1.458 r  u_clk_wiz/inst/clkin1_ibufg/O
                         net (fo=1, routed)           1.233     2.691    u_clk_wiz/inst/clk_clk_wiz_0
    MMCME2_ADV_X1Y0      MMCME2_ADV (Prop_mmcme2_adv_CLKIN1_CLKOUT1)
                                                     -6.961    -4.269 r  u_clk_wiz/inst/mmcm_adv_inst/CLKOUT1
                         net (fo=2, routed)           1.661    -2.608    u_clk_wiz/inst/clk40MHz_clk_wiz_0
    BUFGCTRL_X0Y0        BUFGCTRL (Prop_bufgctrl_I0_O)
                                                      0.096    -2.512 r  u_clk_wiz/inst/clkout2_buf/O
                         net (fo=421, routed)         1.570    -0.942    u_top_vga/u_rect_ctl/clk40MHz
    SLICE_X15Y2          FDCE                                         r  u_top_vga/u_rect_ctl/v_fp_reg[19]/C
  -------------------------------------------------------------------    -------------------
    SLICE_X15Y2          FDCE (Prop_fdce_C_Q)         0.456    -0.486 r  u_top_vga/u_rect_ctl/v_fp_reg[19]/Q
                         net (fo=12, routed)          1.201     0.715    u_top_vga/u_rect_ctl/v_fp_reg_n_0_[19]
    DSP48_X0Y0           DSP48E1 (Prop_dsp48e1_A[27]_P[4])
                                                      3.841     4.556 f  u_top_vga/u_rect_ctl/state4/P[4]
                         net (fo=1, routed)           1.131     5.688    u_top_vga/u_rect_ctl/state4_n_101
    SLICE_X10Y1          LUT1 (Prop_lut1_I0_O)        0.124     5.812 r  u_top_vga/u_rect_ctl/i__carry__0_i_4__1/O
                         net (fo=1, routed)           0.000     5.812    u_top_vga/u_rect_ctl/i__carry__0_i_4__1_n_0
    SLICE_X10Y1          CARRY4 (Prop_carry4_S[0]_CO[3])
                                                      0.513     6.325 r  u_top_vga/u_rect_ctl/state3_inferred__0/i__carry__0/CO[3]
                         net (fo=1, routed)           0.000     6.325    u_top_vga/u_rect_ctl/state3_inferred__0/i__carry__0_n_0
    SLICE_X10Y2          CARRY4 (Prop_carry4_CI_CO[3])
                                                      0.117     6.442 r  u_top_vga/u_rect_ctl/state3_inferred__0/i__carry__1/CO[3]
                         net (fo=1, routed)           0.000     6.442    u_top_vga/u_rect_ctl/state3_inferred__0/i__carry__1_n_0
    SLICE_X10Y3          CARRY4 (Prop_carry4_CI_CO[3])
                                                      0.117     6.559 r  u_top_vga/u_rect_ctl/state3_inferred__0/i__carry__2/CO[3]
                         net (fo=1, routed)           0.000     6.559    u_top_vga/u_rect_ctl/state3_inferred__0/i__carry__2_n_0
    SLICE_X10Y4          CARRY4 (Prop_carry4_CI_O[3])
                                                      0.315     6.874 f  u_top_vga/u_rect_ctl/state3_inferred__0/i__carry__3/O[3]
                         net (fo=21, routed)          0.842     7.716    u_top_vga/u_rect_ctl/state20
    SLICE_X11Y3          LUT2 (Prop_lut2_I0_O)        0.307     8.023 r  u_top_vga/u_rect_ctl/i__carry__0_i_3__2/O
                         net (fo=1, routed)           0.000     8.023    u_top_vga/u_rect_ctl/i__carry__0_i_3__2_n_0
    SLICE_X11Y3          CARRY4 (Prop_carry4_S[1]_CO[3])
                                                      0.550     8.573 r  u_top_vga/u_rect_ctl/state1_inferred__1/i__carry__0/CO[3]
                         net (fo=1, routed)           0.000     8.573    u_top_vga/u_rect_ctl/state1_inferred__1/i__carry__0_n_0
    SLICE_X11Y4          CARRY4 (Prop_carry4_CI_CO[1])
                                                      0.157     8.730 f  u_top_vga/u_rect_ctl/state1_inferred__1/i__carry__1/CO[1]
                         net (fo=21, routed)          1.289    10.018    u_top_vga/u_rect_ctl/state10_in
    SLICE_X15Y1          LUT6 (Prop_lut6_I0_O)        0.329    10.347 r  u_top_vga/u_rect_ctl/v_fp[4]_i_1/O
                         net (fo=1, routed)           0.000    10.347    u_top_vga/u_rect_ctl/v_fp[4]_i_1_n_0
    SLICE_X15Y1          FDCE                                         r  u_top_vga/u_rect_ctl/v_fp_reg[4]/D
  -------------------------------------------------------------------    -------------------

                         (clock clk40MHz_clk_wiz_0 rise edge)
                                                     25.000    25.000 r  
    W5                                                0.000    25.000 r  clk (IN)
                         net (fo=0)                   0.000    25.000    u_clk_wiz/inst/clk
    W5                   IBUF (Prop_ibuf_I_O)         1.388    26.388 r  u_clk_wiz/inst/clkin1_ibufg/O
                         net (fo=1, routed)           1.162    27.550    u_clk_wiz/inst/clk_clk_wiz_0
    MMCME2_ADV_X1Y0      MMCME2_ADV (Prop_mmcme2_adv_CLKIN1_CLKOUT1)
                                                     -7.217    20.332 r  u_clk_wiz/inst/mmcm_adv_inst/CLKOUT1
                         net (fo=2, routed)           1.581    21.914    u_clk_wiz/inst/clk40MHz_clk_wiz_0
    BUFGCTRL_X0Y0        BUFGCTRL (Prop_bufgctrl_I0_O)
                                                      0.091    22.005 r  u_clk_wiz/inst/clkout2_buf/O
                         net (fo=421, routed)         1.451    23.456    u_top_vga/u_rect_ctl/clk40MHz
    SLICE_X15Y1          FDCE                                         r  u_top_vga/u_rect_ctl/v_fp_reg[4]/C
                         clock pessimism              0.578    24.033    
                         clock uncertainty           -0.087    23.946    
    SLICE_X15Y1          FDCE (Setup_fdce_C_D)        0.029    23.975    u_top_vga/u_rect_ctl/v_fp_reg[4]
  -------------------------------------------------------------------
                         required time                         23.975    
                         arrival time                         -10.347    
  -------------------------------------------------------------------
                         slack                                 13.628    





Min Delay Paths
--------------------------------------------------------------------------------------
Slack (MET) :             0.121ns  (arrival time - required time)
  Source:                 u_top_vga/u_draw_rect_char/rgb_d1_reg[9]/C
                            (rising edge-triggered cell FDRE clocked by clk40MHz_clk_wiz_0  {rise@0.000ns fall@12.500ns period=25.000ns})
  Destination:            u_top_vga/u_draw_rect_char/rgb_d2_reg[9]/D
                            (rising edge-triggered cell FDRE clocked by clk40MHz_clk_wiz_0  {rise@0.000ns fall@12.500ns period=25.000ns})
  Path Group:             clk40MHz_clk_wiz_0
  Path Type:              Hold (Min at Fast Process Corner)
  Requirement:            0.000ns  (clk40MHz_clk_wiz_0 rise@0.000ns - clk40MHz_clk_wiz_0 rise@0.000ns)
  Data Path Delay:        0.197ns  (logic 0.141ns (71.611%)  route 0.056ns (28.389%))
  Logic Levels:           0  
  Clock Path Skew:        0.000ns (DCD - SCD - CPR)
    Destination Clock Delay (DCD):    -0.832ns
    Source Clock Delay      (SCD):    -0.592ns
    Clock Pessimism Removal (CPR):    -0.239ns

    Location             Delay type                Incr(ns)  Path(ns)    Netlist Resource(s)
  -------------------------------------------------------------------    -------------------
                         (clock clk40MHz_clk_wiz_0 rise edge)
                                                      0.000     0.000 r  
    W5                                                0.000     0.000 r  clk (IN)
                         net (fo=0)                   0.000     0.000    u_clk_wiz/inst/clk
    W5                   IBUF (Prop_ibuf_I_O)         0.226     0.226 r  u_clk_wiz/inst/clkin1_ibufg/O
                         net (fo=1, routed)           0.440     0.667    u_clk_wiz/inst/clk_clk_wiz_0
    MMCME2_ADV_X1Y0      MMCME2_ADV (Prop_mmcme2_adv_CLKIN1_CLKOUT1)
                                                     -2.360    -1.693 r  u_clk_wiz/inst/mmcm_adv_inst/CLKOUT1
                         net (fo=2, routed)           0.486    -1.207    u_clk_wiz/inst/clk40MHz_clk_wiz_0
    BUFGCTRL_X0Y0        BUFGCTRL (Prop_bufgctrl_I0_O)
                                                      0.026    -1.181 r  u_clk_wiz/inst/clkout2_buf/O
                         net (fo=421, routed)         0.589    -0.592    u_top_vga/u_draw_rect_char/clk40MHz
    SLICE_X5Y15          FDRE                                         r  u_top_vga/u_draw_rect_char/rgb_d1_reg[9]/C
  -------------------------------------------------------------------    -------------------
    SLICE_X5Y15          FDRE (Prop_fdre_C_Q)         0.141    -0.451 r  u_top_vga/u_draw_rect_char/rgb_d1_reg[9]/Q
                         net (fo=1, routed)           0.056    -0.395    u_top_vga/u_draw_rect_char/rgb_d1[9]
    SLICE_X5Y15          FDRE                                         r  u_top_vga/u_draw_rect_char/rgb_d2_reg[9]/D
  -------------------------------------------------------------------    -------------------

                         (clock clk40MHz_clk_wiz_0 rise edge)
                                                      0.000     0.000 r  
    W5                                                0.000     0.000 r  clk (IN)
                         net (fo=0)                   0.000     0.000    u_clk_wiz/inst/clk
    W5                   IBUF (Prop_ibuf_I_O)         0.414     0.414 r  u_clk_wiz/inst/clkin1_ibufg/O
                         net (fo=1, routed)           0.480     0.894    u_clk_wiz/inst/clk_clk_wiz_0
    MMCME2_ADV_X1Y0      MMCME2_ADV (Prop_mmcme2_adv_CLKIN1_CLKOUT1)
                                                     -3.142    -2.248 r  u_clk_wiz/inst/mmcm_adv_inst/CLKOUT1
                         net (fo=2, routed)           0.530    -1.718    u_clk_wiz/inst/clk40MHz_clk_wiz_0
    BUFGCTRL_X0Y0        BUFGCTRL (Prop_bufgctrl_I0_O)
                                                      0.029    -1.689 r  u_clk_wiz/inst/clkout2_buf/O
                         net (fo=421, routed)         0.858    -0.832    u_top_vga/u_draw_rect_char/clk40MHz
    SLICE_X5Y15          FDRE                                         r  u_top_vga/u_draw_rect_char/rgb_d2_reg[9]/C
                         clock pessimism              0.239    -0.592    
    SLICE_X5Y15          FDRE (Hold_fdre_C_D)         0.076    -0.516    u_top_vga/u_draw_rect_char/rgb_d2_reg[9]
  -------------------------------------------------------------------
                         required time                          0.516    
                         arrival time                          -0.395    
  -------------------------------------------------------------------
                         slack                                  0.121    

Slack (MET) :             0.121ns  (arrival time - required time)
  Source:                 u_top_vga/u_draw_rect_char/vcount_d1_reg[5]/C
                            (rising edge-triggered cell FDRE clocked by clk40MHz_clk_wiz_0  {rise@0.000ns fall@12.500ns period=25.000ns})
  Destination:            u_top_vga/u_draw_rect_char/vcount_d2_reg[5]/D
                            (rising edge-triggered cell FDRE clocked by clk40MHz_clk_wiz_0  {rise@0.000ns fall@12.500ns period=25.000ns})
  Path Group:             clk40MHz_clk_wiz_0
  Path Type:              Hold (Min at Fast Process Corner)
  Requirement:            0.000ns  (clk40MHz_clk_wiz_0 rise@0.000ns - clk40MHz_clk_wiz_0 rise@0.000ns)
  Data Path Delay:        0.197ns  (logic 0.141ns (71.611%)  route 0.056ns (28.389%))
  Logic Levels:           0  
  Clock Path Skew:        0.000ns (DCD - SCD - CPR)
    Destination Clock Delay (DCD):    -0.859ns
    Source Clock Delay      (SCD):    -0.619ns
    Clock Pessimism Removal (CPR):    -0.239ns

    Location             Delay type                Incr(ns)  Path(ns)    Netlist Resource(s)
  -------------------------------------------------------------------    -------------------
                         (clock clk40MHz_clk_wiz_0 rise edge)
                                                      0.000     0.000 r  
    W5                                                0.000     0.000 r  clk (IN)
                         net (fo=0)                   0.000     0.000    u_clk_wiz/inst/clk
    W5                   IBUF (Prop_ibuf_I_O)         0.226     0.226 r  u_clk_wiz/inst/clkin1_ibufg/O
                         net (fo=1, routed)           0.440     0.667    u_clk_wiz/inst/clk_clk_wiz_0
    MMCME2_ADV_X1Y0      MMCME2_ADV (Prop_mmcme2_adv_CLKIN1_CLKOUT1)
                                                     -2.360    -1.693 r  u_clk_wiz/inst/mmcm_adv_inst/CLKOUT1
                         net (fo=2, routed)           0.486    -1.207    u_clk_wiz/inst/clk40MHz_clk_wiz_0
    BUFGCTRL_X0Y0        BUFGCTRL (Prop_bufgctrl_I0_O)
                                                      0.026    -1.181 r  u_clk_wiz/inst/clkout2_buf/O
                         net (fo=421, routed)         0.562    -0.619    u_top_vga/u_draw_rect_char/clk40MHz
    SLICE_X11Y14         FDRE                                         r  u_top_vga/u_draw_rect_char/vcount_d1_reg[5]/C
  -------------------------------------------------------------------    -------------------
    SLICE_X11Y14         FDRE (Prop_fdre_C_Q)         0.141    -0.478 r  u_top_vga/u_draw_rect_char/vcount_d1_reg[5]/Q
                         net (fo=1, routed)           0.056    -0.422    u_top_vga/u_draw_rect_char/vcount_d1[5]
    SLICE_X11Y14         FDRE                                         r  u_top_vga/u_draw_rect_char/vcount_d2_reg[5]/D
  -------------------------------------------------------------------    -------------------

                         (clock clk40MHz_clk_wiz_0 rise edge)
                                                      0.000     0.000 r  
    W5                                                0.000     0.000 r  clk (IN)
                         net (fo=0)                   0.000     0.000    u_clk_wiz/inst/clk
    W5                   IBUF (Prop_ibuf_I_O)         0.414     0.414 r  u_clk_wiz/inst/clkin1_ibufg/O
                         net (fo=1, routed)           0.480     0.894    u_clk_wiz/inst/clk_clk_wiz_0
    MMCME2_ADV_X1Y0      MMCME2_ADV (Prop_mmcme2_adv_CLKIN1_CLKOUT1)
                                                     -3.142    -2.248 r  u_clk_wiz/inst/mmcm_adv_inst/CLKOUT1
                         net (fo=2, routed)           0.530    -1.718    u_clk_wiz/inst/clk40MHz_clk_wiz_0
    BUFGCTRL_X0Y0        BUFGCTRL (Prop_bufgctrl_I0_O)
                                                      0.029    -1.689 r  u_clk_wiz/inst/clkout2_buf/O
                         net (fo=421, routed)         0.831    -0.859    u_top_vga/u_draw_rect_char/clk40MHz
    SLICE_X11Y14         FDRE                                         r  u_top_vga/u_draw_rect_char/vcount_d2_reg[5]/C
                         clock pessimism              0.239    -0.619    
    SLICE_X11Y14         FDRE (Hold_fdre_C_D)         0.076    -0.543    u_top_vga/u_draw_rect_char/vcount_d2_reg[5]
  -------------------------------------------------------------------
                         required time                          0.543    
                         arrival time                          -0.422    
  -------------------------------------------------------------------
                         slack                                  0.121    

Slack (MET) :             0.122ns  (arrival time - required time)
  Source:                 u_clk_wiz/inst/seq_reg2_reg[0]/C
                            (rising edge-triggered cell FDRE clocked by clk40MHz_clk_wiz_0  {rise@0.000ns fall@12.500ns period=25.000ns})
  Destination:            u_clk_wiz/inst/seq_reg2_reg[1]/D
                            (rising edge-triggered cell FDRE clocked by clk40MHz_clk_wiz_0  {rise@0.000ns fall@12.500ns period=25.000ns})
  Path Group:             clk40MHz_clk_wiz_0
  Path Type:              Hold (Min at Fast Process Corner)
  Requirement:            0.000ns  (clk40MHz_clk_wiz_0 rise@0.000ns - clk40MHz_clk_wiz_0 rise@0.000ns)
  Data Path Delay:        0.197ns  (logic 0.141ns (71.611%)  route 0.056ns (28.389%))
  Logic Levels:           0  
  Clock Path Skew:        0.000ns (DCD - SCD - CPR)
    Destination Clock Delay (DCD):    -1.301ns
    Source Clock Delay      (SCD):    -1.035ns
    Clock Pessimism Removal (CPR):    -0.266ns

    Location             Delay type                Incr(ns)  Path(ns)    Netlist Resource(s)
  -------------------------------------------------------------------    -------------------
                         (clock clk40MHz_clk_wiz_0 rise edge)
                                                      0.000     0.000 r  
    W5                                                0.000     0.000 r  clk (IN)
                         net (fo=0)                   0.000     0.000    u_clk_wiz/inst/clk
    W5                   IBUF (Prop_ibuf_I_O)         0.226     0.226 r  u_clk_wiz/inst/clkin1_ibufg/O
                         net (fo=1, routed)           0.440     0.667    u_clk_wiz/inst/clk_clk_wiz_0
    MMCME2_ADV_X1Y0      MMCME2_ADV (Prop_mmcme2_adv_CLKIN1_CLKOUT1)
                                                     -2.360    -1.693 r  u_clk_wiz/inst/mmcm_adv_inst/CLKOUT1
                         net (fo=2, routed)           0.366    -1.327    u_clk_wiz/inst/clk40MHz_clk_wiz_0
    BUFHCE_X0Y1          BUFH (Prop_bufh_I_O)         0.020    -1.307 r  u_clk_wiz/inst/clkout2_buf_en/O
                         net (fo=8, routed)           0.272    -1.035    u_clk_wiz/inst/clk40MHz_clk_wiz_0_en_clk
    SLICE_X35Y46         FDRE                                         r  u_clk_wiz/inst/seq_reg2_reg[0]/C
  -------------------------------------------------------------------    -------------------
    SLICE_X35Y46         FDRE (Prop_fdre_C_Q)         0.141    -0.894 r  u_clk_wiz/inst/seq_reg2_reg[0]/Q
                         net (fo=1, routed)           0.056    -0.838    u_clk_wiz/inst/seq_reg2[0]
    SLICE_X35Y46         FDRE                                         r  u_clk_wiz/inst/seq_reg2_reg[1]/D
  -------------------------------------------------------------------    -------------------

                         (clock clk40MHz_clk_wiz_0 rise edge)
                                                      0.000     0.000 r  
    W5                                                0.000     0.000 r  clk (IN)
                         net (fo=0)                   0.000     0.000    u_clk_wiz/inst/clk
    W5                   IBUF (Prop_ibuf_I_O)         0.414     0.414 r  u_clk_wiz/inst/clkin1_ibufg/O
                         net (fo=1, routed)           0.480     0.894    u_clk_wiz/inst/clk_clk_wiz_0
    MMCME2_ADV_X1Y0      MMCME2_ADV (Prop_mmcme2_adv_CLKIN1_CLKOUT1)
                                                     -3.142    -2.248 r  u_clk_wiz/inst/mmcm_adv_inst/CLKOUT1
                         net (fo=2, routed)           0.407    -1.841    u_clk_wiz/inst/clk40MHz_clk_wiz_0
    BUFHCE_X0Y1          BUFH (Prop_bufh_I_O)         0.043    -1.798 r  u_clk_wiz/inst/clkout2_buf_en/O
                         net (fo=8, routed)           0.497    -1.301    u_clk_wiz/inst/clk40MHz_clk_wiz_0_en_clk
    SLICE_X35Y46         FDRE                                         r  u_clk_wiz/inst/seq_reg2_reg[1]/C
                         clock pessimism              0.266    -1.035    
    SLICE_X35Y46         FDRE (Hold_fdre_C_D)         0.075    -0.960    u_clk_wiz/inst/seq_reg2_reg[1]
  -------------------------------------------------------------------
                         required time                          0.960    
                         arrival time                          -0.838    
  -------------------------------------------------------------------
                         slack                                  0.122    

Slack (MET) :             0.122ns  (arrival time - required time)
  Source:                 u_top_vga/u_draw_rect_char/vcount_d1_reg[7]/C
                            (rising edge-triggered cell FDRE clocked by clk40MHz_clk_wiz_0  {rise@0.000ns fall@12.500ns period=25.000ns})
  Destination:            u_top_vga/u_draw_rect_char/vcount_d2_reg[7]/D
                            (rising edge-triggered cell FDRE clocked by clk40MHz_clk_wiz_0  {rise@0.000ns fall@12.500ns period=25.000ns})
  Path Group:             clk40MHz_clk_wiz_0
  Path Type:              Hold (Min at Fast Process Corner)
  Requirement:            0.000ns  (clk40MHz_clk_wiz_0 rise@0.000ns - clk40MHz_clk_wiz_0 rise@0.000ns)
  Data Path Delay:        0.197ns  (logic 0.141ns (71.611%)  route 0.056ns (28.389%))
  Logic Levels:           0  
  Clock Path Skew:        0.000ns (DCD - SCD - CPR)
    Destination Clock Delay (DCD):    -0.859ns
    Source Clock Delay      (SCD):    -0.619ns
    Clock Pessimism Removal (CPR):    -0.239ns

    Location             Delay type                Incr(ns)  Path(ns)    Netlist Resource(s)
  -------------------------------------------------------------------    -------------------
                         (clock clk40MHz_clk_wiz_0 rise edge)
                                                      0.000     0.000 r  
    W5                                                0.000     0.000 r  clk (IN)
                         net (fo=0)                   0.000     0.000    u_clk_wiz/inst/clk
    W5                   IBUF (Prop_ibuf_I_O)         0.226     0.226 r  u_clk_wiz/inst/clkin1_ibufg/O
                         net (fo=1, routed)           0.440     0.667    u_clk_wiz/inst/clk_clk_wiz_0
    MMCME2_ADV_X1Y0      MMCME2_ADV (Prop_mmcme2_adv_CLKIN1_CLKOUT1)
                                                     -2.360    -1.693 r  u_clk_wiz/inst/mmcm_adv_inst/CLKOUT1
                         net (fo=2, routed)           0.486    -1.207    u_clk_wiz/inst/clk40MHz_clk_wiz_0
    BUFGCTRL_X0Y0        BUFGCTRL (Prop_bufgctrl_I0_O)
                                                      0.026    -1.181 r  u_clk_wiz/inst/clkout2_buf/O
                         net (fo=421, routed)         0.562    -0.619    u_top_vga/u_draw_rect_char/clk40MHz
    SLICE_X11Y13         FDRE                                         r  u_top_vga/u_draw_rect_char/vcount_d1_reg[7]/C
  -------------------------------------------------------------------    -------------------
    SLICE_X11Y13         FDRE (Prop_fdre_C_Q)         0.141    -0.478 r  u_top_vga/u_draw_rect_char/vcount_d1_reg[7]/Q
                         net (fo=1, routed)           0.056    -0.422    u_top_vga/u_draw_rect_char/vcount_d1[7]
    SLICE_X11Y13         FDRE                                         r  u_top_vga/u_draw_rect_char/vcount_d2_reg[7]/D
  -------------------------------------------------------------------    -------------------

                         (clock clk40MHz_clk_wiz_0 rise edge)
                                                      0.000     0.000 r  
    W5                                                0.000     0.000 r  clk (IN)
                         net (fo=0)                   0.000     0.000    u_clk_wiz/inst/clk
    W5                   IBUF (Prop_ibuf_I_O)         0.414     0.414 r  u_clk_wiz/inst/clkin1_ibufg/O
                         net (fo=1, routed)           0.480     0.894    u_clk_wiz/inst/clk_clk_wiz_0
    MMCME2_ADV_X1Y0      MMCME2_ADV (Prop_mmcme2_adv_CLKIN1_CLKOUT1)
                                                     -3.142    -2.248 r  u_clk_wiz/inst/mmcm_adv_inst/CLKOUT1
                         net (fo=2, routed)           0.530    -1.718    u_clk_wiz/inst/clk40MHz_clk_wiz_0
    BUFGCTRL_X0Y0        BUFGCTRL (Prop_bufgctrl_I0_O)
                                                      0.029    -1.689 r  u_clk_wiz/inst/clkout2_buf/O
                         net (fo=421, routed)         0.831    -0.859    u_top_vga/u_draw_rect_char/clk40MHz
    SLICE_X11Y13         FDRE                                         r  u_top_vga/u_draw_rect_char/vcount_d2_reg[7]/C
                         clock pessimism              0.239    -0.619    
    SLICE_X11Y13         FDRE (Hold_fdre_C_D)         0.075    -0.544    u_top_vga/u_draw_rect_char/vcount_d2_reg[7]
  -------------------------------------------------------------------
                         required time                          0.544    
                         arrival time                          -0.422    
  -------------------------------------------------------------------
                         slack                                  0.122    

Slack (MET) :             0.126ns  (arrival time - required time)
  Source:                 u_top_vga/u_draw_rect_char/rgb_d1_reg[10]/C
                            (rising edge-triggered cell FDRE clocked by clk40MHz_clk_wiz_0  {rise@0.000ns fall@12.500ns period=25.000ns})
  Destination:            u_top_vga/u_draw_rect_char/rgb_d2_reg[10]/D
                            (rising edge-triggered cell FDRE clocked by clk40MHz_clk_wiz_0  {rise@0.000ns fall@12.500ns period=25.000ns})
  Path Group:             clk40MHz_clk_wiz_0
  Path Type:              Hold (Min at Fast Process Corner)
  Requirement:            0.000ns  (clk40MHz_clk_wiz_0 rise@0.000ns - clk40MHz_clk_wiz_0 rise@0.000ns)
  Data Path Delay:        0.197ns  (logic 0.141ns (71.611%)  route 0.056ns (28.389%))
  Logic Levels:           0  
  Clock Path Skew:        0.000ns (DCD - SCD - CPR)
    Destination Clock Delay (DCD):    -0.832ns
    Source Clock Delay      (SCD):    -0.592ns
    Clock Pessimism Removal (CPR):    -0.239ns

    Location             Delay type                Incr(ns)  Path(ns)    Netlist Resource(s)
  -------------------------------------------------------------------    -------------------
                         (clock clk40MHz_clk_wiz_0 rise edge)
                                                      0.000     0.000 r  
    W5                                                0.000     0.000 r  clk (IN)
                         net (fo=0)                   0.000     0.000    u_clk_wiz/inst/clk
    W5                   IBUF (Prop_ibuf_I_O)         0.226     0.226 r  u_clk_wiz/inst/clkin1_ibufg/O
                         net (fo=1, routed)           0.440     0.667    u_clk_wiz/inst/clk_clk_wiz_0
    MMCME2_ADV_X1Y0      MMCME2_ADV (Prop_mmcme2_adv_CLKIN1_CLKOUT1)
                                                     -2.360    -1.693 r  u_clk_wiz/inst/mmcm_adv_inst/CLKOUT1
                         net (fo=2, routed)           0.486    -1.207    u_clk_wiz/inst/clk40MHz_clk_wiz_0
    BUFGCTRL_X0Y0        BUFGCTRL (Prop_bufgctrl_I0_O)
                                                      0.026    -1.181 r  u_clk_wiz/inst/clkout2_buf/O
                         net (fo=421, routed)         0.589    -0.592    u_top_vga/u_draw_rect_char/clk40MHz
    SLICE_X5Y15          FDRE                                         r  u_top_vga/u_draw_rect_char/rgb_d1_reg[10]/C
  -------------------------------------------------------------------    -------------------
    SLICE_X5Y15          FDRE (Prop_fdre_C_Q)         0.141    -0.451 r  u_top_vga/u_draw_rect_char/rgb_d1_reg[10]/Q
                         net (fo=1, routed)           0.056    -0.395    u_top_vga/u_draw_rect_char/rgb_d1[10]
    SLICE_X5Y15          FDRE                                         r  u_top_vga/u_draw_rect_char/rgb_d2_reg[10]/D
  -------------------------------------------------------------------    -------------------

                         (clock clk40MHz_clk_wiz_0 rise edge)
                                                      0.000     0.000 r  
    W5                                                0.000     0.000 r  clk (IN)
                         net (fo=0)                   0.000     0.000    u_clk_wiz/inst/clk
    W5                   IBUF (Prop_ibuf_I_O)         0.414     0.414 r  u_clk_wiz/inst/clkin1_ibufg/O
                         net (fo=1, routed)           0.480     0.894    u_clk_wiz/inst/clk_clk_wiz_0
    MMCME2_ADV_X1Y0      MMCME2_ADV (Prop_mmcme2_adv_CLKIN1_CLKOUT1)
                                                     -3.142    -2.248 r  u_clk_wiz/inst/mmcm_adv_inst/CLKOUT1
                         net (fo=2, routed)           0.530    -1.718    u_clk_wiz/inst/clk40MHz_clk_wiz_0
    BUFGCTRL_X0Y0        BUFGCTRL (Prop_bufgctrl_I0_O)
                                                      0.029    -1.689 r  u_clk_wiz/inst/clkout2_buf/O
                         net (fo=421, routed)         0.858    -0.832    u_top_vga/u_draw_rect_char/clk40MHz
    SLICE_X5Y15          FDRE                                         r  u_top_vga/u_draw_rect_char/rgb_d2_reg[10]/C
                         clock pessimism              0.239    -0.592    
    SLICE_X5Y15          FDRE (Hold_fdre_C_D)         0.071    -0.521    u_top_vga/u_draw_rect_char/rgb_d2_reg[10]
  -------------------------------------------------------------------
                         required time                          0.521    
                         arrival time                          -0.395    
  -------------------------------------------------------------------
                         slack                                  0.126    

Slack (MET) :             0.146ns  (arrival time - required time)
  Source:                 u_top_vga/u_vga_timing/hblnk_reg/C
                            (rising edge-triggered cell FDCE clocked by clk40MHz_clk_wiz_0  {rise@0.000ns fall@12.500ns period=25.000ns})
  Destination:            u_top_vga/u_draw_bg/vga_out\\.hblnk_reg/D
                            (rising edge-triggered cell FDCE clocked by clk40MHz_clk_wiz_0  {rise@0.000ns fall@12.500ns period=25.000ns})
  Path Group:             clk40MHz_clk_wiz_0
  Path Type:              Hold (Min at Fast Process Corner)
  Requirement:            0.000ns  (clk40MHz_clk_wiz_0 rise@0.000ns - clk40MHz_clk_wiz_0 rise@0.000ns)
  Data Path Delay:        0.221ns  (logic 0.141ns (63.734%)  route 0.080ns (36.266%))
  Logic Levels:           0  
  Clock Path Skew:        0.000ns (DCD - SCD - CPR)
    Destination Clock Delay (DCD):    -0.831ns
    Source Clock Delay      (SCD):    -0.591ns
    Clock Pessimism Removal (CPR):    -0.239ns

    Location             Delay type                Incr(ns)  Path(ns)    Netlist Resource(s)
  -------------------------------------------------------------------    -------------------
                         (clock clk40MHz_clk_wiz_0 rise edge)
                                                      0.000     0.000 r  
    W5                                                0.000     0.000 r  clk (IN)
                         net (fo=0)                   0.000     0.000    u_clk_wiz/inst/clk
    W5                   IBUF (Prop_ibuf_I_O)         0.226     0.226 r  u_clk_wiz/inst/clkin1_ibufg/O
                         net (fo=1, routed)           0.440     0.667    u_clk_wiz/inst/clk_clk_wiz_0
    MMCME2_ADV_X1Y0      MMCME2_ADV (Prop_mmcme2_adv_CLKIN1_CLKOUT1)
                                                     -2.360    -1.693 r  u_clk_wiz/inst/mmcm_adv_inst/CLKOUT1
                         net (fo=2, routed)           0.486    -1.207    u_clk_wiz/inst/clk40MHz_clk_wiz_0
    BUFGCTRL_X0Y0        BUFGCTRL (Prop_bufgctrl_I0_O)
                                                      0.026    -1.181 r  u_clk_wiz/inst/clkout2_buf/O
                         net (fo=421, routed)         0.590    -0.591    u_top_vga/u_vga_timing/clk40MHz
    SLICE_X3Y16          FDCE                                         r  u_top_vga/u_vga_timing/hblnk_reg/C
  -------------------------------------------------------------------    -------------------
    SLICE_X3Y16          FDCE (Prop_fdce_C_Q)         0.141    -0.450 r  u_top_vga/u_vga_timing/hblnk_reg/Q
                         net (fo=6, routed)           0.080    -0.370    u_top_vga/u_draw_bg/vga_tim_to_bg\\.hblnk
    SLICE_X3Y16          FDCE                                         r  u_top_vga/u_draw_bg/vga_out\\.hblnk_reg/D
  -------------------------------------------------------------------    -------------------

                         (clock clk40MHz_clk_wiz_0 rise edge)
                                                      0.000     0.000 r  
    W5                                                0.000     0.000 r  clk (IN)
                         net (fo=0)                   0.000     0.000    u_clk_wiz/inst/clk
    W5                   IBUF (Prop_ibuf_I_O)         0.414     0.414 r  u_clk_wiz/inst/clkin1_ibufg/O
                         net (fo=1, routed)           0.480     0.894    u_clk_wiz/inst/clk_clk_wiz_0
    MMCME2_ADV_X1Y0      MMCME2_ADV (Prop_mmcme2_adv_CLKIN1_CLKOUT1)
                                                     -3.142    -2.248 r  u_clk_wiz/inst/mmcm_adv_inst/CLKOUT1
                         net (fo=2, routed)           0.530    -1.718    u_clk_wiz/inst/clk40MHz_clk_wiz_0
    BUFGCTRL_X0Y0        BUFGCTRL (Prop_bufgctrl_I0_O)
                                                      0.029    -1.689 r  u_clk_wiz/inst/clkout2_buf/O
                         net (fo=421, routed)         0.859    -0.831    u_top_vga/u_draw_bg/clk40MHz
    SLICE_X3Y16          FDCE                                         r  u_top_vga/u_draw_bg/vga_out\\.hblnk_reg/C
                         clock pessimism              0.239    -0.591    
    SLICE_X3Y16          FDCE (Hold_fdce_C_D)         0.075    -0.516    u_top_vga/u_draw_bg/vga_out\\.hblnk_reg
  -------------------------------------------------------------------
                         required time                          0.516    
                         arrival time                          -0.370    
  -------------------------------------------------------------------
                         slack                                  0.146    

Slack (MET) :             0.149ns  (arrival time - required time)
  Source:                 u_top_vga/u_draw_rect/rgb_d2_reg[10]/C
                            (rising edge-triggered cell FDRE clocked by clk40MHz_clk_wiz_0  {rise@0.000ns fall@12.500ns period=25.000ns})
  Destination:            u_top_vga/u_draw_rect/vga_out\\.rgb_reg[10]/D
                            (rising edge-triggered cell FDCE clocked by clk40MHz_clk_wiz_0  {rise@0.000ns fall@12.500ns period=25.000ns})
  Path Group:             clk40MHz_clk_wiz_0
  Path Type:              Hold (Min at Fast Process Corner)
  Requirement:            0.000ns  (clk40MHz_clk_wiz_0 rise@0.000ns - clk40MHz_clk_wiz_0 rise@0.000ns)
  Data Path Delay:        0.285ns  (logic 0.186ns (65.224%)  route 0.099ns (34.776%))
  Logic Levels:           1  (LUT6=1)
  Clock Path Skew:        0.015ns (DCD - SCD - CPR)
    Destination Clock Delay (DCD):    -0.830ns
    Source Clock Delay      (SCD):    -0.591ns
    Clock Pessimism Removal (CPR):    -0.253ns

    Location             Delay type                Incr(ns)  Path(ns)    Netlist Resource(s)
  -------------------------------------------------------------------    -------------------
                         (clock clk40MHz_clk_wiz_0 rise edge)
                                                      0.000     0.000 r  
    W5                                                0.000     0.000 r  clk (IN)
                         net (fo=0)                   0.000     0.000    u_clk_wiz/inst/clk
    W5                   IBUF (Prop_ibuf_I_O)         0.226     0.226 r  u_clk_wiz/inst/clkin1_ibufg/O
                         net (fo=1, routed)           0.440     0.667    u_clk_wiz/inst/clk_clk_wiz_0
    MMCME2_ADV_X1Y0      MMCME2_ADV (Prop_mmcme2_adv_CLKIN1_CLKOUT1)
                                                     -2.360    -1.693 r  u_clk_wiz/inst/mmcm_adv_inst/CLKOUT1
                         net (fo=2, routed)           0.486    -1.207    u_clk_wiz/inst/clk40MHz_clk_wiz_0
    BUFGCTRL_X0Y0        BUFGCTRL (Prop_bufgctrl_I0_O)
                                                      0.026    -1.181 r  u_clk_wiz/inst/clkout2_buf/O
                         net (fo=421, routed)         0.590    -0.591    u_top_vga/u_draw_rect/clk40MHz
    SLICE_X5Y12          FDRE                                         r  u_top_vga/u_draw_rect/rgb_d2_reg[10]/C
  -------------------------------------------------------------------    -------------------
    SLICE_X5Y12          FDRE (Prop_fdre_C_Q)         0.141    -0.450 r  u_top_vga/u_draw_rect/rgb_d2_reg[10]/Q
                         net (fo=1, routed)           0.099    -0.351    u_top_vga/u_draw_rect/rgb_d2[10]
    SLICE_X6Y12          LUT6 (Prop_lut6_I5_O)        0.045    -0.306 r  u_top_vga/u_draw_rect/vga_out\\.rgb[10]_i_1__0/O
                         net (fo=1, routed)           0.000    -0.306    u_top_vga/u_draw_rect/rgb_nxt[10]
    SLICE_X6Y12          FDCE                                         r  u_top_vga/u_draw_rect/vga_out\\.rgb_reg[10]/D
  -------------------------------------------------------------------    -------------------

                         (clock clk40MHz_clk_wiz_0 rise edge)
                                                      0.000     0.000 r  
    W5                                                0.000     0.000 r  clk (IN)
                         net (fo=0)                   0.000     0.000    u_clk_wiz/inst/clk
    W5                   IBUF (Prop_ibuf_I_O)         0.414     0.414 r  u_clk_wiz/inst/clkin1_ibufg/O
                         net (fo=1, routed)           0.480     0.894    u_clk_wiz/inst/clk_clk_wiz_0
    MMCME2_ADV_X1Y0      MMCME2_ADV (Prop_mmcme2_adv_CLKIN1_CLKOUT1)
                                                     -3.142    -2.248 r  u_clk_wiz/inst/mmcm_adv_inst/CLKOUT1
                         net (fo=2, routed)           0.530    -1.718    u_clk_wiz/inst/clk40MHz_clk_wiz_0
    BUFGCTRL_X0Y0        BUFGCTRL (Prop_bufgctrl_I0_O)
                                                      0.029    -1.689 r  u_clk_wiz/inst/clkout2_buf/O
                         net (fo=421, routed)         0.860    -0.830    u_top_vga/u_draw_rect/clk40MHz
    SLICE_X6Y12          FDCE                                         r  u_top_vga/u_draw_rect/vga_out\\.rgb_reg[10]/C
                         clock pessimism              0.253    -0.576    
    SLICE_X6Y12          FDCE (Hold_fdce_C_D)         0.121    -0.455    u_top_vga/u_draw_rect/vga_out\\.rgb_reg[10]
  -------------------------------------------------------------------
                         required time                          0.455    
                         arrival time                          -0.306    
  -------------------------------------------------------------------
                         slack                                  0.149    

Slack (MET) :             0.152ns  (arrival time - required time)
  Source:                 u_top_vga/u_draw_bg/vga_out\\.vcount_reg[8]/C
                            (rising edge-triggered cell FDCE clocked by clk40MHz_clk_wiz_0  {rise@0.000ns fall@12.500ns period=25.000ns})
  Destination:            u_top_vga/u_draw_rect_char/in_rect_d1_reg/D
                            (rising edge-triggered cell FDRE clocked by clk40MHz_clk_wiz_0  {rise@0.000ns fall@12.500ns period=25.000ns})
  Path Group:             clk40MHz_clk_wiz_0
  Path Type:              Hold (Min at Fast Process Corner)
  Requirement:            0.000ns  (clk40MHz_clk_wiz_0 rise@0.000ns - clk40MHz_clk_wiz_0 rise@0.000ns)
  Data Path Delay:        0.285ns  (logic 0.186ns (65.194%)  route 0.099ns (34.806%))
  Logic Levels:           1  (LUT6=1)
  Clock Path Skew:        0.013ns (DCD - SCD - CPR)
    Destination Clock Delay (DCD):    -0.861ns
    Source Clock Delay      (SCD):    -0.620ns
    Clock Pessimism Removal (CPR):    -0.253ns

    Location             Delay type                Incr(ns)  Path(ns)    Netlist Resource(s)
  -------------------------------------------------------------------    -------------------
                         (clock clk40MHz_clk_wiz_0 rise edge)
                                                      0.000     0.000 r  
    W5                                                0.000     0.000 r  clk (IN)
                         net (fo=0)                   0.000     0.000    u_clk_wiz/inst/clk
    W5                   IBUF (Prop_ibuf_I_O)         0.226     0.226 r  u_clk_wiz/inst/clkin1_ibufg/O
                         net (fo=1, routed)           0.440     0.667    u_clk_wiz/inst/clk_clk_wiz_0
    MMCME2_ADV_X1Y0      MMCME2_ADV (Prop_mmcme2_adv_CLKIN1_CLKOUT1)
                                                     -2.360    -1.693 r  u_clk_wiz/inst/mmcm_adv_inst/CLKOUT1
                         net (fo=2, routed)           0.486    -1.207    u_clk_wiz/inst/clk40MHz_clk_wiz_0
    BUFGCTRL_X0Y0        BUFGCTRL (Prop_bufgctrl_I0_O)
                                                      0.026    -1.181 r  u_clk_wiz/inst/clkout2_buf/O
                         net (fo=421, routed)         0.561    -0.620    u_top_vga/u_draw_bg/clk40MHz
    SLICE_X11Y16         FDCE                                         r  u_top_vga/u_draw_bg/vga_out\\.vcount_reg[8]/C
  -------------------------------------------------------------------    -------------------
    SLICE_X11Y16         FDCE (Prop_fdce_C_Q)         0.141    -0.479 r  u_top_vga/u_draw_bg/vga_out\\.vcount_reg[8]/Q
                         net (fo=2, routed)           0.099    -0.380    u_top_vga/u_draw_bg/vga_out\\.vcount_reg[10]_0[8]
    SLICE_X10Y16         LUT6 (Prop_lut6_I0_O)        0.045    -0.335 r  u_top_vga/u_draw_bg/in_rect_d1_i_1/O
                         net (fo=1, routed)           0.000    -0.335    u_top_vga/u_draw_rect_char/in_rect
    SLICE_X10Y16         FDRE                                         r  u_top_vga/u_draw_rect_char/in_rect_d1_reg/D
  -------------------------------------------------------------------    -------------------

                         (clock clk40MHz_clk_wiz_0 rise edge)
                                                      0.000     0.000 r  
    W5                                                0.000     0.000 r  clk (IN)
                         net (fo=0)                   0.000     0.000    u_clk_wiz/inst/clk
    W5                   IBUF (Prop_ibuf_I_O)         0.414     0.414 r  u_clk_wiz/inst/clkin1_ibufg/O
                         net (fo=1, routed)           0.480     0.894    u_clk_wiz/inst/clk_clk_wiz_0
    MMCME2_ADV_X1Y0      MMCME2_ADV (Prop_mmcme2_adv_CLKIN1_CLKOUT1)
                                                     -3.142    -2.248 r  u_clk_wiz/inst/mmcm_adv_inst/CLKOUT1
                         net (fo=2, routed)           0.530    -1.718    u_clk_wiz/inst/clk40MHz_clk_wiz_0
    BUFGCTRL_X0Y0        BUFGCTRL (Prop_bufgctrl_I0_O)
                                                      0.029    -1.689 r  u_clk_wiz/inst/clkout2_buf/O
                         net (fo=421, routed)         0.829    -0.861    u_top_vga/u_draw_rect_char/clk40MHz
    SLICE_X10Y16         FDRE                                         r  u_top_vga/u_draw_rect_char/in_rect_d1_reg/C
                         clock pessimism              0.253    -0.607    
    SLICE_X10Y16         FDRE (Hold_fdre_C_D)         0.120    -0.487    u_top_vga/u_draw_rect_char/in_rect_d1_reg
  -------------------------------------------------------------------
                         required time                          0.487    
                         arrival time                          -0.335    
  -------------------------------------------------------------------
                         slack                                  0.152    

Slack (MET) :             0.158ns  (arrival time - required time)
  Source:                 u_top_vga/u_draw_rect/rgb_d1_reg[3]/C
                            (rising edge-triggered cell FDSE clocked by clk40MHz_clk_wiz_0  {rise@0.000ns fall@12.500ns period=25.000ns})
  Destination:            u_top_vga/u_draw_rect/rgb_d2_reg[3]/D
                            (rising edge-triggered cell FDRE clocked by clk40MHz_clk_wiz_0  {rise@0.000ns fall@12.500ns period=25.000ns})
  Path Group:             clk40MHz_clk_wiz_0
  Path Type:              Hold (Min at Fast Process Corner)
  Requirement:            0.000ns  (clk40MHz_clk_wiz_0 rise@0.000ns - clk40MHz_clk_wiz_0 rise@0.000ns)
  Data Path Delay:        0.258ns  (logic 0.141ns (54.706%)  route 0.117ns (45.294%))
  Logic Levels:           0  
  Clock Path Skew:        0.034ns (DCD - SCD - CPR)
    Destination Clock Delay (DCD):    -0.831ns
    Source Clock Delay      (SCD):    -0.590ns
    Clock Pessimism Removal (CPR):    -0.274ns

    Location             Delay type                Incr(ns)  Path(ns)    Netlist Resource(s)
  -------------------------------------------------------------------    -------------------
                         (clock clk40MHz_clk_wiz_0 rise edge)
                                                      0.000     0.000 r  
    W5                                                0.000     0.000 r  clk (IN)
                         net (fo=0)                   0.000     0.000    u_clk_wiz/inst/clk
    W5                   IBUF (Prop_ibuf_I_O)         0.226     0.226 r  u_clk_wiz/inst/clkin1_ibufg/O
                         net (fo=1, routed)           0.440     0.667    u_clk_wiz/inst/clk_clk_wiz_0
    MMCME2_ADV_X1Y0      MMCME2_ADV (Prop_mmcme2_adv_CLKIN1_CLKOUT1)
                                                     -2.360    -1.693 r  u_clk_wiz/inst/mmcm_adv_inst/CLKOUT1
                         net (fo=2, routed)           0.486    -1.207    u_clk_wiz/inst/clk40MHz_clk_wiz_0
    BUFGCTRL_X0Y0        BUFGCTRL (Prop_bufgctrl_I0_O)
                                                      0.026    -1.181 r  u_clk_wiz/inst/clkout2_buf/O
                         net (fo=421, routed)         0.591    -0.590    u_top_vga/u_draw_rect/clk40MHz
    SLICE_X3Y13          FDSE                                         r  u_top_vga/u_draw_rect/rgb_d1_reg[3]/C
  -------------------------------------------------------------------    -------------------
    SLICE_X3Y13          FDSE (Prop_fdse_C_Q)         0.141    -0.449 r  u_top_vga/u_draw_rect/rgb_d1_reg[3]/Q
                         net (fo=1, routed)           0.117    -0.333    u_top_vga/u_draw_rect/rgb_d1[3]
    SLICE_X4Y13          FDRE                                         r  u_top_vga/u_draw_rect/rgb_d2_reg[3]/D
  -------------------------------------------------------------------    -------------------

                         (clock clk40MHz_clk_wiz_0 rise edge)
                                                      0.000     0.000 r  
    W5                                                0.000     0.000 r  clk (IN)
                         net (fo=0)                   0.000     0.000    u_clk_wiz/inst/clk
    W5                   IBUF (Prop_ibuf_I_O)         0.414     0.414 r  u_clk_wiz/inst/clkin1_ibufg/O
                         net (fo=1, routed)           0.480     0.894    u_clk_wiz/inst/clk_clk_wiz_0
    MMCME2_ADV_X1Y0      MMCME2_ADV (Prop_mmcme2_adv_CLKIN1_CLKOUT1)
                                                     -3.142    -2.248 r  u_clk_wiz/inst/mmcm_adv_inst/CLKOUT1
                         net (fo=2, routed)           0.530    -1.718    u_clk_wiz/inst/clk40MHz_clk_wiz_0
    BUFGCTRL_X0Y0        BUFGCTRL (Prop_bufgctrl_I0_O)
                                                      0.029    -1.689 r  u_clk_wiz/inst/clkout2_buf/O
                         net (fo=421, routed)         0.859    -0.831    u_top_vga/u_draw_rect/clk40MHz
    SLICE_X4Y13          FDRE                                         r  u_top_vga/u_draw_rect/rgb_d2_reg[3]/C
                         clock pessimism              0.274    -0.556    
    SLICE_X4Y13          FDRE (Hold_fdre_C_D)         0.066    -0.490    u_top_vga/u_draw_rect/rgb_d2_reg[3]
  -------------------------------------------------------------------
                         required time                          0.490    
                         arrival time                          -0.333    
  -------------------------------------------------------------------
                         slack                                  0.158    

Slack (MET) :             0.159ns  (arrival time - required time)
  Source:                 u_top_vga/u_draw_rect/vsync_d2_reg/C
                            (rising edge-triggered cell FDRE clocked by clk40MHz_clk_wiz_0  {rise@0.000ns fall@12.500ns period=25.000ns})
  Destination:            u_top_vga/u_draw_rect/vga_out\\.vsync_reg/D
                            (rising edge-triggered cell FDCE clocked by clk40MHz_clk_wiz_0  {rise@0.000ns fall@12.500ns period=25.000ns})
  Path Group:             clk40MHz_clk_wiz_0
  Path Type:              Hold (Min at Fast Process Corner)
  Requirement:            0.000ns  (clk40MHz_clk_wiz_0 rise@0.000ns - clk40MHz_clk_wiz_0 rise@0.000ns)
  Data Path Delay:        0.243ns  (logic 0.141ns (58.024%)  route 0.102ns (41.976%))
  Logic Levels:           0  
  Clock Path Skew:        0.014ns (DCD - SCD - CPR)
    Destination Clock Delay (DCD):    -0.835ns
    Source Clock Delay      (SCD):    -0.595ns
    Clock Pessimism Removal (CPR):    -0.253ns

    Location             Delay type                Incr(ns)  Path(ns)    Netlist Resource(s)
  -------------------------------------------------------------------    -------------------
                         (clock clk40MHz_clk_wiz_0 rise edge)
                                                      0.000     0.000 r  
    W5                                                0.000     0.000 r  clk (IN)
                         net (fo=0)                   0.000     0.000    u_clk_wiz/inst/clk
    W5                   IBUF (Prop_ibuf_I_O)         0.226     0.226 r  u_clk_wiz/inst/clkin1_ibufg/O
                         net (fo=1, routed)           0.440     0.667    u_clk_wiz/inst/clk_clk_wiz_0
    MMCME2_ADV_X1Y0      MMCME2_ADV (Prop_mmcme2_adv_CLKIN1_CLKOUT1)
                                                     -2.360    -1.693 r  u_clk_wiz/inst/mmcm_adv_inst/CLKOUT1
                         net (fo=2, routed)           0.486    -1.207    u_clk_wiz/inst/clk40MHz_clk_wiz_0
    BUFGCTRL_X0Y0        BUFGCTRL (Prop_bufgctrl_I0_O)
                                                      0.026    -1.181 r  u_clk_wiz/inst/clkout2_buf/O
                         net (fo=421, routed)         0.586    -0.595    u_top_vga/u_draw_rect/clk40MHz
    SLICE_X1Y20          FDRE                                         r  u_top_vga/u_draw_rect/vsync_d2_reg/C
  -------------------------------------------------------------------    -------------------
    SLICE_X1Y20          FDRE (Prop_fdre_C_Q)         0.141    -0.454 r  u_top_vga/u_draw_rect/vsync_d2_reg/Q
                         net (fo=1, routed)           0.102    -0.352    u_top_vga/u_draw_rect/vsync_d2
    SLICE_X3Y20          FDCE                                         r  u_top_vga/u_draw_rect/vga_out\\.vsync_reg/D
  -------------------------------------------------------------------    -------------------

                         (clock clk40MHz_clk_wiz_0 rise edge)
                                                      0.000     0.000 r  
    W5                                                0.000     0.000 r  clk (IN)
                         net (fo=0)                   0.000     0.000    u_clk_wiz/inst/clk
    W5                   IBUF (Prop_ibuf_I_O)         0.414     0.414 r  u_clk_wiz/inst/clkin1_ibufg/O
                         net (fo=1, routed)           0.480     0.894    u_clk_wiz/inst/clk_clk_wiz_0
    MMCME2_ADV_X1Y0      MMCME2_ADV (Prop_mmcme2_adv_CLKIN1_CLKOUT1)
                                                     -3.142    -2.248 r  u_clk_wiz/inst/mmcm_adv_inst/CLKOUT1
                         net (fo=2, routed)           0.530    -1.718    u_clk_wiz/inst/clk40MHz_clk_wiz_0
    BUFGCTRL_X0Y0        BUFGCTRL (Prop_bufgctrl_I0_O)
                                                      0.029    -1.689 r  u_clk_wiz/inst/clkout2_buf/O
                         net (fo=421, routed)         0.855    -0.835    u_top_vga/u_draw_rect/clk40MHz
    SLICE_X3Y20          FDCE                                         r  u_top_vga/u_draw_rect/vga_out\\.vsync_reg/C
                         clock pessimism              0.253    -0.581    
    SLICE_X3Y20          FDCE (Hold_fdce_C_D)         0.070    -0.511    u_top_vga/u_draw_rect/vga_out\\.vsync_reg
  -------------------------------------------------------------------
                         required time                          0.511    
                         arrival time                          -0.352    
  -------------------------------------------------------------------
                         slack                                  0.159    





Pulse Width Checks
--------------------------------------------------------------------------------------
Clock Name:         clk40MHz_clk_wiz_0
Waveform(ns):       { 0.000 12.500 }
Period(ns):         25.000
Sources:            { u_clk_wiz/inst/mmcm_adv_inst/CLKOUT1 }

Check Type        Corner  Lib Pin             Reference Pin  Required(ns)  Actual(ns)  Slack(ns)  Location         Pin
Min Period        n/a     RAMB18E1/CLKARDCLK  n/a            2.576         25.000      22.424     RAMB18_X0Y2      vga_out\\.rgb_reg[11]_i_2/CLKARDCLK
Min Period        n/a     RAMB36E1/CLKARDCLK  n/a            2.576         25.000      22.424     RAMB36_X0Y2      vga_out\\.rgb_reg[3]_i_3/CLKARDCLK
Min Period        n/a     RAMB18E1/CLKARDCLK  n/a            2.576         25.000      22.424     RAMB18_X0Y8      u_top_vga/u_font_rom/char_line_pixels_reg/CLKARDCLK
Min Period        n/a     RAMB18E1/CLKARDCLK  n/a            2.576         25.000      22.424     RAMB18_X0Y6      u_top_vga/u_rom/char_code_reg/CLKARDCLK
Min Period        n/a     BUFGCTRL/I0         n/a            2.155         25.000      22.845     BUFGCTRL_X0Y0    u_clk_wiz/inst/clkout2_buf/I0
Min Period        n/a     BUFH/I              n/a            2.155         25.000      22.845     BUFHCE_X0Y1      u_clk_wiz/inst/clkout2_buf_en/I
Min Period        n/a     ODDR/C              n/a            1.474         25.000      23.526     OLOGIC_X1Y93     pclk_oddr/C
Min Period        n/a     MMCME2_ADV/CLKOUT1  n/a            1.249         25.000      23.751     MMCME2_ADV_X1Y0  u_clk_wiz/inst/mmcm_adv_inst/CLKOUT1
Min Period        n/a     FDRE/C              n/a            1.000         25.000      24.000     SLICE_X35Y46     u_clk_wiz/inst/seq_reg2_reg[0]/C
Min Period        n/a     FDRE/C              n/a            1.000         25.000      24.000     SLICE_X35Y46     u_clk_wiz/inst/seq_reg2_reg[1]/C
Max Period        n/a     MMCME2_ADV/CLKOUT1  n/a            213.360       25.000      188.360    MMCME2_ADV_X1Y0  u_clk_wiz/inst/mmcm_adv_inst/CLKOUT1
Low Pulse Width   Slow    FDRE/C              n/a            0.500         12.500      12.000     SLICE_X35Y46     u_clk_wiz/inst/seq_reg2_reg[0]/C
Low Pulse Width   Fast    FDRE/C              n/a            0.500         12.500      12.000     SLICE_X35Y46     u_clk_wiz/inst/seq_reg2_reg[0]/C
Low Pulse Width   Slow    FDRE/C              n/a            0.500         12.500      12.000     SLICE_X35Y46     u_clk_wiz/inst/seq_reg2_reg[1]/C
Low Pulse Width   Fast    FDRE/C              n/a            0.500         12.500      12.000     SLICE_X35Y46     u_clk_wiz/inst/seq_reg2_reg[1]/C
Low Pulse Width   Slow    FDRE/C              n/a            0.500         12.500      12.000     SLICE_X35Y46     u_clk_wiz/inst/seq_reg2_reg[2]/C
Low Pulse Width   Fast    FDRE/C              n/a            0.500         12.500      12.000     SLICE_X35Y46     u_clk_wiz/inst/seq_reg2_reg[2]/C
Low Pulse Width   Slow    FDRE/C              n/a            0.500         12.500      12.000     SLICE_X35Y46     u_clk_wiz/inst/seq_reg2_reg[3]/C
Low Pulse Width   Fast    FDRE/C              n/a            0.500         12.500      12.000     SLICE_X35Y46     u_clk_wiz/inst/seq_reg2_reg[3]/C
Low Pulse Width   Slow    FDRE/C              n/a            0.500         12.500      12.000     SLICE_X35Y46     u_clk_wiz/inst/seq_reg2_reg[4]/C
Low Pulse Width   Fast    FDRE/C              n/a            0.500         12.500      12.000     SLICE_X35Y46     u_clk_wiz/inst/seq_reg2_reg[4]/C
High Pulse Width  Slow    FDRE/C              n/a            0.500         12.500      12.000     SLICE_X35Y46     u_clk_wiz/inst/seq_reg2_reg[0]/C
High Pulse Width  Fast    FDRE/C              n/a            0.500         12.500      12.000     SLICE_X35Y46     u_clk_wiz/inst/seq_reg2_reg[0]/C
High Pulse Width  Slow    FDRE/C              n/a            0.500         12.500      12.000     SLICE_X35Y46     u_clk_wiz/inst/seq_reg2_reg[1]/C
High Pulse Width  Fast    FDRE/C              n/a            0.500         12.500      12.000     SLICE_X35Y46     u_clk_wiz/inst/seq_reg2_reg[1]/C
High Pulse Width  Slow    FDRE/C              n/a            0.500         12.500      12.000     SLICE_X35Y46     u_clk_wiz/inst/seq_reg2_reg[2]/C
High Pulse Width  Fast    FDRE/C              n/a            0.500         12.500      12.000     SLICE_X35Y46     u_clk_wiz/inst/seq_reg2_reg[2]/C
High Pulse Width  Slow    FDRE/C              n/a            0.500         12.500      12.000     SLICE_X35Y46     u_clk_wiz/inst/seq_reg2_reg[3]/C
High Pulse Width  Fast    FDRE/C              n/a            0.500         12.500      12.000     SLICE_X35Y46     u_clk_wiz/inst/seq_reg2_reg[3]/C
High Pulse Width  Slow    FDRE/C              n/a            0.500         12.500      12.000     SLICE_X35Y46     u_clk_wiz/inst/seq_reg2_reg[4]/C
High Pulse Width  Fast    FDRE/C              n/a            0.500         12.500      12.000     SLICE_X35Y46     u_clk_wiz/inst/seq_reg2_reg[4]/C



---------------------------------------------------------------------------------------------------
From Clock:  clkfbout_clk_wiz_0
  To Clock:  clkfbout_clk_wiz_0

Setup :           NA  Failing Endpoints,  Worst Slack           NA  ,  Total Violation           NA
Hold  :           NA  Failing Endpoints,  Worst Slack           NA  ,  Total Violation           NA
PW    :            0  Failing Endpoints,  Worst Slack        7.845ns,  Total Violation        0.000ns
---------------------------------------------------------------------------------------------------


Pulse Width Checks
--------------------------------------------------------------------------------------
Clock Name:         clkfbout_clk_wiz_0
Waveform(ns):       { 0.000 5.000 }
Period(ns):         10.000
Sources:            { u_clk_wiz/inst/mmcm_adv_inst/CLKFBOUT }

Check Type  Corner  Lib Pin              Reference Pin  Required(ns)  Actual(ns)  Slack(ns)  Location         Pin
Min Period  n/a     BUFG/I               n/a            2.155         10.000      7.845      BUFGCTRL_X0Y2    u_clk_wiz/inst/clkf_buf/I
Min Period  n/a     MMCME2_ADV/CLKFBOUT  n/a            1.249         10.000      8.751      MMCME2_ADV_X1Y0  u_clk_wiz/inst/mmcm_adv_inst/CLKFBOUT
Min Period  n/a     MMCME2_ADV/CLKFBIN   n/a            1.249         10.000      8.751      MMCME2_ADV_X1Y0  u_clk_wiz/inst/mmcm_adv_inst/CLKFBIN
Max Period  n/a     MMCME2_ADV/CLKFBIN   n/a            100.000       10.000      90.000     MMCME2_ADV_X1Y0  u_clk_wiz/inst/mmcm_adv_inst/CLKFBIN
Max Period  n/a     MMCME2_ADV/CLKFBOUT  n/a            213.360       10.000      203.360    MMCME2_ADV_X1Y0  u_clk_wiz/inst/mmcm_adv_inst/CLKFBOUT



---------------------------------------------------------------------------------------------------
From Clock:  clk100MHz_clk_wiz_0
  To Clock:  clk40MHz_clk_wiz_0

Setup :            0  Failing Endpoints,  Worst Slack        1.868ns,  Total Violation        0.000ns
Hold  :            0  Failing Endpoints,  Worst Slack        0.148ns,  Total Violation        0.000ns
---------------------------------------------------------------------------------------------------


Max Delay Paths
--------------------------------------------------------------------------------------
Slack (MET) :             1.868ns  (required time - arrival time)
  Source:                 u_top_vga/u_mouse/left_reg/C
                            (rising edge-triggered cell FDRE clocked by clk100MHz_clk_wiz_0  {rise@0.000ns fall@5.000ns period=10.000ns})
  Destination:            u_top_vga/u_rect_ctl/FSM_onehot_state_reg[1]/D
                            (rising edge-triggered cell FDCE clocked by clk40MHz_clk_wiz_0  {rise@0.000ns fall@12.500ns period=25.000ns})
  Path Group:             clk40MHz_clk_wiz_0
  Path Type:              Setup (Max at Slow Process Corner)
  Requirement:            5.000ns  (clk40MHz_clk_wiz_0 rise@25.000ns - clk100MHz_clk_wiz_0 rise@20.000ns)
  Data Path Delay:        2.752ns  (logic 1.056ns (38.379%)  route 1.696ns (61.621%))
  Logic Levels:           3  (LUT3=1 LUT4=1 LUT6=1)
  Clock Path Skew:        -0.204ns (DCD - SCD + CPR)
    Destination Clock Delay (DCD):    -1.545ns = ( 23.455 - 25.000 ) 
    Source Clock Delay      (SCD):    -0.943ns = ( 19.057 - 20.000 ) 
    Clock Pessimism Removal (CPR):    0.398ns
  Clock Uncertainty:      0.207ns  ((TSJ^2 + DJ^2)^1/2) / 2 + PE
    Total System Jitter     (TSJ):    0.071ns
    Discrete Jitter          (DJ):    0.159ns
    Phase Error              (PE):    0.120ns

    Location             Delay type                Incr(ns)  Path(ns)    Netlist Resource(s)
  -------------------------------------------------------------------    -------------------
                         (clock clk100MHz_clk_wiz_0 rise edge)
                                                     20.000    20.000 r  
    W5                                                0.000    20.000 r  clk (IN)
                         net (fo=0)                   0.000    20.000    u_clk_wiz/inst/clk
    W5                   IBUF (Prop_ibuf_I_O)         1.458    21.458 r  u_clk_wiz/inst/clkin1_ibufg/O
                         net (fo=1, routed)           1.233    22.691    u_clk_wiz/inst/clk_clk_wiz_0
    MMCME2_ADV_X1Y0      MMCME2_ADV (Prop_mmcme2_adv_CLKIN1_CLKOUT0)
                                                     -6.961    15.731 r  u_clk_wiz/inst/mmcm_adv_inst/CLKOUT0
                         net (fo=2, routed)           1.661    17.392    u_clk_wiz/inst/clk100MHz_clk_wiz_0
    BUFGCTRL_X0Y1        BUFGCTRL (Prop_bufgctrl_I0_O)
                                                      0.096    17.488 r  u_clk_wiz/inst/clkout1_buf/O
                         net (fo=266, routed)         1.569    19.057    u_top_vga/u_mouse/clk100MHz
    SLICE_X9Y4           FDRE                                         r  u_top_vga/u_mouse/left_reg/C
  -------------------------------------------------------------------    -------------------
    SLICE_X9Y4           FDRE (Prop_fdre_C_Q)         0.456    19.513 r  u_top_vga/u_mouse/left_reg/Q
                         net (fo=2, routed)           0.843    20.357    u_top_vga/u_rect_ctl/mouse_left
    SLICE_X15Y6          LUT4 (Prop_lut4_I2_O)        0.150    20.507 r  u_top_vga/u_rect_ctl/FSM_onehot_state[2]_i_3/O
                         net (fo=1, routed)           0.436    20.943    u_top_vga/u_rect_ctl/FSM_onehot_state[2]_i_3_n_0
    SLICE_X15Y6          LUT6 (Prop_lut6_I5_O)        0.326    21.269 r  u_top_vga/u_rect_ctl/FSM_onehot_state[2]_i_2/O
                         net (fo=3, routed)           0.416    21.685    u_top_vga/u_rect_ctl/FSM_onehot_state[2]_i_2_n_0
    SLICE_X15Y6          LUT3 (Prop_lut3_I1_O)        0.124    21.809 r  u_top_vga/u_rect_ctl/FSM_onehot_state[1]_i_1/O
                         net (fo=1, routed)           0.000    21.809    u_top_vga/u_rect_ctl/FSM_onehot_state[1]_i_1_n_0
    SLICE_X15Y6          FDCE                                         r  u_top_vga/u_rect_ctl/FSM_onehot_state_reg[1]/D
  -------------------------------------------------------------------    -------------------

                         (clock clk40MHz_clk_wiz_0 rise edge)
                                                     25.000    25.000 r  
    W5                                                0.000    25.000 r  clk (IN)
                         net (fo=0)                   0.000    25.000    u_clk_wiz/inst/clk
    W5                   IBUF (Prop_ibuf_I_O)         1.388    26.388 r  u_clk_wiz/inst/clkin1_ibufg/O
                         net (fo=1, routed)           1.162    27.550    u_clk_wiz/inst/clk_clk_wiz_0
    MMCME2_ADV_X1Y0      MMCME2_ADV (Prop_mmcme2_adv_CLKIN1_CLKOUT1)
                                                     -7.217    20.332 r  u_clk_wiz/inst/mmcm_adv_inst/CLKOUT1
                         net (fo=2, routed)           1.581    21.914    u_clk_wiz/inst/clk40MHz_clk_wiz_0
    BUFGCTRL_X0Y0        BUFGCTRL (Prop_bufgctrl_I0_O)
                                                      0.091    22.005 r  u_clk_wiz/inst/clkout2_buf/O
                         net (fo=421, routed)         1.450    23.455    u_top_vga/u_rect_ctl/clk40MHz
    SLICE_X15Y6          FDCE                                         r  u_top_vga/u_rect_ctl/FSM_onehot_state_reg[1]/C
                         clock pessimism              0.398    23.853    
                         clock uncertainty           -0.207    23.646    
    SLICE_X15Y6          FDCE (Setup_fdce_C_D)        0.031    23.677    u_top_vga/u_rect_ctl/FSM_onehot_state_reg[1]
  -------------------------------------------------------------------
                         required time                         23.677    
                         arrival time                         -21.809    
  -------------------------------------------------------------------
                         slack                                  1.868    

Slack (MET) :             1.870ns  (required time - arrival time)
  Source:                 u_top_vga/u_mouse/left_reg/C
                            (rising edge-triggered cell FDRE clocked by clk100MHz_clk_wiz_0  {rise@0.000ns fall@5.000ns period=10.000ns})
  Destination:            u_top_vga/u_rect_ctl/FSM_onehot_state_reg[0]/D
                            (rising edge-triggered cell FDPE clocked by clk40MHz_clk_wiz_0  {rise@0.000ns fall@12.500ns period=25.000ns})
  Path Group:             clk40MHz_clk_wiz_0
  Path Type:              Setup (Max at Slow Process Corner)
  Requirement:            5.000ns  (clk40MHz_clk_wiz_0 rise@25.000ns - clk100MHz_clk_wiz_0 rise@20.000ns)
  Data Path Delay:        2.748ns  (logic 1.056ns (38.434%)  route 1.692ns (61.566%))
  Logic Levels:           3  (LUT3=1 LUT4=1 LUT6=1)
  Clock Path Skew:        -0.204ns (DCD - SCD + CPR)
    Destination Clock Delay (DCD):    -1.545ns = ( 23.455 - 25.000 ) 
    Source Clock Delay      (SCD):    -0.943ns = ( 19.057 - 20.000 ) 
    Clock Pessimism Removal (CPR):    0.398ns
  Clock Uncertainty:      0.207ns  ((TSJ^2 + DJ^2)^1/2) / 2 + PE
    Total System Jitter     (TSJ):    0.071ns
    Discrete Jitter          (DJ):    0.159ns
    Phase Error              (PE):    0.120ns

    Location             Delay type                Incr(ns)  Path(ns)    Netlist Resource(s)
  -------------------------------------------------------------------    -------------------
                         (clock clk100MHz_clk_wiz_0 rise edge)
                                                     20.000    20.000 r  
    W5                                                0.000    20.000 r  clk (IN)
                         net (fo=0)                   0.000    20.000    u_clk_wiz/inst/clk
    W5                   IBUF (Prop_ibuf_I_O)         1.458    21.458 r  u_clk_wiz/inst/clkin1_ibufg/O
                         net (fo=1, routed)           1.233    22.691    u_clk_wiz/inst/clk_clk_wiz_0
    MMCME2_ADV_X1Y0      MMCME2_ADV (Prop_mmcme2_adv_CLKIN1_CLKOUT0)
                                                     -6.961    15.731 r  u_clk_wiz/inst/mmcm_adv_inst/CLKOUT0
                         net (fo=2, routed)           1.661    17.392    u_clk_wiz/inst/clk100MHz_clk_wiz_0
    BUFGCTRL_X0Y1        BUFGCTRL (Prop_bufgctrl_I0_O)
                                                      0.096    17.488 r  u_clk_wiz/inst/clkout1_buf/O
                         net (fo=266, routed)         1.569    19.057    u_top_vga/u_mouse/clk100MHz
    SLICE_X9Y4           FDRE                                         r  u_top_vga/u_mouse/left_reg/C
  -------------------------------------------------------------------    -------------------
    SLICE_X9Y4           FDRE (Prop_fdre_C_Q)         0.456    19.513 r  u_top_vga/u_mouse/left_reg/Q
                         net (fo=2, routed)           0.843    20.357    u_top_vga/u_rect_ctl/mouse_left
    SLICE_X15Y6          LUT4 (Prop_lut4_I2_O)        0.150    20.507 r  u_top_vga/u_rect_ctl/FSM_onehot_state[2]_i_3/O
                         net (fo=1, routed)           0.436    20.943    u_top_vga/u_rect_ctl/FSM_onehot_state[2]_i_3_n_0
    SLICE_X15Y6          LUT6 (Prop_lut6_I5_O)        0.326    21.269 r  u_top_vga/u_rect_ctl/FSM_onehot_state[2]_i_2/O
                         net (fo=3, routed)           0.412    21.681    u_top_vga/u_rect_ctl/FSM_onehot_state[2]_i_2_n_0
    SLICE_X15Y6          LUT3 (Prop_lut3_I1_O)        0.124    21.805 r  u_top_vga/u_rect_ctl/FSM_onehot_state[0]_i_1/O
                         net (fo=1, routed)           0.000    21.805    u_top_vga/u_rect_ctl/FSM_onehot_state[0]_i_1_n_0
    SLICE_X15Y6          FDPE                                         r  u_top_vga/u_rect_ctl/FSM_onehot_state_reg[0]/D
  -------------------------------------------------------------------    -------------------

                         (clock clk40MHz_clk_wiz_0 rise edge)
                                                     25.000    25.000 r  
    W5                                                0.000    25.000 r  clk (IN)
                         net (fo=0)                   0.000    25.000    u_clk_wiz/inst/clk
    W5                   IBUF (Prop_ibuf_I_O)         1.388    26.388 r  u_clk_wiz/inst/clkin1_ibufg/O
                         net (fo=1, routed)           1.162    27.550    u_clk_wiz/inst/clk_clk_wiz_0
    MMCME2_ADV_X1Y0      MMCME2_ADV (Prop_mmcme2_adv_CLKIN1_CLKOUT1)
                                                     -7.217    20.332 r  u_clk_wiz/inst/mmcm_adv_inst/CLKOUT1
                         net (fo=2, routed)           1.581    21.914    u_clk_wiz/inst/clk40MHz_clk_wiz_0
    BUFGCTRL_X0Y0        BUFGCTRL (Prop_bufgctrl_I0_O)
                                                      0.091    22.005 r  u_clk_wiz/inst/clkout2_buf/O
                         net (fo=421, routed)         1.450    23.455    u_top_vga/u_rect_ctl/clk40MHz
    SLICE_X15Y6          FDPE                                         r  u_top_vga/u_rect_ctl/FSM_onehot_state_reg[0]/C
                         clock pessimism              0.398    23.853    
                         clock uncertainty           -0.207    23.646    
    SLICE_X15Y6          FDPE (Setup_fdpe_C_D)        0.029    23.675    u_top_vga/u_rect_ctl/FSM_onehot_state_reg[0]
  -------------------------------------------------------------------
                         required time                         23.675    
                         arrival time                         -21.805    
  -------------------------------------------------------------------
                         slack                                  1.870    

Slack (MET) :             1.917ns  (required time - arrival time)
  Source:                 u_top_vga/u_mouse/left_reg/C
                            (rising edge-triggered cell FDRE clocked by clk100MHz_clk_wiz_0  {rise@0.000ns fall@5.000ns period=10.000ns})
  Destination:            u_top_vga/u_rect_ctl/FSM_onehot_state_reg[2]/D
                            (rising edge-triggered cell FDCE clocked by clk40MHz_clk_wiz_0  {rise@0.000ns fall@12.500ns period=25.000ns})
  Path Group:             clk40MHz_clk_wiz_0
  Path Type:              Setup (Max at Slow Process Corner)
  Requirement:            5.000ns  (clk40MHz_clk_wiz_0 rise@25.000ns - clk100MHz_clk_wiz_0 rise@20.000ns)
  Data Path Delay:        2.747ns  (logic 1.051ns (38.266%)  route 1.696ns (61.734%))
  Logic Levels:           3  (LUT3=1 LUT4=1 LUT6=1)
  Clock Path Skew:        -0.204ns (DCD - SCD + CPR)
    Destination Clock Delay (DCD):    -1.545ns = ( 23.455 - 25.000 ) 
    Source Clock Delay      (SCD):    -0.943ns = ( 19.057 - 20.000 ) 
    Clock Pessimism Removal (CPR):    0.398ns
  Clock Uncertainty:      0.207ns  ((TSJ^2 + DJ^2)^1/2) / 2 + PE
    Total System Jitter     (TSJ):    0.071ns
    Discrete Jitter          (DJ):    0.159ns
    Phase Error              (PE):    0.120ns

    Location             Delay type                Incr(ns)  Path(ns)    Netlist Resource(s)
  -------------------------------------------------------------------    -------------------
                         (clock clk100MHz_clk_wiz_0 rise edge)
                                                     20.000    20.000 r  
    W5                                                0.000    20.000 r  clk (IN)
                         net (fo=0)                   0.000    20.000    u_clk_wiz/inst/clk
    W5                   IBUF (Prop_ibuf_I_O)         1.458    21.458 r  u_clk_wiz/inst/clkin1_ibufg/O
                         net (fo=1, routed)           1.233    22.691    u_clk_wiz/inst/clk_clk_wiz_0
    MMCME2_ADV_X1Y0      MMCME2_ADV (Prop_mmcme2_adv_CLKIN1_CLKOUT0)
                                                     -6.961    15.731 r  u_clk_wiz/inst/mmcm_adv_inst/CLKOUT0
                         net (fo=2, routed)           1.661    17.392    u_clk_wiz/inst/clk100MHz_clk_wiz_0
    BUFGCTRL_X0Y1        BUFGCTRL (Prop_bufgctrl_I0_O)
                                                      0.096    17.488 r  u_clk_wiz/inst/clkout1_buf/O
                         net (fo=266, routed)         1.569    19.057    u_top_vga/u_mouse/clk100MHz
    SLICE_X9Y4           FDRE                                         r  u_top_vga/u_mouse/left_reg/C
  -------------------------------------------------------------------    -------------------
    SLICE_X9Y4           FDRE (Prop_fdre_C_Q)         0.456    19.513 r  u_top_vga/u_mouse/left_reg/Q
                         net (fo=2, routed)           0.843    20.357    u_top_vga/u_rect_ctl/mouse_left
    SLICE_X15Y6          LUT4 (Prop_lut4_I2_O)        0.150    20.507 r  u_top_vga/u_rect_ctl/FSM_onehot_state[2]_i_3/O
                         net (fo=1, routed)           0.436    20.943    u_top_vga/u_rect_ctl/FSM_onehot_state[2]_i_3_n_0
    SLICE_X15Y6          LUT6 (Prop_lut6_I5_O)        0.326    21.269 r  u_top_vga/u_rect_ctl/FSM_onehot_state[2]_i_2/O
                         net (fo=3, routed)           0.416    21.685    u_top_vga/u_rect_ctl/FSM_onehot_state[2]_i_2_n_0
    SLICE_X15Y6          LUT3 (Prop_lut3_I1_O)        0.119    21.804 r  u_top_vga/u_rect_ctl/FSM_onehot_state[2]_i_1/O
                         net (fo=1, routed)           0.000    21.804    u_top_vga/u_rect_ctl/FSM_onehot_state[2]_i_1_n_0
    SLICE_X15Y6          FDCE                                         r  u_top_vga/u_rect_ctl/FSM_onehot_state_reg[2]/D
  -------------------------------------------------------------------    -------------------

                         (clock clk40MHz_clk_wiz_0 rise edge)
                                                     25.000    25.000 r  
    W5                                                0.000    25.000 r  clk (IN)
                         net (fo=0)                   0.000    25.000    u_clk_wiz/inst/clk
    W5                   IBUF (Prop_ibuf_I_O)         1.388    26.388 r  u_clk_wiz/inst/clkin1_ibufg/O
                         net (fo=1, routed)           1.162    27.550    u_clk_wiz/inst/clk_clk_wiz_0
    MMCME2_ADV_X1Y0      MMCME2_ADV (Prop_mmcme2_adv_CLKIN1_CLKOUT1)
                                                     -7.217    20.332 r  u_clk_wiz/inst/mmcm_adv_inst/CLKOUT1
                         net (fo=2, routed)           1.581    21.914    u_clk_wiz/inst/clk40MHz_clk_wiz_0
    BUFGCTRL_X0Y0        BUFGCTRL (Prop_bufgctrl_I0_O)
                                                      0.091    22.005 r  u_clk_wiz/inst/clkout2_buf/O
                         net (fo=421, routed)         1.450    23.455    u_top_vga/u_rect_ctl/clk40MHz
    SLICE_X15Y6          FDCE                                         r  u_top_vga/u_rect_ctl/FSM_onehot_state_reg[2]/C
                         clock pessimism              0.398    23.853    
                         clock uncertainty           -0.207    23.646    
    SLICE_X15Y6          FDCE (Setup_fdce_C_D)        0.075    23.721    u_top_vga/u_rect_ctl/FSM_onehot_state_reg[2]
  -------------------------------------------------------------------
                         required time                         23.721    
                         arrival time                         -21.804    
  -------------------------------------------------------------------
                         slack                                  1.917    

Slack (MET) :             2.197ns  (required time - arrival time)
  Source:                 u_top_vga/u_mouse/xpos_reg[10]/C
                            (rising edge-triggered cell FDRE clocked by clk100MHz_clk_wiz_0  {rise@0.000ns fall@5.000ns period=10.000ns})
  Destination:            u_top_vga/mouse_x_sync1_reg[10]/D
                            (rising edge-triggered cell FDRE clocked by clk40MHz_clk_wiz_0  {rise@0.000ns fall@12.500ns period=25.000ns})
  Path Group:             clk40MHz_clk_wiz_0
  Path Type:              Setup (Max at Slow Process Corner)
  Requirement:            5.000ns  (clk40MHz_clk_wiz_0 rise@25.000ns - clk100MHz_clk_wiz_0 rise@20.000ns)
  Data Path Delay:        2.335ns  (logic 0.456ns (19.529%)  route 1.879ns (80.471%))
  Logic Levels:           0  
  Clock Path Skew:        -0.203ns (DCD - SCD + CPR)
    Destination Clock Delay (DCD):    -1.480ns = ( 23.520 - 25.000 ) 
    Source Clock Delay      (SCD):    -0.879ns = ( 19.121 - 20.000 ) 
    Clock Pessimism Removal (CPR):    0.398ns
  Clock Uncertainty:      0.207ns  ((TSJ^2 + DJ^2)^1/2) / 2 + PE
    Total System Jitter     (TSJ):    0.071ns
    Discrete Jitter          (DJ):    0.159ns
    Phase Error              (PE):    0.120ns

    Location             Delay type                Incr(ns)  Path(ns)    Netlist Resource(s)
  -------------------------------------------------------------------    -------------------
                         (clock clk100MHz_clk_wiz_0 rise edge)
                                                     20.000    20.000 r  
    W5                                                0.000    20.000 r  clk (IN)
                         net (fo=0)                   0.000    20.000    u_clk_wiz/inst/clk
    W5                   IBUF (Prop_ibuf_I_O)         1.458    21.458 r  u_clk_wiz/inst/clkin1_ibufg/O
                         net (fo=1, routed)           1.233    22.691    u_clk_wiz/inst/clk_clk_wiz_0
    MMCME2_ADV_X1Y0      MMCME2_ADV (Prop_mmcme2_adv_CLKIN1_CLKOUT0)
                                                     -6.961    15.731 r  u_clk_wiz/inst/mmcm_adv_inst/CLKOUT0
                         net (fo=2, routed)           1.661    17.392    u_clk_wiz/inst/clk100MHz_clk_wiz_0
    BUFGCTRL_X0Y1        BUFGCTRL (Prop_bufgctrl_I0_O)
                                                      0.096    17.488 r  u_clk_wiz/inst/clkout1_buf/O
                         net (fo=266, routed)         1.633    19.121    u_top_vga/u_mouse/clk100MHz
    SLICE_X5Y10          FDRE                                         r  u_top_vga/u_mouse/xpos_reg[10]/C
  -------------------------------------------------------------------    -------------------
    SLICE_X5Y10          FDRE (Prop_fdre_C_Q)         0.456    19.577 r  u_top_vga/u_mouse/xpos_reg[10]/Q
                         net (fo=1, routed)           1.879    21.456    u_top_vga/mouse_x[10]
    SLICE_X6Y10          FDRE                                         r  u_top_vga/mouse_x_sync1_reg[10]/D
  -------------------------------------------------------------------    -------------------

                         (clock clk40MHz_clk_wiz_0 rise edge)
                                                     25.000    25.000 r  
    W5                                                0.000    25.000 r  clk (IN)
                         net (fo=0)                   0.000    25.000    u_clk_wiz/inst/clk
    W5                   IBUF (Prop_ibuf_I_O)         1.388    26.388 r  u_clk_wiz/inst/clkin1_ibufg/O
                         net (fo=1, routed)           1.162    27.550    u_clk_wiz/inst/clk_clk_wiz_0
    MMCME2_ADV_X1Y0      MMCME2_ADV (Prop_mmcme2_adv_CLKIN1_CLKOUT1)
                                                     -7.217    20.332 r  u_clk_wiz/inst/mmcm_adv_inst/CLKOUT1
                         net (fo=2, routed)           1.581    21.914    u_clk_wiz/inst/clk40MHz_clk_wiz_0
    BUFGCTRL_X0Y0        BUFGCTRL (Prop_bufgctrl_I0_O)
                                                      0.091    22.005 r  u_clk_wiz/inst/clkout2_buf/O
                         net (fo=421, routed)         1.515    23.520    u_top_vga/clk40MHz
    SLICE_X6Y10          FDRE                                         r  u_top_vga/mouse_x_sync1_reg[10]/C
                         clock pessimism              0.398    23.918    
                         clock uncertainty           -0.207    23.711    
    SLICE_X6Y10          FDRE (Setup_fdre_C_D)       -0.058    23.653    u_top_vga/mouse_x_sync1_reg[10]
  -------------------------------------------------------------------
                         required time                         23.653    
                         arrival time                         -21.456    
  -------------------------------------------------------------------
                         slack                                  2.197    

Slack (MET) :             2.242ns  (required time - arrival time)
  Source:                 u_top_vga/u_mouse/ypos_reg[3]/C
                            (rising edge-triggered cell FDRE clocked by clk100MHz_clk_wiz_0  {rise@0.000ns fall@5.000ns period=10.000ns})
  Destination:            u_top_vga/mouse_y_sync1_reg[3]/D
                            (rising edge-triggered cell FDRE clocked by clk40MHz_clk_wiz_0  {rise@0.000ns fall@12.500ns period=25.000ns})
  Path Group:             clk40MHz_clk_wiz_0
  Path Type:              Setup (Max at Slow Process Corner)
  Requirement:            5.000ns  (clk40MHz_clk_wiz_0 rise@25.000ns - clk100MHz_clk_wiz_0 rise@20.000ns)
  Data Path Delay:        2.287ns  (logic 0.456ns (19.937%)  route 1.831ns (80.063%))
  Logic Levels:           0  
  Clock Path Skew:        -0.204ns (DCD - SCD + CPR)
    Destination Clock Delay (DCD):    -1.545ns = ( 23.455 - 25.000 ) 
    Source Clock Delay      (SCD):    -0.943ns = ( 19.057 - 20.000 ) 
    Clock Pessimism Removal (CPR):    0.398ns
  Clock Uncertainty:      0.207ns  ((TSJ^2 + DJ^2)^1/2) / 2 + PE
    Total System Jitter     (TSJ):    0.071ns
    Discrete Jitter          (DJ):    0.159ns
    Phase Error              (PE):    0.120ns

    Location             Delay type                Incr(ns)  Path(ns)    Netlist Resource(s)
  -------------------------------------------------------------------    -------------------
                         (clock clk100MHz_clk_wiz_0 rise edge)
                                                     20.000    20.000 r  
    W5                                                0.000    20.000 r  clk (IN)
                         net (fo=0)                   0.000    20.000    u_clk_wiz/inst/clk
    W5                   IBUF (Prop_ibuf_I_O)         1.458    21.458 r  u_clk_wiz/inst/clkin1_ibufg/O
                         net (fo=1, routed)           1.233    22.691    u_clk_wiz/inst/clk_clk_wiz_0
    MMCME2_ADV_X1Y0      MMCME2_ADV (Prop_mmcme2_adv_CLKIN1_CLKOUT0)
                                                     -6.961    15.731 r  u_clk_wiz/inst/mmcm_adv_inst/CLKOUT0
                         net (fo=2, routed)           1.661    17.392    u_clk_wiz/inst/clk100MHz_clk_wiz_0
    BUFGCTRL_X0Y1        BUFGCTRL (Prop_bufgctrl_I0_O)
                                                      0.096    17.488 r  u_clk_wiz/inst/clkout1_buf/O
                         net (fo=266, routed)         1.569    19.057    u_top_vga/u_mouse/clk100MHz
    SLICE_X9Y4           FDRE                                         r  u_top_vga/u_mouse/ypos_reg[3]/C
  -------------------------------------------------------------------    -------------------
    SLICE_X9Y4           FDRE (Prop_fdre_C_Q)         0.456    19.513 r  u_top_vga/u_mouse/ypos_reg[3]/Q
                         net (fo=1, routed)           1.831    21.345    u_top_vga/mouse_y[3]
    SLICE_X8Y5           FDRE                                         r  u_top_vga/mouse_y_sync1_reg[3]/D
  -------------------------------------------------------------------    -------------------

                         (clock clk40MHz_clk_wiz_0 rise edge)
                                                     25.000    25.000 r  
    W5                                                0.000    25.000 r  clk (IN)
                         net (fo=0)                   0.000    25.000    u_clk_wiz/inst/clk
    W5                   IBUF (Prop_ibuf_I_O)         1.388    26.388 r  u_clk_wiz/inst/clkin1_ibufg/O
                         net (fo=1, routed)           1.162    27.550    u_clk_wiz/inst/clk_clk_wiz_0
    MMCME2_ADV_X1Y0      MMCME2_ADV (Prop_mmcme2_adv_CLKIN1_CLKOUT1)
                                                     -7.217    20.332 r  u_clk_wiz/inst/mmcm_adv_inst/CLKOUT1
                         net (fo=2, routed)           1.581    21.914    u_clk_wiz/inst/clk40MHz_clk_wiz_0
    BUFGCTRL_X0Y0        BUFGCTRL (Prop_bufgctrl_I0_O)
                                                      0.091    22.005 r  u_clk_wiz/inst/clkout2_buf/O
                         net (fo=421, routed)         1.450    23.455    u_top_vga/clk40MHz
    SLICE_X8Y5           FDRE                                         r  u_top_vga/mouse_y_sync1_reg[3]/C
                         clock pessimism              0.398    23.853    
                         clock uncertainty           -0.207    23.646    
    SLICE_X8Y5           FDRE (Setup_fdre_C_D)       -0.059    23.587    u_top_vga/mouse_y_sync1_reg[3]
  -------------------------------------------------------------------
                         required time                         23.587    
                         arrival time                         -21.345    
  -------------------------------------------------------------------
                         slack                                  2.242    

Slack (MET) :             2.266ns  (required time - arrival time)
  Source:                 u_top_vga/u_mouse/ypos_reg[4]/C
                            (rising edge-triggered cell FDRE clocked by clk100MHz_clk_wiz_0  {rise@0.000ns fall@5.000ns period=10.000ns})
  Destination:            u_top_vga/mouse_y_sync1_reg[4]/D
                            (rising edge-triggered cell FDRE clocked by clk40MHz_clk_wiz_0  {rise@0.000ns fall@12.500ns period=25.000ns})
  Path Group:             clk40MHz_clk_wiz_0
  Path Type:              Setup (Max at Slow Process Corner)
  Requirement:            5.000ns  (clk40MHz_clk_wiz_0 rise@25.000ns - clk100MHz_clk_wiz_0 rise@20.000ns)
  Data Path Delay:        2.267ns  (logic 0.456ns (20.116%)  route 1.811ns (79.884%))
  Logic Levels:           0  
  Clock Path Skew:        -0.204ns (DCD - SCD + CPR)
    Destination Clock Delay (DCD):    -1.545ns = ( 23.455 - 25.000 ) 
    Source Clock Delay      (SCD):    -0.943ns = ( 19.057 - 20.000 ) 
    Clock Pessimism Removal (CPR):    0.398ns
  Clock Uncertainty:      0.207ns  ((TSJ^2 + DJ^2)^1/2) / 2 + PE
    Total System Jitter     (TSJ):    0.071ns
    Discrete Jitter          (DJ):    0.159ns
    Phase Error              (PE):    0.120ns

    Location             Delay type                Incr(ns)  Path(ns)    Netlist Resource(s)
  -------------------------------------------------------------------    -------------------
                         (clock clk100MHz_clk_wiz_0 rise edge)
                                                     20.000    20.000 r  
    W5                                                0.000    20.000 r  clk (IN)
                         net (fo=0)                   0.000    20.000    u_clk_wiz/inst/clk
    W5                   IBUF (Prop_ibuf_I_O)         1.458    21.458 r  u_clk_wiz/inst/clkin1_ibufg/O
                         net (fo=1, routed)           1.233    22.691    u_clk_wiz/inst/clk_clk_wiz_0
    MMCME2_ADV_X1Y0      MMCME2_ADV (Prop_mmcme2_adv_CLKIN1_CLKOUT0)
                                                     -6.961    15.731 r  u_clk_wiz/inst/mmcm_adv_inst/CLKOUT0
                         net (fo=2, routed)           1.661    17.392    u_clk_wiz/inst/clk100MHz_clk_wiz_0
    BUFGCTRL_X0Y1        BUFGCTRL (Prop_bufgctrl_I0_O)
                                                      0.096    17.488 r  u_clk_wiz/inst/clkout1_buf/O
                         net (fo=266, routed)         1.569    19.057    u_top_vga/u_mouse/clk100MHz
    SLICE_X9Y6           FDRE                                         r  u_top_vga/u_mouse/ypos_reg[4]/C
  -------------------------------------------------------------------    -------------------
    SLICE_X9Y6           FDRE (Prop_fdre_C_Q)         0.456    19.513 r  u_top_vga/u_mouse/ypos_reg[4]/Q
                         net (fo=1, routed)           1.811    21.324    u_top_vga/mouse_y[4]
    SLICE_X12Y6          FDRE                                         r  u_top_vga/mouse_y_sync1_reg[4]/D
  -------------------------------------------------------------------    -------------------

                         (clock clk40MHz_clk_wiz_0 rise edge)
                                                     25.000    25.000 r  
    W5                                                0.000    25.000 r  clk (IN)
                         net (fo=0)                   0.000    25.000    u_clk_wiz/inst/clk
    W5                   IBUF (Prop_ibuf_I_O)         1.388    26.388 r  u_clk_wiz/inst/clkin1_ibufg/O
                         net (fo=1, routed)           1.162    27.550    u_clk_wiz/inst/clk_clk_wiz_0
    MMCME2_ADV_X1Y0      MMCME2_ADV (Prop_mmcme2_adv_CLKIN1_CLKOUT1)
                                                     -7.217    20.332 r  u_clk_wiz/inst/mmcm_adv_inst/CLKOUT1
                         net (fo=2, routed)           1.581    21.914    u_clk_wiz/inst/clk40MHz_clk_wiz_0
    BUFGCTRL_X0Y0        BUFGCTRL (Prop_bufgctrl_I0_O)
                                                      0.091    22.005 r  u_clk_wiz/inst/clkout2_buf/O
                         net (fo=421, routed)         1.450    23.455    u_top_vga/clk40MHz
    SLICE_X12Y6          FDRE                                         r  u_top_vga/mouse_y_sync1_reg[4]/C
                         clock pessimism              0.398    23.853    
                         clock uncertainty           -0.207    23.646    
    SLICE_X12Y6          FDRE (Setup_fdre_C_D)       -0.056    23.590    u_top_vga/mouse_y_sync1_reg[4]
  -------------------------------------------------------------------
                         required time                         23.590    
                         arrival time                         -21.324    
  -------------------------------------------------------------------
                         slack                                  2.266    

Slack (MET) :             2.322ns  (required time - arrival time)
  Source:                 u_top_vga/u_mouse/xpos_reg[3]/C
                            (rising edge-triggered cell FDRE clocked by clk100MHz_clk_wiz_0  {rise@0.000ns fall@5.000ns period=10.000ns})
  Destination:            u_top_vga/mouse_x_sync1_reg[3]/D
                            (rising edge-triggered cell FDRE clocked by clk40MHz_clk_wiz_0  {rise@0.000ns fall@12.500ns period=25.000ns})
  Path Group:             clk40MHz_clk_wiz_0
  Path Type:              Setup (Max at Slow Process Corner)
  Requirement:            5.000ns  (clk40MHz_clk_wiz_0 rise@25.000ns - clk100MHz_clk_wiz_0 rise@20.000ns)
  Data Path Delay:        2.162ns  (logic 0.456ns (21.092%)  route 1.706ns (78.908%))
  Logic Levels:           0  
  Clock Path Skew:        -0.204ns (DCD - SCD + CPR)
    Destination Clock Delay (DCD):    -1.479ns = ( 23.521 - 25.000 ) 
    Source Clock Delay      (SCD):    -0.877ns = ( 19.123 - 20.000 ) 
    Clock Pessimism Removal (CPR):    0.398ns
  Clock Uncertainty:      0.207ns  ((TSJ^2 + DJ^2)^1/2) / 2 + PE
    Total System Jitter     (TSJ):    0.071ns
    Discrete Jitter          (DJ):    0.159ns
    Phase Error              (PE):    0.120ns

    Location             Delay type                Incr(ns)  Path(ns)    Netlist Resource(s)
  -------------------------------------------------------------------    -------------------
                         (clock clk100MHz_clk_wiz_0 rise edge)
                                                     20.000    20.000 r  
    W5                                                0.000    20.000 r  clk (IN)
                         net (fo=0)                   0.000    20.000    u_clk_wiz/inst/clk
    W5                   IBUF (Prop_ibuf_I_O)         1.458    21.458 r  u_clk_wiz/inst/clkin1_ibufg/O
                         net (fo=1, routed)           1.233    22.691    u_clk_wiz/inst/clk_clk_wiz_0
    MMCME2_ADV_X1Y0      MMCME2_ADV (Prop_mmcme2_adv_CLKIN1_CLKOUT0)
                                                     -6.961    15.731 r  u_clk_wiz/inst/mmcm_adv_inst/CLKOUT0
                         net (fo=2, routed)           1.661    17.392    u_clk_wiz/inst/clk100MHz_clk_wiz_0
    BUFGCTRL_X0Y1        BUFGCTRL (Prop_bufgctrl_I0_O)
                                                      0.096    17.488 r  u_clk_wiz/inst/clkout1_buf/O
                         net (fo=266, routed)         1.635    19.123    u_top_vga/u_mouse/clk100MHz
    SLICE_X7Y6           FDRE                                         r  u_top_vga/u_mouse/xpos_reg[3]/C
  -------------------------------------------------------------------    -------------------
    SLICE_X7Y6           FDRE (Prop_fdre_C_Q)         0.456    19.579 r  u_top_vga/u_mouse/xpos_reg[3]/Q
                         net (fo=1, routed)           1.706    21.285    u_top_vga/mouse_x[3]
    SLICE_X7Y8           FDRE                                         r  u_top_vga/mouse_x_sync1_reg[3]/D
  -------------------------------------------------------------------    -------------------

                         (clock clk40MHz_clk_wiz_0 rise edge)
                                                     25.000    25.000 r  
    W5                                                0.000    25.000 r  clk (IN)
                         net (fo=0)                   0.000    25.000    u_clk_wiz/inst/clk
    W5                   IBUF (Prop_ibuf_I_O)         1.388    26.388 r  u_clk_wiz/inst/clkin1_ibufg/O
                         net (fo=1, routed)           1.162    27.550    u_clk_wiz/inst/clk_clk_wiz_0
    MMCME2_ADV_X1Y0      MMCME2_ADV (Prop_mmcme2_adv_CLKIN1_CLKOUT1)
                                                     -7.217    20.332 r  u_clk_wiz/inst/mmcm_adv_inst/CLKOUT1
                         net (fo=2, routed)           1.581    21.914    u_clk_wiz/inst/clk40MHz_clk_wiz_0
    BUFGCTRL_X0Y0        BUFGCTRL (Prop_bufgctrl_I0_O)
                                                      0.091    22.005 r  u_clk_wiz/inst/clkout2_buf/O
                         net (fo=421, routed)         1.516    23.521    u_top_vga/clk40MHz
    SLICE_X7Y8           FDRE                                         r  u_top_vga/mouse_x_sync1_reg[3]/C
                         clock pessimism              0.398    23.919    
                         clock uncertainty           -0.207    23.712    
    SLICE_X7Y8           FDRE (Setup_fdre_C_D)       -0.105    23.607    u_top_vga/mouse_x_sync1_reg[3]
  -------------------------------------------------------------------
                         required time                         23.607    
                         arrival time                         -21.285    
  -------------------------------------------------------------------
                         slack                                  2.322    

Slack (MET) :             2.378ns  (required time - arrival time)
  Source:                 u_top_vga/u_mouse/xpos_reg[8]/C
                            (rising edge-triggered cell FDRE clocked by clk100MHz_clk_wiz_0  {rise@0.000ns fall@5.000ns period=10.000ns})
  Destination:            u_top_vga/mouse_x_sync1_reg[8]/D
                            (rising edge-triggered cell FDRE clocked by clk40MHz_clk_wiz_0  {rise@0.000ns fall@12.500ns period=25.000ns})
  Path Group:             clk40MHz_clk_wiz_0
  Path Type:              Setup (Max at Slow Process Corner)
  Requirement:            5.000ns  (clk40MHz_clk_wiz_0 rise@25.000ns - clk100MHz_clk_wiz_0 rise@20.000ns)
  Data Path Delay:        2.102ns  (logic 0.456ns (21.695%)  route 1.646ns (78.305%))
  Logic Levels:           0  
  Clock Path Skew:        -0.204ns (DCD - SCD + CPR)
    Destination Clock Delay (DCD):    -1.481ns = ( 23.519 - 25.000 ) 
    Source Clock Delay      (SCD):    -0.879ns = ( 19.121 - 20.000 ) 
    Clock Pessimism Removal (CPR):    0.398ns
  Clock Uncertainty:      0.207ns  ((TSJ^2 + DJ^2)^1/2) / 2 + PE
    Total System Jitter     (TSJ):    0.071ns
    Discrete Jitter          (DJ):    0.159ns
    Phase Error              (PE):    0.120ns

    Location             Delay type                Incr(ns)  Path(ns)    Netlist Resource(s)
  -------------------------------------------------------------------    -------------------
                         (clock clk100MHz_clk_wiz_0 rise edge)
                                                     20.000    20.000 r  
    W5                                                0.000    20.000 r  clk (IN)
                         net (fo=0)                   0.000    20.000    u_clk_wiz/inst/clk
    W5                   IBUF (Prop_ibuf_I_O)         1.458    21.458 r  u_clk_wiz/inst/clkin1_ibufg/O
                         net (fo=1, routed)           1.233    22.691    u_clk_wiz/inst/clk_clk_wiz_0
    MMCME2_ADV_X1Y0      MMCME2_ADV (Prop_mmcme2_adv_CLKIN1_CLKOUT0)
                                                     -6.961    15.731 r  u_clk_wiz/inst/mmcm_adv_inst/CLKOUT0
                         net (fo=2, routed)           1.661    17.392    u_clk_wiz/inst/clk100MHz_clk_wiz_0
    BUFGCTRL_X0Y1        BUFGCTRL (Prop_bufgctrl_I0_O)
                                                      0.096    17.488 r  u_clk_wiz/inst/clkout1_buf/O
                         net (fo=266, routed)         1.633    19.121    u_top_vga/u_mouse/clk100MHz
    SLICE_X5Y10          FDRE                                         r  u_top_vga/u_mouse/xpos_reg[8]/C
  -------------------------------------------------------------------    -------------------
    SLICE_X5Y10          FDRE (Prop_fdre_C_Q)         0.456    19.577 r  u_top_vga/u_mouse/xpos_reg[8]/Q
                         net (fo=1, routed)           1.646    21.223    u_top_vga/mouse_x[8]
    SLICE_X5Y11          FDRE                                         r  u_top_vga/mouse_x_sync1_reg[8]/D
  -------------------------------------------------------------------    -------------------

                         (clock clk40MHz_clk_wiz_0 rise edge)
                                                     25.000    25.000 r  
    W5                                                0.000    25.000 r  clk (IN)
                         net (fo=0)                   0.000    25.000    u_clk_wiz/inst/clk
    W5                   IBUF (Prop_ibuf_I_O)         1.388    26.388 r  u_clk_wiz/inst/clkin1_ibufg/O
                         net (fo=1, routed)           1.162    27.550    u_clk_wiz/inst/clk_clk_wiz_0
    MMCME2_ADV_X1Y0      MMCME2_ADV (Prop_mmcme2_adv_CLKIN1_CLKOUT1)
                                                     -7.217    20.332 r  u_clk_wiz/inst/mmcm_adv_inst/CLKOUT1
                         net (fo=2, routed)           1.581    21.914    u_clk_wiz/inst/clk40MHz_clk_wiz_0
    BUFGCTRL_X0Y0        BUFGCTRL (Prop_bufgctrl_I0_O)
                                                      0.091    22.005 r  u_clk_wiz/inst/clkout2_buf/O
                         net (fo=421, routed)         1.514    23.519    u_top_vga/clk40MHz
    SLICE_X5Y11          FDRE                                         r  u_top_vga/mouse_x_sync1_reg[8]/C
                         clock pessimism              0.398    23.917    
                         clock uncertainty           -0.207    23.710    
    SLICE_X5Y11          FDRE (Setup_fdre_C_D)       -0.109    23.601    u_top_vga/mouse_x_sync1_reg[8]
  -------------------------------------------------------------------
                         required time                         23.601    
                         arrival time                         -21.223    
  -------------------------------------------------------------------
                         slack                                  2.378    

Slack (MET) :             2.385ns  (required time - arrival time)
  Source:                 u_top_vga/u_mouse/ypos_reg[5]/C
                            (rising edge-triggered cell FDRE clocked by clk100MHz_clk_wiz_0  {rise@0.000ns fall@5.000ns period=10.000ns})
  Destination:            u_top_vga/mouse_y_sync1_reg[5]/D
                            (rising edge-triggered cell FDRE clocked by clk40MHz_clk_wiz_0  {rise@0.000ns fall@12.500ns period=25.000ns})
  Path Group:             clk40MHz_clk_wiz_0
  Path Type:              Setup (Max at Slow Process Corner)
  Requirement:            5.000ns  (clk40MHz_clk_wiz_0 rise@25.000ns - clk100MHz_clk_wiz_0 rise@20.000ns)
  Data Path Delay:        2.140ns  (logic 0.456ns (21.306%)  route 1.684ns (78.694%))
  Logic Levels:           0  
  Clock Path Skew:        -0.204ns (DCD - SCD + CPR)
    Destination Clock Delay (DCD):    -1.545ns = ( 23.455 - 25.000 ) 
    Source Clock Delay      (SCD):    -0.943ns = ( 19.057 - 20.000 ) 
    Clock Pessimism Removal (CPR):    0.398ns
  Clock Uncertainty:      0.207ns  ((TSJ^2 + DJ^2)^1/2) / 2 + PE
    Total System Jitter     (TSJ):    0.071ns
    Discrete Jitter          (DJ):    0.159ns
    Phase Error              (PE):    0.120ns

    Location             Delay type                Incr(ns)  Path(ns)    Netlist Resource(s)
  -------------------------------------------------------------------    -------------------
                         (clock clk100MHz_clk_wiz_0 rise edge)
                                                     20.000    20.000 r  
    W5                                                0.000    20.000 r  clk (IN)
                         net (fo=0)                   0.000    20.000    u_clk_wiz/inst/clk
    W5                   IBUF (Prop_ibuf_I_O)         1.458    21.458 r  u_clk_wiz/inst/clkin1_ibufg/O
                         net (fo=1, routed)           1.233    22.691    u_clk_wiz/inst/clk_clk_wiz_0
    MMCME2_ADV_X1Y0      MMCME2_ADV (Prop_mmcme2_adv_CLKIN1_CLKOUT0)
                                                     -6.961    15.731 r  u_clk_wiz/inst/mmcm_adv_inst/CLKOUT0
                         net (fo=2, routed)           1.661    17.392    u_clk_wiz/inst/clk100MHz_clk_wiz_0
    BUFGCTRL_X0Y1        BUFGCTRL (Prop_bufgctrl_I0_O)
                                                      0.096    17.488 r  u_clk_wiz/inst/clkout1_buf/O
                         net (fo=266, routed)         1.569    19.057    u_top_vga/u_mouse/clk100MHz
    SLICE_X9Y5           FDRE                                         r  u_top_vga/u_mouse/ypos_reg[5]/C
  -------------------------------------------------------------------    -------------------
    SLICE_X9Y5           FDRE (Prop_fdre_C_Q)         0.456    19.513 r  u_top_vga/u_mouse/ypos_reg[5]/Q
                         net (fo=1, routed)           1.684    21.198    u_top_vga/mouse_y[5]
    SLICE_X8Y5           FDRE                                         r  u_top_vga/mouse_y_sync1_reg[5]/D
  -------------------------------------------------------------------    -------------------

                         (clock clk40MHz_clk_wiz_0 rise edge)
                                                     25.000    25.000 r  
    W5                                                0.000    25.000 r  clk (IN)
                         net (fo=0)                   0.000    25.000    u_clk_wiz/inst/clk
    W5                   IBUF (Prop_ibuf_I_O)         1.388    26.388 r  u_clk_wiz/inst/clkin1_ibufg/O
                         net (fo=1, routed)           1.162    27.550    u_clk_wiz/inst/clk_clk_wiz_0
    MMCME2_ADV_X1Y0      MMCME2_ADV (Prop_mmcme2_adv_CLKIN1_CLKOUT1)
                                                     -7.217    20.332 r  u_clk_wiz/inst/mmcm_adv_inst/CLKOUT1
                         net (fo=2, routed)           1.581    21.914    u_clk_wiz/inst/clk40MHz_clk_wiz_0
    BUFGCTRL_X0Y0        BUFGCTRL (Prop_bufgctrl_I0_O)
                                                      0.091    22.005 r  u_clk_wiz/inst/clkout2_buf/O
                         net (fo=421, routed)         1.450    23.455    u_top_vga/clk40MHz
    SLICE_X8Y5           FDRE                                         r  u_top_vga/mouse_y_sync1_reg[5]/C
                         clock pessimism              0.398    23.853    
                         clock uncertainty           -0.207    23.646    
    SLICE_X8Y5           FDRE (Setup_fdre_C_D)       -0.063    23.583    u_top_vga/mouse_y_sync1_reg[5]
  -------------------------------------------------------------------
                         required time                         23.583    
                         arrival time                         -21.198    
  -------------------------------------------------------------------
                         slack                                  2.385    

Slack (MET) :             2.412ns  (required time - arrival time)
  Source:                 u_top_vga/u_mouse/xpos_reg[4]/C
                            (rising edge-triggered cell FDRE clocked by clk100MHz_clk_wiz_0  {rise@0.000ns fall@5.000ns period=10.000ns})
  Destination:            u_top_vga/mouse_x_sync1_reg[4]/D
                            (rising edge-triggered cell FDRE clocked by clk40MHz_clk_wiz_0  {rise@0.000ns fall@12.500ns period=25.000ns})
  Path Group:             clk40MHz_clk_wiz_0
  Path Type:              Setup (Max at Slow Process Corner)
  Requirement:            5.000ns  (clk40MHz_clk_wiz_0 rise@25.000ns - clk100MHz_clk_wiz_0 rise@20.000ns)
  Data Path Delay:        2.069ns  (logic 0.456ns (22.037%)  route 1.613ns (77.963%))
  Logic Levels:           0  
  Clock Path Skew:        -0.203ns (DCD - SCD + CPR)
    Destination Clock Delay (DCD):    -1.479ns = ( 23.521 - 25.000 ) 
    Source Clock Delay      (SCD):    -0.878ns = ( 19.122 - 20.000 ) 
    Clock Pessimism Removal (CPR):    0.398ns
  Clock Uncertainty:      0.207ns  ((TSJ^2 + DJ^2)^1/2) / 2 + PE
    Total System Jitter     (TSJ):    0.071ns
    Discrete Jitter          (DJ):    0.159ns
    Phase Error              (PE):    0.120ns

    Location             Delay type                Incr(ns)  Path(ns)    Netlist Resource(s)
  -------------------------------------------------------------------    -------------------
                         (clock clk100MHz_clk_wiz_0 rise edge)
                                                     20.000    20.000 r  
    W5                                                0.000    20.000 r  clk (IN)
                         net (fo=0)                   0.000    20.000    u_clk_wiz/inst/clk
    W5                   IBUF (Prop_ibuf_I_O)         1.458    21.458 r  u_clk_wiz/inst/clkin1_ibufg/O
                         net (fo=1, routed)           1.233    22.691    u_clk_wiz/inst/clk_clk_wiz_0
    MMCME2_ADV_X1Y0      MMCME2_ADV (Prop_mmcme2_adv_CLKIN1_CLKOUT0)
                                                     -6.961    15.731 r  u_clk_wiz/inst/mmcm_adv_inst/CLKOUT0
                         net (fo=2, routed)           1.661    17.392    u_clk_wiz/inst/clk100MHz_clk_wiz_0
    BUFGCTRL_X0Y1        BUFGCTRL (Prop_bufgctrl_I0_O)
                                                      0.096    17.488 r  u_clk_wiz/inst/clkout1_buf/O
                         net (fo=266, routed)         1.634    19.122    u_top_vga/u_mouse/clk100MHz
    SLICE_X7Y7           FDRE                                         r  u_top_vga/u_mouse/xpos_reg[4]/C
  -------------------------------------------------------------------    -------------------
    SLICE_X7Y7           FDRE (Prop_fdre_C_Q)         0.456    19.578 r  u_top_vga/u_mouse/xpos_reg[4]/Q
                         net (fo=1, routed)           1.613    21.192    u_top_vga/mouse_x[4]
    SLICE_X5Y7           FDRE                                         r  u_top_vga/mouse_x_sync1_reg[4]/D
  -------------------------------------------------------------------    -------------------

                         (clock clk40MHz_clk_wiz_0 rise edge)
                                                     25.000    25.000 r  
    W5                                                0.000    25.000 r  clk (IN)
                         net (fo=0)                   0.000    25.000    u_clk_wiz/inst/clk
    W5                   IBUF (Prop_ibuf_I_O)         1.388    26.388 r  u_clk_wiz/inst/clkin1_ibufg/O
                         net (fo=1, routed)           1.162    27.550    u_clk_wiz/inst/clk_clk_wiz_0
    MMCME2_ADV_X1Y0      MMCME2_ADV (Prop_mmcme2_adv_CLKIN1_CLKOUT1)
                                                     -7.217    20.332 r  u_clk_wiz/inst/mmcm_adv_inst/CLKOUT1
                         net (fo=2, routed)           1.581    21.914    u_clk_wiz/inst/clk40MHz_clk_wiz_0
    BUFGCTRL_X0Y0        BUFGCTRL (Prop_bufgctrl_I0_O)
                                                      0.091    22.005 r  u_clk_wiz/inst/clkout2_buf/O
                         net (fo=421, routed)         1.516    23.521    u_top_vga/clk40MHz
    SLICE_X5Y7           FDRE                                         r  u_top_vga/mouse_x_sync1_reg[4]/C
                         clock pessimism              0.398    23.919    
                         clock uncertainty           -0.207    23.712    
    SLICE_X5Y7           FDRE (Setup_fdre_C_D)       -0.108    23.604    u_top_vga/mouse_x_sync1_reg[4]
  -------------------------------------------------------------------
                         required time                         23.604    
                         arrival time                         -21.192    
  -------------------------------------------------------------------
                         slack                                  2.412    





Min Delay Paths
--------------------------------------------------------------------------------------
Slack (MET) :             0.148ns  (arrival time - required time)
  Source:                 u_top_vga/u_mouse/xpos_reg[1]/C
                            (rising edge-triggered cell FDRE clocked by clk100MHz_clk_wiz_0  {rise@0.000ns fall@5.000ns period=10.000ns})
  Destination:            u_top_vga/mouse_x_sync1_reg[1]/D
                            (rising edge-triggered cell FDRE clocked by clk40MHz_clk_wiz_0  {rise@0.000ns fall@12.500ns period=25.000ns})
  Path Group:             clk40MHz_clk_wiz_0
  Path Type:              Hold (Min at Fast Process Corner)
  Requirement:            0.000ns  (clk40MHz_clk_wiz_0 rise@0.000ns - clk100MHz_clk_wiz_0 rise@0.000ns)
  Data Path Delay:        0.731ns  (logic 0.141ns (19.286%)  route 0.590ns (80.714%))
  Logic Levels:           0  
  Clock Path Skew:        0.317ns (DCD - SCD - CPR)
    Destination Clock Delay (DCD):    -0.827ns
    Source Clock Delay      (SCD):    -0.588ns
    Clock Pessimism Removal (CPR):    -0.555ns
  Clock Uncertainty:      0.207ns  ((TSJ^2 + DJ^2)^1/2) / 2 + PE
    Total System Jitter     (TSJ):    0.071ns
    Discrete Jitter          (DJ):    0.159ns
    Phase Error              (PE):    0.120ns

    Location             Delay type                Incr(ns)  Path(ns)    Netlist Resource(s)
  -------------------------------------------------------------------    -------------------
                         (clock clk100MHz_clk_wiz_0 rise edge)
                                                      0.000     0.000 r  
    W5                                                0.000     0.000 r  clk (IN)
                         net (fo=0)                   0.000     0.000    u_clk_wiz/inst/clk
    W5                   IBUF (Prop_ibuf_I_O)         0.226     0.226 r  u_clk_wiz/inst/clkin1_ibufg/O
                         net (fo=1, routed)           0.440     0.667    u_clk_wiz/inst/clk_clk_wiz_0
    MMCME2_ADV_X1Y0      MMCME2_ADV (Prop_mmcme2_adv_CLKIN1_CLKOUT0)
                                                     -2.360    -1.693 r  u_clk_wiz/inst/mmcm_adv_inst/CLKOUT0
                         net (fo=2, routed)           0.486    -1.207    u_clk_wiz/inst/clk100MHz_clk_wiz_0
    BUFGCTRL_X0Y1        BUFGCTRL (Prop_bufgctrl_I0_O)
                                                      0.026    -1.181 r  u_clk_wiz/inst/clkout1_buf/O
                         net (fo=266, routed)         0.593    -0.588    u_top_vga/u_mouse/clk100MHz
    SLICE_X5Y6           FDRE                                         r  u_top_vga/u_mouse/xpos_reg[1]/C
  -------------------------------------------------------------------    -------------------
    SLICE_X5Y6           FDRE (Prop_fdre_C_Q)         0.141    -0.447 r  u_top_vga/u_mouse/xpos_reg[1]/Q
                         net (fo=1, routed)           0.590     0.143    u_top_vga/mouse_x[1]
    SLICE_X5Y7           FDRE                                         r  u_top_vga/mouse_x_sync1_reg[1]/D
  -------------------------------------------------------------------    -------------------

                         (clock clk40MHz_clk_wiz_0 rise edge)
                                                      0.000     0.000 r  
    W5                                                0.000     0.000 r  clk (IN)
                         net (fo=0)                   0.000     0.000    u_clk_wiz/inst/clk
    W5                   IBUF (Prop_ibuf_I_O)         0.414     0.414 r  u_clk_wiz/inst/clkin1_ibufg/O
                         net (fo=1, routed)           0.480     0.894    u_clk_wiz/inst/clk_clk_wiz_0
    MMCME2_ADV_X1Y0      MMCME2_ADV (Prop_mmcme2_adv_CLKIN1_CLKOUT1)
                                                     -3.142    -2.248 r  u_clk_wiz/inst/mmcm_adv_inst/CLKOUT1
                         net (fo=2, routed)           0.530    -1.718    u_clk_wiz/inst/clk40MHz_clk_wiz_0
    BUFGCTRL_X0Y0        BUFGCTRL (Prop_bufgctrl_I0_O)
                                                      0.029    -1.689 r  u_clk_wiz/inst/clkout2_buf/O
                         net (fo=421, routed)         0.863    -0.827    u_top_vga/clk40MHz
    SLICE_X5Y7           FDRE                                         r  u_top_vga/mouse_x_sync1_reg[1]/C
                         clock pessimism              0.555    -0.272    
                         clock uncertainty            0.207    -0.064    
    SLICE_X5Y7           FDRE (Hold_fdre_C_D)         0.059    -0.005    u_top_vga/mouse_x_sync1_reg[1]
  -------------------------------------------------------------------
                         required time                          0.005    
                         arrival time                           0.143    
  -------------------------------------------------------------------
                         slack                                  0.148    

Slack (MET) :             0.175ns  (arrival time - required time)
  Source:                 u_top_vga/u_mouse/xpos_reg[9]/C
                            (rising edge-triggered cell FDRE clocked by clk100MHz_clk_wiz_0  {rise@0.000ns fall@5.000ns period=10.000ns})
  Destination:            u_top_vga/mouse_x_sync1_reg[9]/D
                            (rising edge-triggered cell FDRE clocked by clk40MHz_clk_wiz_0  {rise@0.000ns fall@12.500ns period=25.000ns})
  Path Group:             clk40MHz_clk_wiz_0
  Path Type:              Hold (Min at Fast Process Corner)
  Requirement:            0.000ns  (clk40MHz_clk_wiz_0 rise@0.000ns - clk100MHz_clk_wiz_0 rise@0.000ns)
  Data Path Delay:        0.790ns  (logic 0.141ns (17.843%)  route 0.649ns (82.157%))
  Logic Levels:           0  
  Clock Path Skew:        0.318ns (DCD - SCD - CPR)
    Destination Clock Delay (DCD):    -0.828ns
    Source Clock Delay      (SCD):    -0.590ns
    Clock Pessimism Removal (CPR):    -0.555ns
  Clock Uncertainty:      0.207ns  ((TSJ^2 + DJ^2)^1/2) / 2 + PE
    Total System Jitter     (TSJ):    0.071ns
    Discrete Jitter          (DJ):    0.159ns
    Phase Error              (PE):    0.120ns

    Location             Delay type                Incr(ns)  Path(ns)    Netlist Resource(s)
  -------------------------------------------------------------------    -------------------
                         (clock clk100MHz_clk_wiz_0 rise edge)
                                                      0.000     0.000 r  
    W5                                                0.000     0.000 r  clk (IN)
                         net (fo=0)                   0.000     0.000    u_clk_wiz/inst/clk
    W5                   IBUF (Prop_ibuf_I_O)         0.226     0.226 r  u_clk_wiz/inst/clkin1_ibufg/O
                         net (fo=1, routed)           0.440     0.667    u_clk_wiz/inst/clk_clk_wiz_0
    MMCME2_ADV_X1Y0      MMCME2_ADV (Prop_mmcme2_adv_CLKIN1_CLKOUT0)
                                                     -2.360    -1.693 r  u_clk_wiz/inst/mmcm_adv_inst/CLKOUT0
                         net (fo=2, routed)           0.486    -1.207    u_clk_wiz/inst/clk100MHz_clk_wiz_0
    BUFGCTRL_X0Y1        BUFGCTRL (Prop_bufgctrl_I0_O)
                                                      0.026    -1.181 r  u_clk_wiz/inst/clkout1_buf/O
                         net (fo=266, routed)         0.591    -0.590    u_top_vga/u_mouse/clk100MHz
    SLICE_X5Y10          FDRE                                         r  u_top_vga/u_mouse/xpos_reg[9]/C
  -------------------------------------------------------------------    -------------------
    SLICE_X5Y10          FDRE (Prop_fdre_C_Q)         0.141    -0.449 r  u_top_vga/u_mouse/xpos_reg[9]/Q
                         net (fo=1, routed)           0.649     0.200    u_top_vga/mouse_x[9]
    SLICE_X6Y11          FDRE                                         r  u_top_vga/mouse_x_sync1_reg[9]/D
  -------------------------------------------------------------------    -------------------

                         (clock clk40MHz_clk_wiz_0 rise edge)
                                                      0.000     0.000 r  
    W5                                                0.000     0.000 r  clk (IN)
                         net (fo=0)                   0.000     0.000    u_clk_wiz/inst/clk
    W5                   IBUF (Prop_ibuf_I_O)         0.414     0.414 r  u_clk_wiz/inst/clkin1_ibufg/O
                         net (fo=1, routed)           0.480     0.894    u_clk_wiz/inst/clk_clk_wiz_0
    MMCME2_ADV_X1Y0      MMCME2_ADV (Prop_mmcme2_adv_CLKIN1_CLKOUT1)
                                                     -3.142    -2.248 r  u_clk_wiz/inst/mmcm_adv_inst/CLKOUT1
                         net (fo=2, routed)           0.530    -1.718    u_clk_wiz/inst/clk40MHz_clk_wiz_0
    BUFGCTRL_X0Y0        BUFGCTRL (Prop_bufgctrl_I0_O)
                                                      0.029    -1.689 r  u_clk_wiz/inst/clkout2_buf/O
                         net (fo=421, routed)         0.862    -0.828    u_top_vga/clk40MHz
    SLICE_X6Y11          FDRE                                         r  u_top_vga/mouse_x_sync1_reg[9]/C
                         clock pessimism              0.555    -0.273    
                         clock uncertainty            0.207    -0.065    
    SLICE_X6Y11          FDRE (Hold_fdre_C_D)         0.090     0.025    u_top_vga/mouse_x_sync1_reg[9]
  -------------------------------------------------------------------
                         required time                         -0.025    
                         arrival time                           0.200    
  -------------------------------------------------------------------
                         slack                                  0.175    

Slack (MET) :             0.176ns  (arrival time - required time)
  Source:                 u_top_vga/u_mouse/ypos_reg[9]/C
                            (rising edge-triggered cell FDRE clocked by clk100MHz_clk_wiz_0  {rise@0.000ns fall@5.000ns period=10.000ns})
  Destination:            u_top_vga/mouse_y_sync1_reg[9]/D
                            (rising edge-triggered cell FDRE clocked by clk40MHz_clk_wiz_0  {rise@0.000ns fall@12.500ns period=25.000ns})
  Path Group:             clk40MHz_clk_wiz_0
  Path Type:              Hold (Min at Fast Process Corner)
  Requirement:            0.000ns  (clk40MHz_clk_wiz_0 rise@0.000ns - clk100MHz_clk_wiz_0 rise@0.000ns)
  Data Path Delay:        0.763ns  (logic 0.141ns (18.482%)  route 0.622ns (81.518%))
  Logic Levels:           0  
  Clock Path Skew:        0.317ns (DCD - SCD - CPR)
    Destination Clock Delay (DCD):    -0.855ns
    Source Clock Delay      (SCD):    -0.616ns
    Clock Pessimism Removal (CPR):    -0.555ns
  Clock Uncertainty:      0.207ns  ((TSJ^2 + DJ^2)^1/2) / 2 + PE
    Total System Jitter     (TSJ):    0.071ns
    Discrete Jitter          (DJ):    0.159ns
    Phase Error              (PE):    0.120ns

    Location             Delay type                Incr(ns)  Path(ns)    Netlist Resource(s)
  -------------------------------------------------------------------    -------------------
                         (clock clk100MHz_clk_wiz_0 rise edge)
                                                      0.000     0.000 r  
    W5                                                0.000     0.000 r  clk (IN)
                         net (fo=0)                   0.000     0.000    u_clk_wiz/inst/clk
    W5                   IBUF (Prop_ibuf_I_O)         0.226     0.226 r  u_clk_wiz/inst/clkin1_ibufg/O
                         net (fo=1, routed)           0.440     0.667    u_clk_wiz/inst/clk_clk_wiz_0
    MMCME2_ADV_X1Y0      MMCME2_ADV (Prop_mmcme2_adv_CLKIN1_CLKOUT0)
                                                     -2.360    -1.693 r  u_clk_wiz/inst/mmcm_adv_inst/CLKOUT0
                         net (fo=2, routed)           0.486    -1.207    u_clk_wiz/inst/clk100MHz_clk_wiz_0
    BUFGCTRL_X0Y1        BUFGCTRL (Prop_bufgctrl_I0_O)
                                                      0.026    -1.181 r  u_clk_wiz/inst/clkout1_buf/O
                         net (fo=266, routed)         0.565    -0.616    u_top_vga/u_mouse/clk100MHz
    SLICE_X9Y8           FDRE                                         r  u_top_vga/u_mouse/ypos_reg[9]/C
  -------------------------------------------------------------------    -------------------
    SLICE_X9Y8           FDRE (Prop_fdre_C_Q)         0.141    -0.475 r  u_top_vga/u_mouse/ypos_reg[9]/Q
                         net (fo=1, routed)           0.622     0.147    u_top_vga/mouse_y[9]
    SLICE_X10Y8          FDRE                                         r  u_top_vga/mouse_y_sync1_reg[9]/D
  -------------------------------------------------------------------    -------------------

                         (clock clk40MHz_clk_wiz_0 rise edge)
                                                      0.000     0.000 r  
    W5                                                0.000     0.000 r  clk (IN)
                         net (fo=0)                   0.000     0.000    u_clk_wiz/inst/clk
    W5                   IBUF (Prop_ibuf_I_O)         0.414     0.414 r  u_clk_wiz/inst/clkin1_ibufg/O
                         net (fo=1, routed)           0.480     0.894    u_clk_wiz/inst/clk_clk_wiz_0
    MMCME2_ADV_X1Y0      MMCME2_ADV (Prop_mmcme2_adv_CLKIN1_CLKOUT1)
                                                     -3.142    -2.248 r  u_clk_wiz/inst/mmcm_adv_inst/CLKOUT1
                         net (fo=2, routed)           0.530    -1.718    u_clk_wiz/inst/clk40MHz_clk_wiz_0
    BUFGCTRL_X0Y0        BUFGCTRL (Prop_bufgctrl_I0_O)
                                                      0.029    -1.689 r  u_clk_wiz/inst/clkout2_buf/O
                         net (fo=421, routed)         0.835    -0.855    u_top_vga/clk40MHz
    SLICE_X10Y8          FDRE                                         r  u_top_vga/mouse_y_sync1_reg[9]/C
                         clock pessimism              0.555    -0.300    
                         clock uncertainty            0.207    -0.092    
    SLICE_X10Y8          FDRE (Hold_fdre_C_D)         0.063    -0.029    u_top_vga/mouse_y_sync1_reg[9]
  -------------------------------------------------------------------
                         required time                          0.029    
                         arrival time                           0.147    
  -------------------------------------------------------------------
                         slack                                  0.176    

Slack (MET) :             0.176ns  (arrival time - required time)
  Source:                 u_top_vga/u_mouse/ypos_reg[1]/C
                            (rising edge-triggered cell FDRE clocked by clk100MHz_clk_wiz_0  {rise@0.000ns fall@5.000ns period=10.000ns})
  Destination:            u_top_vga/mouse_y_sync1_reg[1]/D
                            (rising edge-triggered cell FDRE clocked by clk40MHz_clk_wiz_0  {rise@0.000ns fall@12.500ns period=25.000ns})
  Path Group:             clk40MHz_clk_wiz_0
  Path Type:              Hold (Min at Fast Process Corner)
  Requirement:            0.000ns  (clk40MHz_clk_wiz_0 rise@0.000ns - clk100MHz_clk_wiz_0 rise@0.000ns)
  Data Path Delay:        0.790ns  (logic 0.141ns (17.845%)  route 0.649ns (82.155%))
  Logic Levels:           0  
  Clock Path Skew:        0.317ns (DCD - SCD - CPR)
    Destination Clock Delay (DCD):    -0.854ns
    Source Clock Delay      (SCD):    -0.615ns
    Clock Pessimism Removal (CPR):    -0.555ns
  Clock Uncertainty:      0.207ns  ((TSJ^2 + DJ^2)^1/2) / 2 + PE
    Total System Jitter     (TSJ):    0.071ns
    Discrete Jitter          (DJ):    0.159ns
    Phase Error              (PE):    0.120ns

    Location             Delay type                Incr(ns)  Path(ns)    Netlist Resource(s)
  -------------------------------------------------------------------    -------------------
                         (clock clk100MHz_clk_wiz_0 rise edge)
                                                      0.000     0.000 r  
    W5                                                0.000     0.000 r  clk (IN)
                         net (fo=0)                   0.000     0.000    u_clk_wiz/inst/clk
    W5                   IBUF (Prop_ibuf_I_O)         0.226     0.226 r  u_clk_wiz/inst/clkin1_ibufg/O
                         net (fo=1, routed)           0.440     0.667    u_clk_wiz/inst/clk_clk_wiz_0
    MMCME2_ADV_X1Y0      MMCME2_ADV (Prop_mmcme2_adv_CLKIN1_CLKOUT0)
                                                     -2.360    -1.693 r  u_clk_wiz/inst/mmcm_adv_inst/CLKOUT0
                         net (fo=2, routed)           0.486    -1.207    u_clk_wiz/inst/clk100MHz_clk_wiz_0
    BUFGCTRL_X0Y1        BUFGCTRL (Prop_bufgctrl_I0_O)
                                                      0.026    -1.181 r  u_clk_wiz/inst/clkout1_buf/O
                         net (fo=266, routed)         0.566    -0.615    u_top_vga/u_mouse/clk100MHz
    SLICE_X9Y4           FDRE                                         r  u_top_vga/u_mouse/ypos_reg[1]/C
  -------------------------------------------------------------------    -------------------
    SLICE_X9Y4           FDRE (Prop_fdre_C_Q)         0.141    -0.474 r  u_top_vga/u_mouse/ypos_reg[1]/Q
                         net (fo=1, routed)           0.649     0.175    u_top_vga/mouse_y[1]
    SLICE_X8Y5           FDRE                                         r  u_top_vga/mouse_y_sync1_reg[1]/D
  -------------------------------------------------------------------    -------------------

                         (clock clk40MHz_clk_wiz_0 rise edge)
                                                      0.000     0.000 r  
    W5                                                0.000     0.000 r  clk (IN)
                         net (fo=0)                   0.000     0.000    u_clk_wiz/inst/clk
    W5                   IBUF (Prop_ibuf_I_O)         0.414     0.414 r  u_clk_wiz/inst/clkin1_ibufg/O
                         net (fo=1, routed)           0.480     0.894    u_clk_wiz/inst/clk_clk_wiz_0
    MMCME2_ADV_X1Y0      MMCME2_ADV (Prop_mmcme2_adv_CLKIN1_CLKOUT1)
                                                     -3.142    -2.248 r  u_clk_wiz/inst/mmcm_adv_inst/CLKOUT1
                         net (fo=2, routed)           0.530    -1.718    u_clk_wiz/inst/clk40MHz_clk_wiz_0
    BUFGCTRL_X0Y0        BUFGCTRL (Prop_bufgctrl_I0_O)
                                                      0.029    -1.689 r  u_clk_wiz/inst/clkout2_buf/O
                         net (fo=421, routed)         0.836    -0.854    u_top_vga/clk40MHz
    SLICE_X8Y5           FDRE                                         r  u_top_vga/mouse_y_sync1_reg[1]/C
                         clock pessimism              0.555    -0.299    
                         clock uncertainty            0.207    -0.091    
    SLICE_X8Y5           FDRE (Hold_fdre_C_D)         0.090    -0.001    u_top_vga/mouse_y_sync1_reg[1]
  -------------------------------------------------------------------
                         required time                          0.001    
                         arrival time                           0.175    
  -------------------------------------------------------------------
                         slack                                  0.176    

Slack (MET) :             0.183ns  (arrival time - required time)
  Source:                 u_top_vga/u_mouse/xpos_reg[6]/C
                            (rising edge-triggered cell FDRE clocked by clk100MHz_clk_wiz_0  {rise@0.000ns fall@5.000ns period=10.000ns})
  Destination:            u_top_vga/mouse_x_sync1_reg[6]/D
                            (rising edge-triggered cell FDRE clocked by clk40MHz_clk_wiz_0  {rise@0.000ns fall@12.500ns period=25.000ns})
  Path Group:             clk40MHz_clk_wiz_0
  Path Type:              Hold (Min at Fast Process Corner)
  Requirement:            0.000ns  (clk40MHz_clk_wiz_0 rise@0.000ns - clk100MHz_clk_wiz_0 rise@0.000ns)
  Data Path Delay:        0.769ns  (logic 0.141ns (18.346%)  route 0.628ns (81.654%))
  Logic Levels:           0  
  Clock Path Skew:        0.318ns (DCD - SCD - CPR)
    Destination Clock Delay (DCD):    -0.827ns
    Source Clock Delay      (SCD):    -0.589ns
    Clock Pessimism Removal (CPR):    -0.555ns
  Clock Uncertainty:      0.207ns  ((TSJ^2 + DJ^2)^1/2) / 2 + PE
    Total System Jitter     (TSJ):    0.071ns
    Discrete Jitter          (DJ):    0.159ns
    Phase Error              (PE):    0.120ns

    Location             Delay type                Incr(ns)  Path(ns)    Netlist Resource(s)
  -------------------------------------------------------------------    -------------------
                         (clock clk100MHz_clk_wiz_0 rise edge)
                                                      0.000     0.000 r  
    W5                                                0.000     0.000 r  clk (IN)
                         net (fo=0)                   0.000     0.000    u_clk_wiz/inst/clk
    W5                   IBUF (Prop_ibuf_I_O)         0.226     0.226 r  u_clk_wiz/inst/clkin1_ibufg/O
                         net (fo=1, routed)           0.440     0.667    u_clk_wiz/inst/clk_clk_wiz_0
    MMCME2_ADV_X1Y0      MMCME2_ADV (Prop_mmcme2_adv_CLKIN1_CLKOUT0)
                                                     -2.360    -1.693 r  u_clk_wiz/inst/mmcm_adv_inst/CLKOUT0
                         net (fo=2, routed)           0.486    -1.207    u_clk_wiz/inst/clk100MHz_clk_wiz_0
    BUFGCTRL_X0Y1        BUFGCTRL (Prop_bufgctrl_I0_O)
                                                      0.026    -1.181 r  u_clk_wiz/inst/clkout1_buf/O
                         net (fo=266, routed)         0.592    -0.589    u_top_vga/u_mouse/clk100MHz
    SLICE_X7Y7           FDRE                                         r  u_top_vga/u_mouse/xpos_reg[6]/C
  -------------------------------------------------------------------    -------------------
    SLICE_X7Y7           FDRE (Prop_fdre_C_Q)         0.141    -0.448 r  u_top_vga/u_mouse/xpos_reg[6]/Q
                         net (fo=1, routed)           0.628     0.179    u_top_vga/mouse_x[6]
    SLICE_X5Y9           FDRE                                         r  u_top_vga/mouse_x_sync1_reg[6]/D
  -------------------------------------------------------------------    -------------------

                         (clock clk40MHz_clk_wiz_0 rise edge)
                                                      0.000     0.000 r  
    W5                                                0.000     0.000 r  clk (IN)
                         net (fo=0)                   0.000     0.000    u_clk_wiz/inst/clk
    W5                   IBUF (Prop_ibuf_I_O)         0.414     0.414 r  u_clk_wiz/inst/clkin1_ibufg/O
                         net (fo=1, routed)           0.480     0.894    u_clk_wiz/inst/clk_clk_wiz_0
    MMCME2_ADV_X1Y0      MMCME2_ADV (Prop_mmcme2_adv_CLKIN1_CLKOUT1)
                                                     -3.142    -2.248 r  u_clk_wiz/inst/mmcm_adv_inst/CLKOUT1
                         net (fo=2, routed)           0.530    -1.718    u_clk_wiz/inst/clk40MHz_clk_wiz_0
    BUFGCTRL_X0Y0        BUFGCTRL (Prop_bufgctrl_I0_O)
                                                      0.029    -1.689 r  u_clk_wiz/inst/clkout2_buf/O
                         net (fo=421, routed)         0.863    -0.827    u_top_vga/clk40MHz
    SLICE_X5Y9           FDRE                                         r  u_top_vga/mouse_x_sync1_reg[6]/C
                         clock pessimism              0.555    -0.272    
                         clock uncertainty            0.207    -0.064    
    SLICE_X5Y9           FDRE (Hold_fdre_C_D)         0.061    -0.003    u_top_vga/mouse_x_sync1_reg[6]
  -------------------------------------------------------------------
                         required time                          0.003    
                         arrival time                           0.179    
  -------------------------------------------------------------------
                         slack                                  0.183    

Slack (MET) :             0.189ns  (arrival time - required time)
  Source:                 u_top_vga/u_mouse/ypos_reg[7]/C
                            (rising edge-triggered cell FDRE clocked by clk100MHz_clk_wiz_0  {rise@0.000ns fall@5.000ns period=10.000ns})
  Destination:            u_top_vga/mouse_y_sync1_reg[7]/D
                            (rising edge-triggered cell FDRE clocked by clk40MHz_clk_wiz_0  {rise@0.000ns fall@12.500ns period=25.000ns})
  Path Group:             clk40MHz_clk_wiz_0
  Path Type:              Hold (Min at Fast Process Corner)
  Requirement:            0.000ns  (clk40MHz_clk_wiz_0 rise@0.000ns - clk100MHz_clk_wiz_0 rise@0.000ns)
  Data Path Delay:        0.771ns  (logic 0.141ns (18.288%)  route 0.630ns (81.712%))
  Logic Levels:           0  
  Clock Path Skew:        0.316ns (DCD - SCD - CPR)
    Destination Clock Delay (DCD):    -0.855ns
    Source Clock Delay      (SCD):    -0.615ns
    Clock Pessimism Removal (CPR):    -0.555ns
  Clock Uncertainty:      0.207ns  ((TSJ^2 + DJ^2)^1/2) / 2 + PE
    Total System Jitter     (TSJ):    0.071ns
    Discrete Jitter          (DJ):    0.159ns
    Phase Error              (PE):    0.120ns

    Location             Delay type                Incr(ns)  Path(ns)    Netlist Resource(s)
  -------------------------------------------------------------------    -------------------
                         (clock clk100MHz_clk_wiz_0 rise edge)
                                                      0.000     0.000 r  
    W5                                                0.000     0.000 r  clk (IN)
                         net (fo=0)                   0.000     0.000    u_clk_wiz/inst/clk
    W5                   IBUF (Prop_ibuf_I_O)         0.226     0.226 r  u_clk_wiz/inst/clkin1_ibufg/O
                         net (fo=1, routed)           0.440     0.667    u_clk_wiz/inst/clk_clk_wiz_0
    MMCME2_ADV_X1Y0      MMCME2_ADV (Prop_mmcme2_adv_CLKIN1_CLKOUT0)
                                                     -2.360    -1.693 r  u_clk_wiz/inst/mmcm_adv_inst/CLKOUT0
                         net (fo=2, routed)           0.486    -1.207    u_clk_wiz/inst/clk100MHz_clk_wiz_0
    BUFGCTRL_X0Y1        BUFGCTRL (Prop_bufgctrl_I0_O)
                                                      0.026    -1.181 r  u_clk_wiz/inst/clkout1_buf/O
                         net (fo=266, routed)         0.566    -0.615    u_top_vga/u_mouse/clk100MHz
    SLICE_X9Y6           FDRE                                         r  u_top_vga/u_mouse/ypos_reg[7]/C
  -------------------------------------------------------------------    -------------------
    SLICE_X9Y6           FDRE (Prop_fdre_C_Q)         0.141    -0.474 r  u_top_vga/u_mouse/ypos_reg[7]/Q
                         net (fo=1, routed)           0.630     0.156    u_top_vga/mouse_y[7]
    SLICE_X10Y8          FDRE                                         r  u_top_vga/mouse_y_sync1_reg[7]/D
  -------------------------------------------------------------------    -------------------

                         (clock clk40MHz_clk_wiz_0 rise edge)
                                                      0.000     0.000 r  
    W5                                                0.000     0.000 r  clk (IN)
                         net (fo=0)                   0.000     0.000    u_clk_wiz/inst/clk
    W5                   IBUF (Prop_ibuf_I_O)         0.414     0.414 r  u_clk_wiz/inst/clkin1_ibufg/O
                         net (fo=1, routed)           0.480     0.894    u_clk_wiz/inst/clk_clk_wiz_0
    MMCME2_ADV_X1Y0      MMCME2_ADV (Prop_mmcme2_adv_CLKIN1_CLKOUT1)
                                                     -3.142    -2.248 r  u_clk_wiz/inst/mmcm_adv_inst/CLKOUT1
                         net (fo=2, routed)           0.530    -1.718    u_clk_wiz/inst/clk40MHz_clk_wiz_0
    BUFGCTRL_X0Y0        BUFGCTRL (Prop_bufgctrl_I0_O)
                                                      0.029    -1.689 r  u_clk_wiz/inst/clkout2_buf/O
                         net (fo=421, routed)         0.835    -0.855    u_top_vga/clk40MHz
    SLICE_X10Y8          FDRE                                         r  u_top_vga/mouse_y_sync1_reg[7]/C
                         clock pessimism              0.555    -0.300    
                         clock uncertainty            0.207    -0.092    
    SLICE_X10Y8          FDRE (Hold_fdre_C_D)         0.059    -0.033    u_top_vga/mouse_y_sync1_reg[7]
  -------------------------------------------------------------------
                         required time                          0.033    
                         arrival time                           0.156    
  -------------------------------------------------------------------
                         slack                                  0.189    

Slack (MET) :             0.190ns  (arrival time - required time)
  Source:                 u_top_vga/u_mouse/ypos_reg[8]/C
                            (rising edge-triggered cell FDRE clocked by clk100MHz_clk_wiz_0  {rise@0.000ns fall@5.000ns period=10.000ns})
  Destination:            u_top_vga/mouse_y_sync1_reg[8]/D
                            (rising edge-triggered cell FDRE clocked by clk40MHz_clk_wiz_0  {rise@0.000ns fall@12.500ns period=25.000ns})
  Path Group:             clk40MHz_clk_wiz_0
  Path Type:              Hold (Min at Fast Process Corner)
  Requirement:            0.000ns  (clk40MHz_clk_wiz_0 rise@0.000ns - clk100MHz_clk_wiz_0 rise@0.000ns)
  Data Path Delay:        0.789ns  (logic 0.141ns (17.870%)  route 0.648ns (82.130%))
  Logic Levels:           0  
  Clock Path Skew:        0.316ns (DCD - SCD - CPR)
    Destination Clock Delay (DCD):    -0.855ns
    Source Clock Delay      (SCD):    -0.615ns
    Clock Pessimism Removal (CPR):    -0.555ns
  Clock Uncertainty:      0.207ns  ((TSJ^2 + DJ^2)^1/2) / 2 + PE
    Total System Jitter     (TSJ):    0.071ns
    Discrete Jitter          (DJ):    0.159ns
    Phase Error              (PE):    0.120ns

    Location             Delay type                Incr(ns)  Path(ns)    Netlist Resource(s)
  -------------------------------------------------------------------    -------------------
                         (clock clk100MHz_clk_wiz_0 rise edge)
                                                      0.000     0.000 r  
    W5                                                0.000     0.000 r  clk (IN)
                         net (fo=0)                   0.000     0.000    u_clk_wiz/inst/clk
    W5                   IBUF (Prop_ibuf_I_O)         0.226     0.226 r  u_clk_wiz/inst/clkin1_ibufg/O
                         net (fo=1, routed)           0.440     0.667    u_clk_wiz/inst/clk_clk_wiz_0
    MMCME2_ADV_X1Y0      MMCME2_ADV (Prop_mmcme2_adv_CLKIN1_CLKOUT0)
                                                     -2.360    -1.693 r  u_clk_wiz/inst/mmcm_adv_inst/CLKOUT0
                         net (fo=2, routed)           0.486    -1.207    u_clk_wiz/inst/clk100MHz_clk_wiz_0
    BUFGCTRL_X0Y1        BUFGCTRL (Prop_bufgctrl_I0_O)
                                                      0.026    -1.181 r  u_clk_wiz/inst/clkout1_buf/O
                         net (fo=266, routed)         0.566    -0.615    u_top_vga/u_mouse/clk100MHz
    SLICE_X9Y6           FDRE                                         r  u_top_vga/u_mouse/ypos_reg[8]/C
  -------------------------------------------------------------------    -------------------
    SLICE_X9Y6           FDRE (Prop_fdre_C_Q)         0.141    -0.474 r  u_top_vga/u_mouse/ypos_reg[8]/Q
                         net (fo=1, routed)           0.648     0.174    u_top_vga/mouse_y[8]
    SLICE_X10Y8          FDRE                                         r  u_top_vga/mouse_y_sync1_reg[8]/D
  -------------------------------------------------------------------    -------------------

                         (clock clk40MHz_clk_wiz_0 rise edge)
                                                      0.000     0.000 r  
    W5                                                0.000     0.000 r  clk (IN)
                         net (fo=0)                   0.000     0.000    u_clk_wiz/inst/clk
    W5                   IBUF (Prop_ibuf_I_O)         0.414     0.414 r  u_clk_wiz/inst/clkin1_ibufg/O
                         net (fo=1, routed)           0.480     0.894    u_clk_wiz/inst/clk_clk_wiz_0
    MMCME2_ADV_X1Y0      MMCME2_ADV (Prop_mmcme2_adv_CLKIN1_CLKOUT1)
                                                     -3.142    -2.248 r  u_clk_wiz/inst/mmcm_adv_inst/CLKOUT1
                         net (fo=2, routed)           0.530    -1.718    u_clk_wiz/inst/clk40MHz_clk_wiz_0
    BUFGCTRL_X0Y0        BUFGCTRL (Prop_bufgctrl_I0_O)
                                                      0.029    -1.689 r  u_clk_wiz/inst/clkout2_buf/O
                         net (fo=421, routed)         0.835    -0.855    u_top_vga/clk40MHz
    SLICE_X10Y8          FDRE                                         r  u_top_vga/mouse_y_sync1_reg[8]/C
                         clock pessimism              0.555    -0.300    
                         clock uncertainty            0.207    -0.092    
    SLICE_X10Y8          FDRE (Hold_fdre_C_D)         0.076    -0.016    u_top_vga/mouse_y_sync1_reg[8]
  -------------------------------------------------------------------
                         required time                          0.016    
                         arrival time                           0.174    
  -------------------------------------------------------------------
                         slack                                  0.190    

Slack (MET) :             0.194ns  (arrival time - required time)
  Source:                 u_top_vga/u_mouse/ypos_reg[6]/C
                            (rising edge-triggered cell FDRE clocked by clk100MHz_clk_wiz_0  {rise@0.000ns fall@5.000ns period=10.000ns})
  Destination:            u_top_vga/mouse_y_sync1_reg[6]/D
                            (rising edge-triggered cell FDRE clocked by clk40MHz_clk_wiz_0  {rise@0.000ns fall@12.500ns period=25.000ns})
  Path Group:             clk40MHz_clk_wiz_0
  Path Type:              Hold (Min at Fast Process Corner)
  Requirement:            0.000ns  (clk40MHz_clk_wiz_0 rise@0.000ns - clk100MHz_clk_wiz_0 rise@0.000ns)
  Data Path Delay:        0.805ns  (logic 0.141ns (17.517%)  route 0.664ns (82.483%))
  Logic Levels:           0  
  Clock Path Skew:        0.317ns (DCD - SCD - CPR)
    Destination Clock Delay (DCD):    -0.854ns
    Source Clock Delay      (SCD):    -0.615ns
    Clock Pessimism Removal (CPR):    -0.555ns
  Clock Uncertainty:      0.207ns  ((TSJ^2 + DJ^2)^1/2) / 2 + PE
    Total System Jitter     (TSJ):    0.071ns
    Discrete Jitter          (DJ):    0.159ns
    Phase Error              (PE):    0.120ns

    Location             Delay type                Incr(ns)  Path(ns)    Netlist Resource(s)
  -------------------------------------------------------------------    -------------------
                         (clock clk100MHz_clk_wiz_0 rise edge)
                                                      0.000     0.000 r  
    W5                                                0.000     0.000 r  clk (IN)
                         net (fo=0)                   0.000     0.000    u_clk_wiz/inst/clk
    W5                   IBUF (Prop_ibuf_I_O)         0.226     0.226 r  u_clk_wiz/inst/clkin1_ibufg/O
                         net (fo=1, routed)           0.440     0.667    u_clk_wiz/inst/clk_clk_wiz_0
    MMCME2_ADV_X1Y0      MMCME2_ADV (Prop_mmcme2_adv_CLKIN1_CLKOUT0)
                                                     -2.360    -1.693 r  u_clk_wiz/inst/mmcm_adv_inst/CLKOUT0
                         net (fo=2, routed)           0.486    -1.207    u_clk_wiz/inst/clk100MHz_clk_wiz_0
    BUFGCTRL_X0Y1        BUFGCTRL (Prop_bufgctrl_I0_O)
                                                      0.026    -1.181 r  u_clk_wiz/inst/clkout1_buf/O
                         net (fo=266, routed)         0.566    -0.615    u_top_vga/u_mouse/clk100MHz
    SLICE_X9Y5           FDRE                                         r  u_top_vga/u_mouse/ypos_reg[6]/C
  -------------------------------------------------------------------    -------------------
    SLICE_X9Y5           FDRE (Prop_fdre_C_Q)         0.141    -0.474 r  u_top_vga/u_mouse/ypos_reg[6]/Q
                         net (fo=1, routed)           0.664     0.190    u_top_vga/mouse_y[6]
    SLICE_X12Y3          FDRE                                         r  u_top_vga/mouse_y_sync1_reg[6]/D
  -------------------------------------------------------------------    -------------------

                         (clock clk40MHz_clk_wiz_0 rise edge)
                                                      0.000     0.000 r  
    W5                                                0.000     0.000 r  clk (IN)
                         net (fo=0)                   0.000     0.000    u_clk_wiz/inst/clk
    W5                   IBUF (Prop_ibuf_I_O)         0.414     0.414 r  u_clk_wiz/inst/clkin1_ibufg/O
                         net (fo=1, routed)           0.480     0.894    u_clk_wiz/inst/clk_clk_wiz_0
    MMCME2_ADV_X1Y0      MMCME2_ADV (Prop_mmcme2_adv_CLKIN1_CLKOUT1)
                                                     -3.142    -2.248 r  u_clk_wiz/inst/mmcm_adv_inst/CLKOUT1
                         net (fo=2, routed)           0.530    -1.718    u_clk_wiz/inst/clk40MHz_clk_wiz_0
    BUFGCTRL_X0Y0        BUFGCTRL (Prop_bufgctrl_I0_O)
                                                      0.029    -1.689 r  u_clk_wiz/inst/clkout2_buf/O
                         net (fo=421, routed)         0.836    -0.854    u_top_vga/clk40MHz
    SLICE_X12Y3          FDRE                                         r  u_top_vga/mouse_y_sync1_reg[6]/C
                         clock pessimism              0.555    -0.299    
                         clock uncertainty            0.207    -0.091    
    SLICE_X12Y3          FDRE (Hold_fdre_C_D)         0.087    -0.004    u_top_vga/mouse_y_sync1_reg[6]
  -------------------------------------------------------------------
                         required time                          0.004    
                         arrival time                           0.190    
  -------------------------------------------------------------------
                         slack                                  0.194    

Slack (MET) :             0.195ns  (arrival time - required time)
  Source:                 u_top_vga/u_mouse/xpos_reg[0]/C
                            (rising edge-triggered cell FDRE clocked by clk100MHz_clk_wiz_0  {rise@0.000ns fall@5.000ns period=10.000ns})
  Destination:            u_top_vga/mouse_x_sync1_reg[0]/D
                            (rising edge-triggered cell FDRE clocked by clk40MHz_clk_wiz_0  {rise@0.000ns fall@12.500ns period=25.000ns})
  Path Group:             clk40MHz_clk_wiz_0
  Path Type:              Hold (Min at Fast Process Corner)
  Requirement:            0.000ns  (clk40MHz_clk_wiz_0 rise@0.000ns - clk100MHz_clk_wiz_0 rise@0.000ns)
  Data Path Delay:        0.778ns  (logic 0.141ns (18.118%)  route 0.637ns (81.882%))
  Logic Levels:           0  
  Clock Path Skew:        0.317ns (DCD - SCD - CPR)
    Destination Clock Delay (DCD):    -0.855ns
    Source Clock Delay      (SCD):    -0.616ns
    Clock Pessimism Removal (CPR):    -0.555ns
  Clock Uncertainty:      0.207ns  ((TSJ^2 + DJ^2)^1/2) / 2 + PE
    Total System Jitter     (TSJ):    0.071ns
    Discrete Jitter          (DJ):    0.159ns
    Phase Error              (PE):    0.120ns

    Location             Delay type                Incr(ns)  Path(ns)    Netlist Resource(s)
  -------------------------------------------------------------------    -------------------
                         (clock clk100MHz_clk_wiz_0 rise edge)
                                                      0.000     0.000 r  
    W5                                                0.000     0.000 r  clk (IN)
                         net (fo=0)                   0.000     0.000    u_clk_wiz/inst/clk
    W5                   IBUF (Prop_ibuf_I_O)         0.226     0.226 r  u_clk_wiz/inst/clkin1_ibufg/O
                         net (fo=1, routed)           0.440     0.667    u_clk_wiz/inst/clk_clk_wiz_0
    MMCME2_ADV_X1Y0      MMCME2_ADV (Prop_mmcme2_adv_CLKIN1_CLKOUT0)
                                                     -2.360    -1.693 r  u_clk_wiz/inst/mmcm_adv_inst/CLKOUT0
                         net (fo=2, routed)           0.486    -1.207    u_clk_wiz/inst/clk100MHz_clk_wiz_0
    BUFGCTRL_X0Y1        BUFGCTRL (Prop_bufgctrl_I0_O)
                                                      0.026    -1.181 r  u_clk_wiz/inst/clkout1_buf/O
                         net (fo=266, routed)         0.565    -0.616    u_top_vga/u_mouse/clk100MHz
    SLICE_X9Y8           FDRE                                         r  u_top_vga/u_mouse/xpos_reg[0]/C
  -------------------------------------------------------------------    -------------------
    SLICE_X9Y8           FDRE (Prop_fdre_C_Q)         0.141    -0.475 r  u_top_vga/u_mouse/xpos_reg[0]/Q
                         net (fo=1, routed)           0.637     0.162    u_top_vga/mouse_x[0]
    SLICE_X8Y8           FDRE                                         r  u_top_vga/mouse_x_sync1_reg[0]/D
  -------------------------------------------------------------------    -------------------

                         (clock clk40MHz_clk_wiz_0 rise edge)
                                                      0.000     0.000 r  
    W5                                                0.000     0.000 r  clk (IN)
                         net (fo=0)                   0.000     0.000    u_clk_wiz/inst/clk
    W5                   IBUF (Prop_ibuf_I_O)         0.414     0.414 r  u_clk_wiz/inst/clkin1_ibufg/O
                         net (fo=1, routed)           0.480     0.894    u_clk_wiz/inst/clk_clk_wiz_0
    MMCME2_ADV_X1Y0      MMCME2_ADV (Prop_mmcme2_adv_CLKIN1_CLKOUT1)
                                                     -3.142    -2.248 r  u_clk_wiz/inst/mmcm_adv_inst/CLKOUT1
                         net (fo=2, routed)           0.530    -1.718    u_clk_wiz/inst/clk40MHz_clk_wiz_0
    BUFGCTRL_X0Y0        BUFGCTRL (Prop_bufgctrl_I0_O)
                                                      0.029    -1.689 r  u_clk_wiz/inst/clkout2_buf/O
                         net (fo=421, routed)         0.835    -0.855    u_top_vga/clk40MHz
    SLICE_X8Y8           FDRE                                         r  u_top_vga/mouse_x_sync1_reg[0]/C
                         clock pessimism              0.555    -0.300    
                         clock uncertainty            0.207    -0.092    
    SLICE_X8Y8           FDRE (Hold_fdre_C_D)         0.059    -0.033    u_top_vga/mouse_x_sync1_reg[0]
  -------------------------------------------------------------------
                         required time                          0.033    
                         arrival time                           0.162    
  -------------------------------------------------------------------
                         slack                                  0.195    

Slack (MET) :             0.207ns  (arrival time - required time)
  Source:                 u_top_vga/u_mouse/ypos_reg[10]/C
                            (rising edge-triggered cell FDRE clocked by clk100MHz_clk_wiz_0  {rise@0.000ns fall@5.000ns period=10.000ns})
  Destination:            u_top_vga/mouse_y_sync1_reg[10]/D
                            (rising edge-triggered cell FDRE clocked by clk40MHz_clk_wiz_0  {rise@0.000ns fall@12.500ns period=25.000ns})
  Path Group:             clk40MHz_clk_wiz_0
  Path Type:              Hold (Min at Fast Process Corner)
  Requirement:            0.000ns  (clk40MHz_clk_wiz_0 rise@0.000ns - clk100MHz_clk_wiz_0 rise@0.000ns)
  Data Path Delay:        0.790ns  (logic 0.141ns (17.851%)  route 0.649ns (82.149%))
  Logic Levels:           0  
  Clock Path Skew:        0.317ns (DCD - SCD - CPR)
    Destination Clock Delay (DCD):    -0.855ns
    Source Clock Delay      (SCD):    -0.616ns
    Clock Pessimism Removal (CPR):    -0.555ns
  Clock Uncertainty:      0.207ns  ((TSJ^2 + DJ^2)^1/2) / 2 + PE
    Total System Jitter     (TSJ):    0.071ns
    Discrete Jitter          (DJ):    0.159ns
    Phase Error              (PE):    0.120ns

    Location             Delay type                Incr(ns)  Path(ns)    Netlist Resource(s)
  -------------------------------------------------------------------    -------------------
                         (clock clk100MHz_clk_wiz_0 rise edge)
                                                      0.000     0.000 r  
    W5                                                0.000     0.000 r  clk (IN)
                         net (fo=0)                   0.000     0.000    u_clk_wiz/inst/clk
    W5                   IBUF (Prop_ibuf_I_O)         0.226     0.226 r  u_clk_wiz/inst/clkin1_ibufg/O
                         net (fo=1, routed)           0.440     0.667    u_clk_wiz/inst/clk_clk_wiz_0
    MMCME2_ADV_X1Y0      MMCME2_ADV (Prop_mmcme2_adv_CLKIN1_CLKOUT0)
                                                     -2.360    -1.693 r  u_clk_wiz/inst/mmcm_adv_inst/CLKOUT0
                         net (fo=2, routed)           0.486    -1.207    u_clk_wiz/inst/clk100MHz_clk_wiz_0
    BUFGCTRL_X0Y1        BUFGCTRL (Prop_bufgctrl_I0_O)
                                                      0.026    -1.181 r  u_clk_wiz/inst/clkout1_buf/O
                         net (fo=266, routed)         0.565    -0.616    u_top_vga/u_mouse/clk100MHz
    SLICE_X9Y8           FDRE                                         r  u_top_vga/u_mouse/ypos_reg[10]/C
  -------------------------------------------------------------------    -------------------
    SLICE_X9Y8           FDRE (Prop_fdre_C_Q)         0.141    -0.475 r  u_top_vga/u_mouse/ypos_reg[10]/Q
                         net (fo=1, routed)           0.649     0.174    u_top_vga/mouse_y[10]
    SLICE_X10Y9          FDRE                                         r  u_top_vga/mouse_y_sync1_reg[10]/D
  -------------------------------------------------------------------    -------------------

                         (clock clk40MHz_clk_wiz_0 rise edge)
                                                      0.000     0.000 r  
    W5                                                0.000     0.000 r  clk (IN)
                         net (fo=0)                   0.000     0.000    u_clk_wiz/inst/clk
    W5                   IBUF (Prop_ibuf_I_O)         0.414     0.414 r  u_clk_wiz/inst/clkin1_ibufg/O
                         net (fo=1, routed)           0.480     0.894    u_clk_wiz/inst/clk_clk_wiz_0
    MMCME2_ADV_X1Y0      MMCME2_ADV (Prop_mmcme2_adv_CLKIN1_CLKOUT1)
                                                     -3.142    -2.248 r  u_clk_wiz/inst/mmcm_adv_inst/CLKOUT1
                         net (fo=2, routed)           0.530    -1.718    u_clk_wiz/inst/clk40MHz_clk_wiz_0
    BUFGCTRL_X0Y0        BUFGCTRL (Prop_bufgctrl_I0_O)
                                                      0.029    -1.689 r  u_clk_wiz/inst/clkout2_buf/O
                         net (fo=421, routed)         0.835    -0.855    u_top_vga/clk40MHz
    SLICE_X10Y9          FDRE                                         r  u_top_vga/mouse_y_sync1_reg[10]/C
                         clock pessimism              0.555    -0.300    
                         clock uncertainty            0.207    -0.092    
    SLICE_X10Y9          FDRE (Hold_fdre_C_D)         0.059    -0.033    u_top_vga/mouse_y_sync1_reg[10]
  -------------------------------------------------------------------
                         required time                          0.033    
                         arrival time                           0.174    
  -------------------------------------------------------------------
                         slack                                  0.207    





--------------------------------------------------------------------------------------
Path Group:  (none)
From Clock:  clk100MHz_clk_wiz_0
  To Clock:  

Max Delay             2 Endpoints
Min Delay             2 Endpoints
--------------------------------------------------------------------------------------


Max Delay Paths
--------------------------------------------------------------------------------------
Slack:                    inf
  Source:                 u_top_vga/u_mouse/Inst_Ps2Interface/ps2_data_h_reg_inv/C
                            (rising edge-triggered cell FDRE clocked by clk100MHz_clk_wiz_0  {rise@0.000ns fall@5.000ns period=10.000ns})
  Destination:            PS2Data
                            (output port)
  Path Group:             (none)
  Path Type:              Max at Slow Process Corner
  Data Path Delay:        10.532ns  (logic 3.978ns (37.770%)  route 6.554ns (62.230%))
  Logic Levels:           1  (OBUFT=1)
  Clock Uncertainty:      0.169ns  ((TSJ^2 + DJ^2)^1/2) / 2 + PE
    Total System Jitter     (TSJ):    0.050ns
    Discrete Jitter          (DJ):    0.131ns
    Phase Error              (PE):    0.099ns

    Location             Delay type                Incr(ns)  Path(ns)    Netlist Resource(s)
  -------------------------------------------------------------------    -------------------
                         (clock clk100MHz_clk_wiz_0 rise edge)
                                                      0.000     0.000 r  
    W5                                                0.000     0.000 r  clk (IN)
                         net (fo=0)                   0.000     0.000    u_clk_wiz/inst/clk
    W5                   IBUF (Prop_ibuf_I_O)         1.458     1.458 r  u_clk_wiz/inst/clkin1_ibufg/O
                         net (fo=1, routed)           1.233     2.691    u_clk_wiz/inst/clk_clk_wiz_0
    MMCME2_ADV_X1Y0      MMCME2_ADV (Prop_mmcme2_adv_CLKIN1_CLKOUT0)
                                                     -6.961    -4.269 r  u_clk_wiz/inst/mmcm_adv_inst/CLKOUT0
                         net (fo=2, routed)           1.661    -2.608    u_clk_wiz/inst/clk100MHz_clk_wiz_0
    BUFGCTRL_X0Y1        BUFGCTRL (Prop_bufgctrl_I0_O)
                                                      0.096    -2.512 r  u_clk_wiz/inst/clkout1_buf/O
                         net (fo=266, routed)         1.637    -0.875    u_top_vga/u_mouse/Inst_Ps2Interface/clk100MHz
    SLICE_X1Y8           FDRE                                         r  u_top_vga/u_mouse/Inst_Ps2Interface/ps2_data_h_reg_inv/C
  -------------------------------------------------------------------    -------------------
    SLICE_X1Y8           FDRE (Prop_fdre_C_Q)         0.456    -0.419 f  u_top_vga/u_mouse/Inst_Ps2Interface/ps2_data_h_reg_inv/Q
                         net (fo=1, routed)           6.554     6.136    PS2Data_IOBUF_inst/T
    B17                  OBUFT (TriStatE_obuft_T_O)
                                                      3.522     9.658 r  PS2Data_IOBUF_inst/OBUFT/O
                         net (fo=1, unset)            0.000     9.658    PS2Data
    B17                                                               r  PS2Data (INOUT)
  -------------------------------------------------------------------    -------------------

Slack:                    inf
  Source:                 u_top_vga/u_mouse/Inst_Ps2Interface/ps2_clk_h_reg_inv/C
                            (rising edge-triggered cell FDRE clocked by clk100MHz_clk_wiz_0  {rise@0.000ns fall@5.000ns period=10.000ns})
  Destination:            PS2Clk
                            (output port)
  Path Group:             (none)
  Path Type:              Max at Slow Process Corner
  Data Path Delay:        8.442ns  (logic 3.975ns (47.081%)  route 4.467ns (52.919%))
  Logic Levels:           1  (OBUFT=1)
  Clock Uncertainty:      0.169ns  ((TSJ^2 + DJ^2)^1/2) / 2 + PE
    Total System Jitter     (TSJ):    0.050ns
    Discrete Jitter          (DJ):    0.131ns
    Phase Error              (PE):    0.099ns

    Location             Delay type                Incr(ns)  Path(ns)    Netlist Resource(s)
  -------------------------------------------------------------------    -------------------
                         (clock clk100MHz_clk_wiz_0 rise edge)
                                                      0.000     0.000 r  
    W5                                                0.000     0.000 r  clk (IN)
                         net (fo=0)                   0.000     0.000    u_clk_wiz/inst/clk
    W5                   IBUF (Prop_ibuf_I_O)         1.458     1.458 r  u_clk_wiz/inst/clkin1_ibufg/O
                         net (fo=1, routed)           1.233     2.691    u_clk_wiz/inst/clk_clk_wiz_0
    MMCME2_ADV_X1Y0      MMCME2_ADV (Prop_mmcme2_adv_CLKIN1_CLKOUT0)
                                                     -6.961    -4.269 r  u_clk_wiz/inst/mmcm_adv_inst/CLKOUT0
                         net (fo=2, routed)           1.661    -2.608    u_clk_wiz/inst/clk100MHz_clk_wiz_0
    BUFGCTRL_X0Y1        BUFGCTRL (Prop_bufgctrl_I0_O)
                                                      0.096    -2.512 r  u_clk_wiz/inst/clkout1_buf/O
                         net (fo=266, routed)         1.637    -0.875    u_top_vga/u_mouse/Inst_Ps2Interface/clk100MHz
    SLICE_X1Y8           FDRE                                         r  u_top_vga/u_mouse/Inst_Ps2Interface/ps2_clk_h_reg_inv/C
  -------------------------------------------------------------------    -------------------
    SLICE_X1Y8           FDRE (Prop_fdre_C_Q)         0.456    -0.419 f  u_top_vga/u_mouse/Inst_Ps2Interface/ps2_clk_h_reg_inv/Q
                         net (fo=1, routed)           4.467     4.049    PS2Clk_IOBUF_inst/T
    C17                  OBUFT (TriStatE_obuft_T_O)
                                                      3.519     7.567 r  PS2Clk_IOBUF_inst/OBUFT/O
                         net (fo=1, unset)            0.000     7.567    PS2Clk
    C17                                                               r  PS2Clk (INOUT)
  -------------------------------------------------------------------    -------------------





Min Delay Paths
--------------------------------------------------------------------------------------
Slack:                    inf
  Source:                 u_top_vga/u_mouse/Inst_Ps2Interface/ps2_clk_h_reg_inv/C
                            (rising edge-triggered cell FDRE clocked by clk100MHz_clk_wiz_0  {rise@0.000ns fall@5.000ns period=10.000ns})
  Destination:            PS2Clk
                            (output port)
  Path Group:             (none)
  Path Type:              Min at Fast Process Corner
  Data Path Delay:        2.654ns  (logic 0.965ns (36.354%)  route 1.689ns (63.646%))
  Logic Levels:           1  (OBUFT=1)
  Clock Uncertainty:      0.169ns  ((TSJ^2 + DJ^2)^1/2) / 2 + PE
    Total System Jitter     (TSJ):    0.050ns
    Discrete Jitter          (DJ):    0.131ns
    Phase Error              (PE):    0.099ns

    Location             Delay type                Incr(ns)  Path(ns)    Netlist Resource(s)
  -------------------------------------------------------------------    -------------------
                         (clock clk100MHz_clk_wiz_0 rise edge)
                                                      0.000     0.000 r  
    W5                                                0.000     0.000 r  clk (IN)
                         net (fo=0)                   0.000     0.000    u_clk_wiz/inst/clk
    W5                   IBUF (Prop_ibuf_I_O)         0.226     0.226 r  u_clk_wiz/inst/clkin1_ibufg/O
                         net (fo=1, routed)           0.440     0.667    u_clk_wiz/inst/clk_clk_wiz_0
    MMCME2_ADV_X1Y0      MMCME2_ADV (Prop_mmcme2_adv_CLKIN1_CLKOUT0)
                                                     -2.360    -1.693 r  u_clk_wiz/inst/mmcm_adv_inst/CLKOUT0
                         net (fo=2, routed)           0.486    -1.207    u_clk_wiz/inst/clk100MHz_clk_wiz_0
    BUFGCTRL_X0Y1        BUFGCTRL (Prop_bufgctrl_I0_O)
                                                      0.026    -1.181 r  u_clk_wiz/inst/clkout1_buf/O
                         net (fo=266, routed)         0.594    -0.587    u_top_vga/u_mouse/Inst_Ps2Interface/clk100MHz
    SLICE_X1Y8           FDRE                                         r  u_top_vga/u_mouse/Inst_Ps2Interface/ps2_clk_h_reg_inv/C
  -------------------------------------------------------------------    -------------------
    SLICE_X1Y8           FDRE (Prop_fdre_C_Q)         0.141    -0.446 r  u_top_vga/u_mouse/Inst_Ps2Interface/ps2_clk_h_reg_inv/Q
                         net (fo=1, routed)           1.689     1.243    PS2Clk_IOBUF_inst/T
    C17                  OBUFT (TriStatD_obuft_T_O)
                                                      0.824     2.067 r  PS2Clk_IOBUF_inst/OBUFT/O
                         net (fo=1, unset)            0.000     2.067    PS2Clk
    C17                                                               r  PS2Clk (INOUT)
  -------------------------------------------------------------------    -------------------

Slack:                    inf
  Source:                 u_top_vga/u_mouse/Inst_Ps2Interface/ps2_data_h_reg_inv/C
                            (rising edge-triggered cell FDRE clocked by clk100MHz_clk_wiz_0  {rise@0.000ns fall@5.000ns period=10.000ns})
  Destination:            PS2Data
                            (output port)
  Path Group:             (none)
  Path Type:              Min at Fast Process Corner
  Data Path Delay:        3.854ns  (logic 0.965ns (25.038%)  route 2.889ns (74.962%))
  Logic Levels:           1  (OBUFT=1)
  Clock Uncertainty:      0.169ns  ((TSJ^2 + DJ^2)^1/2) / 2 + PE
    Total System Jitter     (TSJ):    0.050ns
    Discrete Jitter          (DJ):    0.131ns
    Phase Error              (PE):    0.099ns

    Location             Delay type                Incr(ns)  Path(ns)    Netlist Resource(s)
  -------------------------------------------------------------------    -------------------
                         (clock clk100MHz_clk_wiz_0 rise edge)
                                                      0.000     0.000 r  
    W5                                                0.000     0.000 r  clk (IN)
                         net (fo=0)                   0.000     0.000    u_clk_wiz/inst/clk
    W5                   IBUF (Prop_ibuf_I_O)         0.226     0.226 r  u_clk_wiz/inst/clkin1_ibufg/O
                         net (fo=1, routed)           0.440     0.667    u_clk_wiz/inst/clk_clk_wiz_0
    MMCME2_ADV_X1Y0      MMCME2_ADV (Prop_mmcme2_adv_CLKIN1_CLKOUT0)
                                                     -2.360    -1.693 r  u_clk_wiz/inst/mmcm_adv_inst/CLKOUT0
                         net (fo=2, routed)           0.486    -1.207    u_clk_wiz/inst/clk100MHz_clk_wiz_0
    BUFGCTRL_X0Y1        BUFGCTRL (Prop_bufgctrl_I0_O)
                                                      0.026    -1.181 r  u_clk_wiz/inst/clkout1_buf/O
                         net (fo=266, routed)         0.594    -0.587    u_top_vga/u_mouse/Inst_Ps2Interface/clk100MHz
    SLICE_X1Y8           FDRE                                         r  u_top_vga/u_mouse/Inst_Ps2Interface/ps2_data_h_reg_inv/C
  -------------------------------------------------------------------    -------------------
    SLICE_X1Y8           FDRE (Prop_fdre_C_Q)         0.141    -0.446 r  u_top_vga/u_mouse/Inst_Ps2Interface/ps2_data_h_reg_inv/Q
                         net (fo=1, routed)           2.889     2.443    PS2Data_IOBUF_inst/T
    B17                  OBUFT (TriStatD_obuft_T_O)
                                                      0.824     3.267 r  PS2Data_IOBUF_inst/OBUFT/O
                         net (fo=1, unset)            0.000     3.267    PS2Data
    B17                                                               r  PS2Data (INOUT)
  -------------------------------------------------------------------    -------------------





--------------------------------------------------------------------------------------
Path Group:  (none)
From Clock:  clk40MHz_clk_wiz_0
  To Clock:  

Max Delay            15 Endpoints
Min Delay            15 Endpoints
--------------------------------------------------------------------------------------


Max Delay Paths
--------------------------------------------------------------------------------------
Slack:                    inf
  Source:                 pclk_oddr/C
                            (falling edge-triggered cell ODDR clocked by clk40MHz_clk_wiz_0  {rise@0.000ns fall@12.500ns period=25.000ns})
  Destination:            JA1
                            (output port)
  Path Group:             (none)
  Path Type:              Max at Slow Process Corner
  Data Path Delay:        3.978ns  (logic 3.977ns (99.975%)  route 0.001ns (0.025%))
  Logic Levels:           1  (OBUF=1)
  Clock Uncertainty:      0.182ns  ((TSJ^2 + DJ^2)^1/2) / 2 + PE
    Total System Jitter     (TSJ):    0.050ns
    Discrete Jitter          (DJ):    0.159ns
    Phase Error              (PE):    0.099ns

    Location             Delay type                Incr(ns)  Path(ns)    Netlist Resource(s)
  -------------------------------------------------------------------    -------------------
                         (clock clk40MHz_clk_wiz_0 fall edge)
                                                     12.500    12.500 f  
    W5                                                0.000    12.500 f  clk (IN)
                         net (fo=0)                   0.000    12.500    u_clk_wiz/inst/clk
    W5                   IBUF (Prop_ibuf_I_O)         1.458    13.958 f  u_clk_wiz/inst/clkin1_ibufg/O
                         net (fo=1, routed)           1.233    15.191    u_clk_wiz/inst/clk_clk_wiz_0
    MMCME2_ADV_X1Y0      MMCME2_ADV (Prop_mmcme2_adv_CLKIN1_CLKOUT1)
                                                     -6.961     8.231 f  u_clk_wiz/inst/mmcm_adv_inst/CLKOUT1
                         net (fo=2, routed)           1.661     9.892    u_clk_wiz/inst/clk40MHz_clk_wiz_0
    BUFGCTRL_X0Y0        BUFGCTRL (Prop_bufgctrl_I0_O)
                                                      0.096     9.988 f  u_clk_wiz/inst/clkout2_buf/O
                         net (fo=421, routed)         1.666    11.654    clk40MHz
    OLOGIC_X1Y93         ODDR                                         f  pclk_oddr/C
  -------------------------------------------------------------------    -------------------
    OLOGIC_X1Y93         ODDR (Prop_oddr_C_Q)         0.472    12.126 r  pclk_oddr/Q
                         net (fo=1, routed)           0.001    12.127    JA1_OBUF
    J1                   OBUF (Prop_obuf_I_O)         3.505    15.632 r  JA1_OBUF_inst/O
                         net (fo=0)                   0.000    15.632    JA1
    J1                                                                r  JA1 (OUT)
  -------------------------------------------------------------------    -------------------

Slack:                    inf
  Source:                 u_top_vga/u_draw_mouse/vga_out\\.rgb_reg[7]/C
                            (rising edge-triggered cell FDCE clocked by clk40MHz_clk_wiz_0  {rise@0.000ns fall@12.500ns period=25.000ns})
  Destination:            vgaGreen[3]
                            (output port)
  Path Group:             (none)
  Path Type:              Max at Slow Process Corner
  Data Path Delay:        6.716ns  (logic 3.986ns (59.359%)  route 2.729ns (40.641%))
  Logic Levels:           1  (OBUF=1)
  Clock Uncertainty:      0.182ns  ((TSJ^2 + DJ^2)^1/2) / 2 + PE
    Total System Jitter     (TSJ):    0.050ns
    Discrete Jitter          (DJ):    0.159ns
    Phase Error              (PE):    0.099ns

    Location             Delay type                Incr(ns)  Path(ns)    Netlist Resource(s)
  -------------------------------------------------------------------    -------------------
                         (clock clk40MHz_clk_wiz_0 rise edge)
                                                      0.000     0.000 r  
    W5                                                0.000     0.000 r  clk (IN)
                         net (fo=0)                   0.000     0.000    u_clk_wiz/inst/clk
    W5                   IBUF (Prop_ibuf_I_O)         1.458     1.458 r  u_clk_wiz/inst/clkin1_ibufg/O
                         net (fo=1, routed)           1.233     2.691    u_clk_wiz/inst/clk_clk_wiz_0
    MMCME2_ADV_X1Y0      MMCME2_ADV (Prop_mmcme2_adv_CLKIN1_CLKOUT1)
                                                     -6.961    -4.269 r  u_clk_wiz/inst/mmcm_adv_inst/CLKOUT1
                         net (fo=2, routed)           1.661    -2.608    u_clk_wiz/inst/clk40MHz_clk_wiz_0
    BUFGCTRL_X0Y0        BUFGCTRL (Prop_bufgctrl_I0_O)
                                                      0.096    -2.512 r  u_clk_wiz/inst/clkout2_buf/O
                         net (fo=421, routed)         1.630    -0.882    u_top_vga/u_draw_mouse/clk40MHz
    SLICE_X1Y16          FDCE                                         r  u_top_vga/u_draw_mouse/vga_out\\.rgb_reg[7]/C
  -------------------------------------------------------------------    -------------------
    SLICE_X1Y16          FDCE (Prop_fdce_C_Q)         0.456    -0.426 r  u_top_vga/u_draw_mouse/vga_out\\.rgb_reg[7]/Q
                         net (fo=1, routed)           2.729     2.304    vgaGreen_OBUF[3]
    D17                  OBUF (Prop_obuf_I_O)         3.530     5.834 r  vgaGreen_OBUF[3]_inst/O
                         net (fo=0)                   0.000     5.834    vgaGreen[3]
    D17                                                               r  vgaGreen[3] (OUT)
  -------------------------------------------------------------------    -------------------

Slack:                    inf
  Source:                 u_top_vga/u_draw_mouse/vga_out\\.rgb_reg[9]/C
                            (rising edge-triggered cell FDCE clocked by clk40MHz_clk_wiz_0  {rise@0.000ns fall@12.500ns period=25.000ns})
  Destination:            vgaRed[1]
                            (output port)
  Path Group:             (none)
  Path Type:              Max at Slow Process Corner
  Data Path Delay:        6.654ns  (logic 3.975ns (59.739%)  route 2.679ns (40.261%))
  Logic Levels:           1  (OBUF=1)
  Clock Uncertainty:      0.182ns  ((TSJ^2 + DJ^2)^1/2) / 2 + PE
    Total System Jitter     (TSJ):    0.050ns
    Discrete Jitter          (DJ):    0.159ns
    Phase Error              (PE):    0.099ns

    Location             Delay type                Incr(ns)  Path(ns)    Netlist Resource(s)
  -------------------------------------------------------------------    -------------------
                         (clock clk40MHz_clk_wiz_0 rise edge)
                                                      0.000     0.000 r  
    W5                                                0.000     0.000 r  clk (IN)
                         net (fo=0)                   0.000     0.000    u_clk_wiz/inst/clk
    W5                   IBUF (Prop_ibuf_I_O)         1.458     1.458 r  u_clk_wiz/inst/clkin1_ibufg/O
                         net (fo=1, routed)           1.233     2.691    u_clk_wiz/inst/clk_clk_wiz_0
    MMCME2_ADV_X1Y0      MMCME2_ADV (Prop_mmcme2_adv_CLKIN1_CLKOUT1)
                                                     -6.961    -4.269 r  u_clk_wiz/inst/mmcm_adv_inst/CLKOUT1
                         net (fo=2, routed)           1.661    -2.608    u_clk_wiz/inst/clk40MHz_clk_wiz_0
    BUFGCTRL_X0Y0        BUFGCTRL (Prop_bufgctrl_I0_O)
                                                      0.096    -2.512 r  u_clk_wiz/inst/clkout2_buf/O
                         net (fo=421, routed)         1.630    -0.882    u_top_vga/u_draw_mouse/clk40MHz
    SLICE_X3Y16          FDCE                                         r  u_top_vga/u_draw_mouse/vga_out\\.rgb_reg[9]/C
  -------------------------------------------------------------------    -------------------
    SLICE_X3Y16          FDCE (Prop_fdce_C_Q)         0.456    -0.426 r  u_top_vga/u_draw_mouse/vga_out\\.rgb_reg[9]/Q
                         net (fo=1, routed)           2.679     2.254    vgaRed_OBUF[1]
    H19                  OBUF (Prop_obuf_I_O)         3.519     5.773 r  vgaRed_OBUF[1]_inst/O
                         net (fo=0)                   0.000     5.773    vgaRed[1]
    H19                                                               r  vgaRed[1] (OUT)
  -------------------------------------------------------------------    -------------------

Slack:                    inf
  Source:                 u_top_vga/u_draw_mouse/vga_out\\.rgb_reg[6]/C
                            (rising edge-triggered cell FDCE clocked by clk40MHz_clk_wiz_0  {rise@0.000ns fall@12.500ns period=25.000ns})
  Destination:            vgaGreen[2]
                            (output port)
  Path Group:             (none)
  Path Type:              Max at Slow Process Corner
  Data Path Delay:        6.622ns  (logic 4.123ns (62.260%)  route 2.499ns (37.740%))
  Logic Levels:           1  (OBUF=1)
  Clock Uncertainty:      0.182ns  ((TSJ^2 + DJ^2)^1/2) / 2 + PE
    Total System Jitter     (TSJ):    0.050ns
    Discrete Jitter          (DJ):    0.159ns
    Phase Error              (PE):    0.099ns

    Location             Delay type                Incr(ns)  Path(ns)    Netlist Resource(s)
  -------------------------------------------------------------------    -------------------
                         (clock clk40MHz_clk_wiz_0 rise edge)
                                                      0.000     0.000 r  
    W5                                                0.000     0.000 r  clk (IN)
                         net (fo=0)                   0.000     0.000    u_clk_wiz/inst/clk
    W5                   IBUF (Prop_ibuf_I_O)         1.458     1.458 r  u_clk_wiz/inst/clkin1_ibufg/O
                         net (fo=1, routed)           1.233     2.691    u_clk_wiz/inst/clk_clk_wiz_0
    MMCME2_ADV_X1Y0      MMCME2_ADV (Prop_mmcme2_adv_CLKIN1_CLKOUT1)
                                                     -6.961    -4.269 r  u_clk_wiz/inst/mmcm_adv_inst/CLKOUT1
                         net (fo=2, routed)           1.661    -2.608    u_clk_wiz/inst/clk40MHz_clk_wiz_0
    BUFGCTRL_X0Y0        BUFGCTRL (Prop_bufgctrl_I0_O)
                                                      0.096    -2.512 r  u_clk_wiz/inst/clkout2_buf/O
                         net (fo=421, routed)         1.629    -0.883    u_top_vga/u_draw_mouse/clk40MHz
    SLICE_X0Y17          FDCE                                         r  u_top_vga/u_draw_mouse/vga_out\\.rgb_reg[6]/C
  -------------------------------------------------------------------    -------------------
    SLICE_X0Y17          FDCE (Prop_fdce_C_Q)         0.419    -0.464 r  u_top_vga/u_draw_mouse/vga_out\\.rgb_reg[6]/Q
                         net (fo=1, routed)           2.499     2.036    vgaGreen_OBUF[2]
    G17                  OBUF (Prop_obuf_I_O)         3.704     5.740 r  vgaGreen_OBUF[2]_inst/O
                         net (fo=0)                   0.000     5.740    vgaGreen[2]
    G17                                                               r  vgaGreen[2] (OUT)
  -------------------------------------------------------------------    -------------------

Slack:                    inf
  Source:                 u_top_vga/u_draw_mouse/vga_out\\.rgb_reg[8]/C
                            (rising edge-triggered cell FDCE clocked by clk40MHz_clk_wiz_0  {rise@0.000ns fall@12.500ns period=25.000ns})
  Destination:            vgaRed[0]
                            (output port)
  Path Group:             (none)
  Path Type:              Max at Slow Process Corner
  Data Path Delay:        6.509ns  (logic 3.980ns (61.145%)  route 2.529ns (38.855%))
  Logic Levels:           1  (OBUF=1)
  Clock Uncertainty:      0.182ns  ((TSJ^2 + DJ^2)^1/2) / 2 + PE
    Total System Jitter     (TSJ):    0.050ns
    Discrete Jitter          (DJ):    0.159ns
    Phase Error              (PE):    0.099ns

    Location             Delay type                Incr(ns)  Path(ns)    Netlist Resource(s)
  -------------------------------------------------------------------    -------------------
                         (clock clk40MHz_clk_wiz_0 rise edge)
                                                      0.000     0.000 r  
    W5                                                0.000     0.000 r  clk (IN)
                         net (fo=0)                   0.000     0.000    u_clk_wiz/inst/clk
    W5                   IBUF (Prop_ibuf_I_O)         1.458     1.458 r  u_clk_wiz/inst/clkin1_ibufg/O
                         net (fo=1, routed)           1.233     2.691    u_clk_wiz/inst/clk_clk_wiz_0
    MMCME2_ADV_X1Y0      MMCME2_ADV (Prop_mmcme2_adv_CLKIN1_CLKOUT1)
                                                     -6.961    -4.269 r  u_clk_wiz/inst/mmcm_adv_inst/CLKOUT1
                         net (fo=2, routed)           1.661    -2.608    u_clk_wiz/inst/clk40MHz_clk_wiz_0
    BUFGCTRL_X0Y0        BUFGCTRL (Prop_bufgctrl_I0_O)
                                                      0.096    -2.512 r  u_clk_wiz/inst/clkout2_buf/O
                         net (fo=421, routed)         1.630    -0.882    u_top_vga/u_draw_mouse/clk40MHz
    SLICE_X1Y16          FDCE                                         r  u_top_vga/u_draw_mouse/vga_out\\.rgb_reg[8]/C
  -------------------------------------------------------------------    -------------------
    SLICE_X1Y16          FDCE (Prop_fdce_C_Q)         0.456    -0.426 r  u_top_vga/u_draw_mouse/vga_out\\.rgb_reg[8]/Q
                         net (fo=1, routed)           2.529     2.103    vgaRed_OBUF[0]
    G19                  OBUF (Prop_obuf_I_O)         3.524     5.627 r  vgaRed_OBUF[0]_inst/O
                         net (fo=0)                   0.000     5.627    vgaRed[0]
    G19                                                               r  vgaRed[0] (OUT)
  -------------------------------------------------------------------    -------------------

Slack:                    inf
  Source:                 u_top_vga/u_draw_mouse/vga_out\\.rgb_reg[3]/C
                            (rising edge-triggered cell FDCE clocked by clk40MHz_clk_wiz_0  {rise@0.000ns fall@12.500ns period=25.000ns})
  Destination:            vgaBlue[3]
                            (output port)
  Path Group:             (none)
  Path Type:              Max at Slow Process Corner
  Data Path Delay:        6.405ns  (logic 4.116ns (64.259%)  route 2.289ns (35.741%))
  Logic Levels:           1  (OBUF=1)
  Clock Uncertainty:      0.182ns  ((TSJ^2 + DJ^2)^1/2) / 2 + PE
    Total System Jitter     (TSJ):    0.050ns
    Discrete Jitter          (DJ):    0.159ns
    Phase Error              (PE):    0.099ns

    Location             Delay type                Incr(ns)  Path(ns)    Netlist Resource(s)
  -------------------------------------------------------------------    -------------------
                         (clock clk40MHz_clk_wiz_0 rise edge)
                                                      0.000     0.000 r  
    W5                                                0.000     0.000 r  clk (IN)
                         net (fo=0)                   0.000     0.000    u_clk_wiz/inst/clk
    W5                   IBUF (Prop_ibuf_I_O)         1.458     1.458 r  u_clk_wiz/inst/clkin1_ibufg/O
                         net (fo=1, routed)           1.233     2.691    u_clk_wiz/inst/clk_clk_wiz_0
    MMCME2_ADV_X1Y0      MMCME2_ADV (Prop_mmcme2_adv_CLKIN1_CLKOUT1)
                                                     -6.961    -4.269 r  u_clk_wiz/inst/mmcm_adv_inst/CLKOUT1
                         net (fo=2, routed)           1.661    -2.608    u_clk_wiz/inst/clk40MHz_clk_wiz_0
    BUFGCTRL_X0Y0        BUFGCTRL (Prop_bufgctrl_I0_O)
                                                      0.096    -2.512 r  u_clk_wiz/inst/clkout2_buf/O
                         net (fo=421, routed)         1.627    -0.885    u_top_vga/u_draw_mouse/clk40MHz
    SLICE_X1Y18          FDCE                                         r  u_top_vga/u_draw_mouse/vga_out\\.rgb_reg[3]/C
  -------------------------------------------------------------------    -------------------
    SLICE_X1Y18          FDCE (Prop_fdce_C_Q)         0.419    -0.466 r  u_top_vga/u_draw_mouse/vga_out\\.rgb_reg[3]/Q
                         net (fo=1, routed)           2.289     1.824    vgaBlue_OBUF[3]
    J18                  OBUF (Prop_obuf_I_O)         3.697     5.520 r  vgaBlue_OBUF[3]_inst/O
                         net (fo=0)                   0.000     5.520    vgaBlue[3]
    J18                                                               r  vgaBlue[3] (OUT)
  -------------------------------------------------------------------    -------------------

Slack:                    inf
  Source:                 u_top_vga/u_draw_mouse/vga_out\\.rgb_reg[0]/C
                            (rising edge-triggered cell FDCE clocked by clk40MHz_clk_wiz_0  {rise@0.000ns fall@12.500ns period=25.000ns})
  Destination:            vgaBlue[0]
                            (output port)
  Path Group:             (none)
  Path Type:              Max at Slow Process Corner
  Data Path Delay:        6.399ns  (logic 4.089ns (63.903%)  route 2.310ns (36.097%))
  Logic Levels:           1  (OBUF=1)
  Clock Uncertainty:      0.182ns  ((TSJ^2 + DJ^2)^1/2) / 2 + PE
    Total System Jitter     (TSJ):    0.050ns
    Discrete Jitter          (DJ):    0.159ns
    Phase Error              (PE):    0.099ns

    Location             Delay type                Incr(ns)  Path(ns)    Netlist Resource(s)
  -------------------------------------------------------------------    -------------------
                         (clock clk40MHz_clk_wiz_0 rise edge)
                                                      0.000     0.000 r  
    W5                                                0.000     0.000 r  clk (IN)
                         net (fo=0)                   0.000     0.000    u_clk_wiz/inst/clk
    W5                   IBUF (Prop_ibuf_I_O)         1.458     1.458 r  u_clk_wiz/inst/clkin1_ibufg/O
                         net (fo=1, routed)           1.233     2.691    u_clk_wiz/inst/clk_clk_wiz_0
    MMCME2_ADV_X1Y0      MMCME2_ADV (Prop_mmcme2_adv_CLKIN1_CLKOUT1)
                                                     -6.961    -4.269 r  u_clk_wiz/inst/mmcm_adv_inst/CLKOUT1
                         net (fo=2, routed)           1.661    -2.608    u_clk_wiz/inst/clk40MHz_clk_wiz_0
    BUFGCTRL_X0Y0        BUFGCTRL (Prop_bufgctrl_I0_O)
                                                      0.096    -2.512 r  u_clk_wiz/inst/clkout2_buf/O
                         net (fo=421, routed)         1.628    -0.884    u_top_vga/u_draw_mouse/clk40MHz
    SLICE_X4Y15          FDCE                                         r  u_top_vga/u_draw_mouse/vga_out\\.rgb_reg[0]/C
  -------------------------------------------------------------------    -------------------
    SLICE_X4Y15          FDCE (Prop_fdce_C_Q)         0.419    -0.465 r  u_top_vga/u_draw_mouse/vga_out\\.rgb_reg[0]/Q
                         net (fo=1, routed)           2.310     1.845    vgaBlue_OBUF[0]
    N18                  OBUF (Prop_obuf_I_O)         3.670     5.516 r  vgaBlue_OBUF[0]_inst/O
                         net (fo=0)                   0.000     5.516    vgaBlue[0]
    N18                                                               r  vgaBlue[0] (OUT)
  -------------------------------------------------------------------    -------------------

Slack:                    inf
  Source:                 u_top_vga/u_draw_mouse/vga_out\\.rgb_reg[10]/C
                            (rising edge-triggered cell FDCE clocked by clk40MHz_clk_wiz_0  {rise@0.000ns fall@12.500ns period=25.000ns})
  Destination:            vgaRed[2]
                            (output port)
  Path Group:             (none)
  Path Type:              Max at Slow Process Corner
  Data Path Delay:        6.307ns  (logic 3.980ns (63.106%)  route 2.327ns (36.894%))
  Logic Levels:           1  (OBUF=1)
  Clock Uncertainty:      0.182ns  ((TSJ^2 + DJ^2)^1/2) / 2 + PE
    Total System Jitter     (TSJ):    0.050ns
    Discrete Jitter          (DJ):    0.159ns
    Phase Error              (PE):    0.099ns

    Location             Delay type                Incr(ns)  Path(ns)    Netlist Resource(s)
  -------------------------------------------------------------------    -------------------
                         (clock clk40MHz_clk_wiz_0 rise edge)
                                                      0.000     0.000 r  
    W5                                                0.000     0.000 r  clk (IN)
                         net (fo=0)                   0.000     0.000    u_clk_wiz/inst/clk
    W5                   IBUF (Prop_ibuf_I_O)         1.458     1.458 r  u_clk_wiz/inst/clkin1_ibufg/O
                         net (fo=1, routed)           1.233     2.691    u_clk_wiz/inst/clk_clk_wiz_0
    MMCME2_ADV_X1Y0      MMCME2_ADV (Prop_mmcme2_adv_CLKIN1_CLKOUT1)
                                                     -6.961    -4.269 r  u_clk_wiz/inst/mmcm_adv_inst/CLKOUT1
                         net (fo=2, routed)           1.661    -2.608    u_clk_wiz/inst/clk40MHz_clk_wiz_0
    BUFGCTRL_X0Y0        BUFGCTRL (Prop_bufgctrl_I0_O)
                                                      0.096    -2.512 r  u_clk_wiz/inst/clkout2_buf/O
                         net (fo=421, routed)         1.631    -0.881    u_top_vga/u_draw_mouse/clk40MHz
    SLICE_X1Y15          FDCE                                         r  u_top_vga/u_draw_mouse/vga_out\\.rgb_reg[10]/C
  -------------------------------------------------------------------    -------------------
    SLICE_X1Y15          FDCE (Prop_fdce_C_Q)         0.456    -0.425 r  u_top_vga/u_draw_mouse/vga_out\\.rgb_reg[10]/Q
                         net (fo=1, routed)           2.327     1.902    vgaRed_OBUF[2]
    J19                  OBUF (Prop_obuf_I_O)         3.524     5.426 r  vgaRed_OBUF[2]_inst/O
                         net (fo=0)                   0.000     5.426    vgaRed[2]
    J19                                                               r  vgaRed[2] (OUT)
  -------------------------------------------------------------------    -------------------

Slack:                    inf
  Source:                 u_top_vga/u_draw_mouse/vga_out\\.rgb_reg[4]/C
                            (rising edge-triggered cell FDCE clocked by clk40MHz_clk_wiz_0  {rise@0.000ns fall@12.500ns period=25.000ns})
  Destination:            vgaGreen[0]
                            (output port)
  Path Group:             (none)
  Path Type:              Max at Slow Process Corner
  Data Path Delay:        6.301ns  (logic 3.977ns (63.113%)  route 2.324ns (36.887%))
  Logic Levels:           1  (OBUF=1)
  Clock Uncertainty:      0.182ns  ((TSJ^2 + DJ^2)^1/2) / 2 + PE
    Total System Jitter     (TSJ):    0.050ns
    Discrete Jitter          (DJ):    0.159ns
    Phase Error              (PE):    0.099ns

    Location             Delay type                Incr(ns)  Path(ns)    Netlist Resource(s)
  -------------------------------------------------------------------    -------------------
                         (clock clk40MHz_clk_wiz_0 rise edge)
                                                      0.000     0.000 r  
    W5                                                0.000     0.000 r  clk (IN)
                         net (fo=0)                   0.000     0.000    u_clk_wiz/inst/clk
    W5                   IBUF (Prop_ibuf_I_O)         1.458     1.458 r  u_clk_wiz/inst/clkin1_ibufg/O
                         net (fo=1, routed)           1.233     2.691    u_clk_wiz/inst/clk_clk_wiz_0
    MMCME2_ADV_X1Y0      MMCME2_ADV (Prop_mmcme2_adv_CLKIN1_CLKOUT1)
                                                     -6.961    -4.269 r  u_clk_wiz/inst/mmcm_adv_inst/CLKOUT1
                         net (fo=2, routed)           1.661    -2.608    u_clk_wiz/inst/clk40MHz_clk_wiz_0
    BUFGCTRL_X0Y0        BUFGCTRL (Prop_bufgctrl_I0_O)
                                                      0.096    -2.512 r  u_clk_wiz/inst/clkout2_buf/O
                         net (fo=421, routed)         1.630    -0.882    u_top_vga/u_draw_mouse/clk40MHz
    SLICE_X1Y16          FDCE                                         r  u_top_vga/u_draw_mouse/vga_out\\.rgb_reg[4]/C
  -------------------------------------------------------------------    -------------------
    SLICE_X1Y16          FDCE (Prop_fdce_C_Q)         0.456    -0.426 r  u_top_vga/u_draw_mouse/vga_out\\.rgb_reg[4]/Q
                         net (fo=1, routed)           2.324     1.899    vgaGreen_OBUF[0]
    J17                  OBUF (Prop_obuf_I_O)         3.521     5.420 r  vgaGreen_OBUF[0]_inst/O
                         net (fo=0)                   0.000     5.420    vgaGreen[0]
    J17                                                               r  vgaGreen[0] (OUT)
  -------------------------------------------------------------------    -------------------

Slack:                    inf
  Source:                 u_top_vga/u_draw_mouse/vga_out\\.rgb_reg[5]/C
                            (rising edge-triggered cell FDCE clocked by clk40MHz_clk_wiz_0  {rise@0.000ns fall@12.500ns period=25.000ns})
  Destination:            vgaGreen[1]
                            (output port)
  Path Group:             (none)
  Path Type:              Max at Slow Process Corner
  Data Path Delay:        6.293ns  (logic 3.961ns (62.946%)  route 2.332ns (37.054%))
  Logic Levels:           1  (OBUF=1)
  Clock Uncertainty:      0.182ns  ((TSJ^2 + DJ^2)^1/2) / 2 + PE
    Total System Jitter     (TSJ):    0.050ns
    Discrete Jitter          (DJ):    0.159ns
    Phase Error              (PE):    0.099ns

    Location             Delay type                Incr(ns)  Path(ns)    Netlist Resource(s)
  -------------------------------------------------------------------    -------------------
                         (clock clk40MHz_clk_wiz_0 rise edge)
                                                      0.000     0.000 r  
    W5                                                0.000     0.000 r  clk (IN)
                         net (fo=0)                   0.000     0.000    u_clk_wiz/inst/clk
    W5                   IBUF (Prop_ibuf_I_O)         1.458     1.458 r  u_clk_wiz/inst/clkin1_ibufg/O
                         net (fo=1, routed)           1.233     2.691    u_clk_wiz/inst/clk_clk_wiz_0
    MMCME2_ADV_X1Y0      MMCME2_ADV (Prop_mmcme2_adv_CLKIN1_CLKOUT1)
                                                     -6.961    -4.269 r  u_clk_wiz/inst/mmcm_adv_inst/CLKOUT1
                         net (fo=2, routed)           1.661    -2.608    u_clk_wiz/inst/clk40MHz_clk_wiz_0
    BUFGCTRL_X0Y0        BUFGCTRL (Prop_bufgctrl_I0_O)
                                                      0.096    -2.512 r  u_clk_wiz/inst/clkout2_buf/O
                         net (fo=421, routed)         1.630    -0.882    u_top_vga/u_draw_mouse/clk40MHz
    SLICE_X0Y16          FDCE                                         r  u_top_vga/u_draw_mouse/vga_out\\.rgb_reg[5]/C
  -------------------------------------------------------------------    -------------------
    SLICE_X0Y16          FDCE (Prop_fdce_C_Q)         0.456    -0.426 r  u_top_vga/u_draw_mouse/vga_out\\.rgb_reg[5]/Q
                         net (fo=1, routed)           2.332     1.906    vgaGreen_OBUF[1]
    H17                  OBUF (Prop_obuf_I_O)         3.505     5.412 r  vgaGreen_OBUF[1]_inst/O
                         net (fo=0)                   0.000     5.412    vgaGreen[1]
    H17                                                               r  vgaGreen[1] (OUT)
  -------------------------------------------------------------------    -------------------





Min Delay Paths
--------------------------------------------------------------------------------------
Slack:                    inf
  Source:                 pclk_oddr/C
                            (rising edge-triggered cell ODDR clocked by clk40MHz_clk_wiz_0  {rise@0.000ns fall@12.500ns period=25.000ns})
  Destination:            JA1
                            (output port)
  Path Group:             (none)
  Path Type:              Min at Fast Process Corner
  Data Path Delay:        1.384ns  (logic 1.383ns (99.928%)  route 0.001ns (0.072%))
  Logic Levels:           1  (OBUF=1)
  Clock Uncertainty:      0.182ns  ((TSJ^2 + DJ^2)^1/2) / 2 + PE
    Total System Jitter     (TSJ):    0.050ns
    Discrete Jitter          (DJ):    0.159ns
    Phase Error              (PE):    0.099ns

    Location             Delay type                Incr(ns)  Path(ns)    Netlist Resource(s)
  -------------------------------------------------------------------    -------------------
                         (clock clk40MHz_clk_wiz_0 rise edge)
                                                      0.000     0.000 r  
    W5                                                0.000     0.000 r  clk (IN)
                         net (fo=0)                   0.000     0.000    u_clk_wiz/inst/clk
    W5                   IBUF (Prop_ibuf_I_O)         0.226     0.226 r  u_clk_wiz/inst/clkin1_ibufg/O
                         net (fo=1, routed)           0.440     0.667    u_clk_wiz/inst/clk_clk_wiz_0
    MMCME2_ADV_X1Y0      MMCME2_ADV (Prop_mmcme2_adv_CLKIN1_CLKOUT1)
                                                     -2.360    -1.693 r  u_clk_wiz/inst/mmcm_adv_inst/CLKOUT1
                         net (fo=2, routed)           0.486    -1.207    u_clk_wiz/inst/clk40MHz_clk_wiz_0
    BUFGCTRL_X0Y0        BUFGCTRL (Prop_bufgctrl_I0_O)
                                                      0.026    -1.181 r  u_clk_wiz/inst/clkout2_buf/O
                         net (fo=421, routed)         0.585    -0.596    clk40MHz
    OLOGIC_X1Y93         ODDR                                         r  pclk_oddr/C
  -------------------------------------------------------------------    -------------------
    OLOGIC_X1Y93         ODDR (Prop_oddr_C_Q)         0.177    -0.419 r  pclk_oddr/Q
                         net (fo=1, routed)           0.001    -0.418    JA1_OBUF
    J1                   OBUF (Prop_obuf_I_O)         1.206     0.788 r  JA1_OBUF_inst/O
                         net (fo=0)                   0.000     0.788    JA1
    J1                                                                r  JA1 (OUT)
  -------------------------------------------------------------------    -------------------

Slack:                    inf
  Source:                 u_top_vga/u_draw_mouse/vga_out\\.vsync_reg/C
                            (rising edge-triggered cell FDCE clocked by clk40MHz_clk_wiz_0  {rise@0.000ns fall@12.500ns period=25.000ns})
  Destination:            Vsync
                            (output port)
  Path Group:             (none)
  Path Type:              Min at Fast Process Corner
  Data Path Delay:        1.818ns  (logic 1.345ns (73.993%)  route 0.473ns (26.007%))
  Logic Levels:           1  (OBUF=1)
  Clock Uncertainty:      0.182ns  ((TSJ^2 + DJ^2)^1/2) / 2 + PE
    Total System Jitter     (TSJ):    0.050ns
    Discrete Jitter          (DJ):    0.159ns
    Phase Error              (PE):    0.099ns

    Location             Delay type                Incr(ns)  Path(ns)    Netlist Resource(s)
  -------------------------------------------------------------------    -------------------
                         (clock clk40MHz_clk_wiz_0 rise edge)
                                                      0.000     0.000 r  
    W5                                                0.000     0.000 r  clk (IN)
                         net (fo=0)                   0.000     0.000    u_clk_wiz/inst/clk
    W5                   IBUF (Prop_ibuf_I_O)         0.226     0.226 r  u_clk_wiz/inst/clkin1_ibufg/O
                         net (fo=1, routed)           0.440     0.667    u_clk_wiz/inst/clk_clk_wiz_0
    MMCME2_ADV_X1Y0      MMCME2_ADV (Prop_mmcme2_adv_CLKIN1_CLKOUT1)
                                                     -2.360    -1.693 r  u_clk_wiz/inst/mmcm_adv_inst/CLKOUT1
                         net (fo=2, routed)           0.486    -1.207    u_clk_wiz/inst/clk40MHz_clk_wiz_0
    BUFGCTRL_X0Y0        BUFGCTRL (Prop_bufgctrl_I0_O)
                                                      0.026    -1.181 r  u_clk_wiz/inst/clkout2_buf/O
                         net (fo=421, routed)         0.586    -0.595    u_top_vga/u_draw_mouse/clk40MHz
    SLICE_X3Y20          FDCE                                         r  u_top_vga/u_draw_mouse/vga_out\\.vsync_reg/C
  -------------------------------------------------------------------    -------------------
    SLICE_X3Y20          FDCE (Prop_fdce_C_Q)         0.141    -0.454 r  u_top_vga/u_draw_mouse/vga_out\\.vsync_reg/Q
                         net (fo=1, routed)           0.473     0.019    Vsync_OBUF
    R19                  OBUF (Prop_obuf_I_O)         1.204     1.223 r  Vsync_OBUF_inst/O
                         net (fo=0)                   0.000     1.223    Vsync
    R19                                                               r  Vsync (OUT)
  -------------------------------------------------------------------    -------------------

Slack:                    inf
  Source:                 u_top_vga/u_draw_mouse/vga_out\\.hsync_reg/C
                            (rising edge-triggered cell FDCE clocked by clk40MHz_clk_wiz_0  {rise@0.000ns fall@12.500ns period=25.000ns})
  Destination:            Hsync
                            (output port)
  Path Group:             (none)
  Path Type:              Min at Fast Process Corner
  Data Path Delay:        1.818ns  (logic 1.362ns (74.889%)  route 0.457ns (25.111%))
  Logic Levels:           1  (OBUF=1)
  Clock Uncertainty:      0.182ns  ((TSJ^2 + DJ^2)^1/2) / 2 + PE
    Total System Jitter     (TSJ):    0.050ns
    Discrete Jitter          (DJ):    0.159ns
    Phase Error              (PE):    0.099ns

    Location             Delay type                Incr(ns)  Path(ns)    Netlist Resource(s)
  -------------------------------------------------------------------    -------------------
                         (clock clk40MHz_clk_wiz_0 rise edge)
                                                      0.000     0.000 r  
    W5                                                0.000     0.000 r  clk (IN)
                         net (fo=0)                   0.000     0.000    u_clk_wiz/inst/clk
    W5                   IBUF (Prop_ibuf_I_O)         0.226     0.226 r  u_clk_wiz/inst/clkin1_ibufg/O
                         net (fo=1, routed)           0.440     0.667    u_clk_wiz/inst/clk_clk_wiz_0
    MMCME2_ADV_X1Y0      MMCME2_ADV (Prop_mmcme2_adv_CLKIN1_CLKOUT1)
                                                     -2.360    -1.693 r  u_clk_wiz/inst/mmcm_adv_inst/CLKOUT1
                         net (fo=2, routed)           0.486    -1.207    u_clk_wiz/inst/clk40MHz_clk_wiz_0
    BUFGCTRL_X0Y0        BUFGCTRL (Prop_bufgctrl_I0_O)
                                                      0.026    -1.181 r  u_clk_wiz/inst/clkout2_buf/O
                         net (fo=421, routed)         0.587    -0.594    u_top_vga/u_draw_mouse/clk40MHz
    SLICE_X2Y19          FDCE                                         r  u_top_vga/u_draw_mouse/vga_out\\.hsync_reg/C
  -------------------------------------------------------------------    -------------------
    SLICE_X2Y19          FDCE (Prop_fdce_C_Q)         0.164    -0.430 r  u_top_vga/u_draw_mouse/vga_out\\.hsync_reg/Q
                         net (fo=1, routed)           0.457     0.026    Hsync_OBUF
    P19                  OBUF (Prop_obuf_I_O)         1.198     1.224 r  Hsync_OBUF_inst/O
                         net (fo=0)                   0.000     1.224    Hsync
    P19                                                               r  Hsync (OUT)
  -------------------------------------------------------------------    -------------------

Slack:                    inf
  Source:                 u_top_vga/u_draw_mouse/vga_out\\.rgb_reg[11]/C
                            (rising edge-triggered cell FDCE clocked by clk40MHz_clk_wiz_0  {rise@0.000ns fall@12.500ns period=25.000ns})
  Destination:            vgaRed[3]
                            (output port)
  Path Group:             (none)
  Path Type:              Min at Fast Process Corner
  Data Path Delay:        1.901ns  (logic 1.345ns (70.726%)  route 0.557ns (29.274%))
  Logic Levels:           1  (OBUF=1)
  Clock Uncertainty:      0.182ns  ((TSJ^2 + DJ^2)^1/2) / 2 + PE
    Total System Jitter     (TSJ):    0.050ns
    Discrete Jitter          (DJ):    0.159ns
    Phase Error              (PE):    0.099ns

    Location             Delay type                Incr(ns)  Path(ns)    Netlist Resource(s)
  -------------------------------------------------------------------    -------------------
                         (clock clk40MHz_clk_wiz_0 rise edge)
                                                      0.000     0.000 r  
    W5                                                0.000     0.000 r  clk (IN)
                         net (fo=0)                   0.000     0.000    u_clk_wiz/inst/clk
    W5                   IBUF (Prop_ibuf_I_O)         0.226     0.226 r  u_clk_wiz/inst/clkin1_ibufg/O
                         net (fo=1, routed)           0.440     0.667    u_clk_wiz/inst/clk_clk_wiz_0
    MMCME2_ADV_X1Y0      MMCME2_ADV (Prop_mmcme2_adv_CLKIN1_CLKOUT1)
                                                     -2.360    -1.693 r  u_clk_wiz/inst/mmcm_adv_inst/CLKOUT1
                         net (fo=2, routed)           0.486    -1.207    u_clk_wiz/inst/clk40MHz_clk_wiz_0
    BUFGCTRL_X0Y0        BUFGCTRL (Prop_bufgctrl_I0_O)
                                                      0.026    -1.181 r  u_clk_wiz/inst/clkout2_buf/O
                         net (fo=421, routed)         0.590    -0.591    u_top_vga/u_draw_mouse/clk40MHz
    SLICE_X0Y16          FDCE                                         r  u_top_vga/u_draw_mouse/vga_out\\.rgb_reg[11]/C
  -------------------------------------------------------------------    -------------------
    SLICE_X0Y16          FDCE (Prop_fdce_C_Q)         0.141    -0.450 r  u_top_vga/u_draw_mouse/vga_out\\.rgb_reg[11]/Q
                         net (fo=1, routed)           0.557     0.106    vgaRed_OBUF[3]
    N19                  OBUF (Prop_obuf_I_O)         1.204     1.310 r  vgaRed_OBUF[3]_inst/O
                         net (fo=0)                   0.000     1.310    vgaRed[3]
    N19                                                               r  vgaRed[3] (OUT)
  -------------------------------------------------------------------    -------------------

Slack:                    inf
  Source:                 u_top_vga/u_draw_mouse/vga_out\\.rgb_reg[1]/C
                            (rising edge-triggered cell FDCE clocked by clk40MHz_clk_wiz_0  {rise@0.000ns fall@12.500ns period=25.000ns})
  Destination:            vgaBlue[1]
                            (output port)
  Path Group:             (none)
  Path Type:              Min at Fast Process Corner
  Data Path Delay:        1.962ns  (logic 1.346ns (68.589%)  route 0.616ns (31.411%))
  Logic Levels:           1  (OBUF=1)
  Clock Uncertainty:      0.182ns  ((TSJ^2 + DJ^2)^1/2) / 2 + PE
    Total System Jitter     (TSJ):    0.050ns
    Discrete Jitter          (DJ):    0.159ns
    Phase Error              (PE):    0.099ns

    Location             Delay type                Incr(ns)  Path(ns)    Netlist Resource(s)
  -------------------------------------------------------------------    -------------------
                         (clock clk40MHz_clk_wiz_0 rise edge)
                                                      0.000     0.000 r  
    W5                                                0.000     0.000 r  clk (IN)
                         net (fo=0)                   0.000     0.000    u_clk_wiz/inst/clk
    W5                   IBUF (Prop_ibuf_I_O)         0.226     0.226 r  u_clk_wiz/inst/clkin1_ibufg/O
                         net (fo=1, routed)           0.440     0.667    u_clk_wiz/inst/clk_clk_wiz_0
    MMCME2_ADV_X1Y0      MMCME2_ADV (Prop_mmcme2_adv_CLKIN1_CLKOUT1)
                                                     -2.360    -1.693 r  u_clk_wiz/inst/mmcm_adv_inst/CLKOUT1
                         net (fo=2, routed)           0.486    -1.207    u_clk_wiz/inst/clk40MHz_clk_wiz_0
    BUFGCTRL_X0Y0        BUFGCTRL (Prop_bufgctrl_I0_O)
                                                      0.026    -1.181 r  u_clk_wiz/inst/clkout2_buf/O
                         net (fo=421, routed)         0.591    -0.590    u_top_vga/u_draw_mouse/clk40MHz
    SLICE_X1Y15          FDCE                                         r  u_top_vga/u_draw_mouse/vga_out\\.rgb_reg[1]/C
  -------------------------------------------------------------------    -------------------
    SLICE_X1Y15          FDCE (Prop_fdce_C_Q)         0.141    -0.449 r  u_top_vga/u_draw_mouse/vga_out\\.rgb_reg[1]/Q
                         net (fo=1, routed)           0.616     0.167    vgaBlue_OBUF[1]
    L18                  OBUF (Prop_obuf_I_O)         1.205     1.371 r  vgaBlue_OBUF[1]_inst/O
                         net (fo=0)                   0.000     1.371    vgaBlue[1]
    L18                                                               r  vgaBlue[1] (OUT)
  -------------------------------------------------------------------    -------------------

Slack:                    inf
  Source:                 u_top_vga/u_draw_mouse/vga_out\\.rgb_reg[2]/C
                            (rising edge-triggered cell FDCE clocked by clk40MHz_clk_wiz_0  {rise@0.000ns fall@12.500ns period=25.000ns})
  Destination:            vgaBlue[2]
                            (output port)
  Path Group:             (none)
  Path Type:              Min at Fast Process Corner
  Data Path Delay:        1.972ns  (logic 1.361ns (69.010%)  route 0.611ns (30.990%))
  Logic Levels:           1  (OBUF=1)
  Clock Uncertainty:      0.182ns  ((TSJ^2 + DJ^2)^1/2) / 2 + PE
    Total System Jitter     (TSJ):    0.050ns
    Discrete Jitter          (DJ):    0.159ns
    Phase Error              (PE):    0.099ns

    Location             Delay type                Incr(ns)  Path(ns)    Netlist Resource(s)
  -------------------------------------------------------------------    -------------------
                         (clock clk40MHz_clk_wiz_0 rise edge)
                                                      0.000     0.000 r  
    W5                                                0.000     0.000 r  clk (IN)
                         net (fo=0)                   0.000     0.000    u_clk_wiz/inst/clk
    W5                   IBUF (Prop_ibuf_I_O)         0.226     0.226 r  u_clk_wiz/inst/clkin1_ibufg/O
                         net (fo=1, routed)           0.440     0.667    u_clk_wiz/inst/clk_clk_wiz_0
    MMCME2_ADV_X1Y0      MMCME2_ADV (Prop_mmcme2_adv_CLKIN1_CLKOUT1)
                                                     -2.360    -1.693 r  u_clk_wiz/inst/mmcm_adv_inst/CLKOUT1
                         net (fo=2, routed)           0.486    -1.207    u_clk_wiz/inst/clk40MHz_clk_wiz_0
    BUFGCTRL_X0Y0        BUFGCTRL (Prop_bufgctrl_I0_O)
                                                      0.026    -1.181 r  u_clk_wiz/inst/clkout2_buf/O
                         net (fo=421, routed)         0.591    -0.590    u_top_vga/u_draw_mouse/clk40MHz
    SLICE_X1Y15          FDCE                                         r  u_top_vga/u_draw_mouse/vga_out\\.rgb_reg[2]/C
  -------------------------------------------------------------------    -------------------
    SLICE_X1Y15          FDCE (Prop_fdce_C_Q)         0.141    -0.449 r  u_top_vga/u_draw_mouse/vga_out\\.rgb_reg[2]/Q
                         net (fo=1, routed)           0.611     0.162    vgaBlue_OBUF[2]
    K18                  OBUF (Prop_obuf_I_O)         1.220     1.382 r  vgaBlue_OBUF[2]_inst/O
                         net (fo=0)                   0.000     1.382    vgaBlue[2]
    K18                                                               r  vgaBlue[2] (OUT)
  -------------------------------------------------------------------    -------------------

Slack:                    inf
  Source:                 u_top_vga/u_draw_mouse/vga_out\\.rgb_reg[5]/C
                            (rising edge-triggered cell FDCE clocked by clk40MHz_clk_wiz_0  {rise@0.000ns fall@12.500ns period=25.000ns})
  Destination:            vgaGreen[1]
                            (output port)
  Path Group:             (none)
  Path Type:              Min at Fast Process Corner
  Data Path Delay:        1.990ns  (logic 1.348ns (67.732%)  route 0.642ns (32.268%))
  Logic Levels:           1  (OBUF=1)
  Clock Uncertainty:      0.182ns  ((TSJ^2 + DJ^2)^1/2) / 2 + PE
    Total System Jitter     (TSJ):    0.050ns
    Discrete Jitter          (DJ):    0.159ns
    Phase Error              (PE):    0.099ns

    Location             Delay type                Incr(ns)  Path(ns)    Netlist Resource(s)
  -------------------------------------------------------------------    -------------------
                         (clock clk40MHz_clk_wiz_0 rise edge)
                                                      0.000     0.000 r  
    W5                                                0.000     0.000 r  clk (IN)
                         net (fo=0)                   0.000     0.000    u_clk_wiz/inst/clk
    W5                   IBUF (Prop_ibuf_I_O)         0.226     0.226 r  u_clk_wiz/inst/clkin1_ibufg/O
                         net (fo=1, routed)           0.440     0.667    u_clk_wiz/inst/clk_clk_wiz_0
    MMCME2_ADV_X1Y0      MMCME2_ADV (Prop_mmcme2_adv_CLKIN1_CLKOUT1)
                                                     -2.360    -1.693 r  u_clk_wiz/inst/mmcm_adv_inst/CLKOUT1
                         net (fo=2, routed)           0.486    -1.207    u_clk_wiz/inst/clk40MHz_clk_wiz_0
    BUFGCTRL_X0Y0        BUFGCTRL (Prop_bufgctrl_I0_O)
                                                      0.026    -1.181 r  u_clk_wiz/inst/clkout2_buf/O
                         net (fo=421, routed)         0.590    -0.591    u_top_vga/u_draw_mouse/clk40MHz
    SLICE_X0Y16          FDCE                                         r  u_top_vga/u_draw_mouse/vga_out\\.rgb_reg[5]/C
  -------------------------------------------------------------------    -------------------
    SLICE_X0Y16          FDCE (Prop_fdce_C_Q)         0.141    -0.450 r  u_top_vga/u_draw_mouse/vga_out\\.rgb_reg[5]/Q
                         net (fo=1, routed)           0.642     0.192    vgaGreen_OBUF[1]
    H17                  OBUF (Prop_obuf_I_O)         1.207     1.398 r  vgaGreen_OBUF[1]_inst/O
                         net (fo=0)                   0.000     1.398    vgaGreen[1]
    H17                                                               r  vgaGreen[1] (OUT)
  -------------------------------------------------------------------    -------------------

Slack:                    inf
  Source:                 u_top_vga/u_draw_mouse/vga_out\\.rgb_reg[4]/C
                            (rising edge-triggered cell FDCE clocked by clk40MHz_clk_wiz_0  {rise@0.000ns fall@12.500ns period=25.000ns})
  Destination:            vgaGreen[0]
                            (output port)
  Path Group:             (none)
  Path Type:              Min at Fast Process Corner
  Data Path Delay:        1.990ns  (logic 1.363ns (68.480%)  route 0.627ns (31.520%))
  Logic Levels:           1  (OBUF=1)
  Clock Uncertainty:      0.182ns  ((TSJ^2 + DJ^2)^1/2) / 2 + PE
    Total System Jitter     (TSJ):    0.050ns
    Discrete Jitter          (DJ):    0.159ns
    Phase Error              (PE):    0.099ns

    Location             Delay type                Incr(ns)  Path(ns)    Netlist Resource(s)
  -------------------------------------------------------------------    -------------------
                         (clock clk40MHz_clk_wiz_0 rise edge)
                                                      0.000     0.000 r  
    W5                                                0.000     0.000 r  clk (IN)
                         net (fo=0)                   0.000     0.000    u_clk_wiz/inst/clk
    W5                   IBUF (Prop_ibuf_I_O)         0.226     0.226 r  u_clk_wiz/inst/clkin1_ibufg/O
                         net (fo=1, routed)           0.440     0.667    u_clk_wiz/inst/clk_clk_wiz_0
    MMCME2_ADV_X1Y0      MMCME2_ADV (Prop_mmcme2_adv_CLKIN1_CLKOUT1)
                                                     -2.360    -1.693 r  u_clk_wiz/inst/mmcm_adv_inst/CLKOUT1
                         net (fo=2, routed)           0.486    -1.207    u_clk_wiz/inst/clk40MHz_clk_wiz_0
    BUFGCTRL_X0Y0        BUFGCTRL (Prop_bufgctrl_I0_O)
                                                      0.026    -1.181 r  u_clk_wiz/inst/clkout2_buf/O
                         net (fo=421, routed)         0.590    -0.591    u_top_vga/u_draw_mouse/clk40MHz
    SLICE_X1Y16          FDCE                                         r  u_top_vga/u_draw_mouse/vga_out\\.rgb_reg[4]/C
  -------------------------------------------------------------------    -------------------
    SLICE_X1Y16          FDCE (Prop_fdce_C_Q)         0.141    -0.450 r  u_top_vga/u_draw_mouse/vga_out\\.rgb_reg[4]/Q
                         net (fo=1, routed)           0.627     0.177    vgaGreen_OBUF[0]
    J17                  OBUF (Prop_obuf_I_O)         1.222     1.399 r  vgaGreen_OBUF[0]_inst/O
                         net (fo=0)                   0.000     1.399    vgaGreen[0]
    J17                                                               r  vgaGreen[0] (OUT)
  -------------------------------------------------------------------    -------------------

Slack:                    inf
  Source:                 u_top_vga/u_draw_mouse/vga_out\\.rgb_reg[10]/C
                            (rising edge-triggered cell FDCE clocked by clk40MHz_clk_wiz_0  {rise@0.000ns fall@12.500ns period=25.000ns})
  Destination:            vgaRed[2]
                            (output port)
  Path Group:             (none)
  Path Type:              Min at Fast Process Corner
  Data Path Delay:        1.996ns  (logic 1.366ns (68.443%)  route 0.630ns (31.557%))
  Logic Levels:           1  (OBUF=1)
  Clock Uncertainty:      0.182ns  ((TSJ^2 + DJ^2)^1/2) / 2 + PE
    Total System Jitter     (TSJ):    0.050ns
    Discrete Jitter          (DJ):    0.159ns
    Phase Error              (PE):    0.099ns

    Location             Delay type                Incr(ns)  Path(ns)    Netlist Resource(s)
  -------------------------------------------------------------------    -------------------
                         (clock clk40MHz_clk_wiz_0 rise edge)
                                                      0.000     0.000 r  
    W5                                                0.000     0.000 r  clk (IN)
                         net (fo=0)                   0.000     0.000    u_clk_wiz/inst/clk
    W5                   IBUF (Prop_ibuf_I_O)         0.226     0.226 r  u_clk_wiz/inst/clkin1_ibufg/O
                         net (fo=1, routed)           0.440     0.667    u_clk_wiz/inst/clk_clk_wiz_0
    MMCME2_ADV_X1Y0      MMCME2_ADV (Prop_mmcme2_adv_CLKIN1_CLKOUT1)
                                                     -2.360    -1.693 r  u_clk_wiz/inst/mmcm_adv_inst/CLKOUT1
                         net (fo=2, routed)           0.486    -1.207    u_clk_wiz/inst/clk40MHz_clk_wiz_0
    BUFGCTRL_X0Y0        BUFGCTRL (Prop_bufgctrl_I0_O)
                                                      0.026    -1.181 r  u_clk_wiz/inst/clkout2_buf/O
                         net (fo=421, routed)         0.591    -0.590    u_top_vga/u_draw_mouse/clk40MHz
    SLICE_X1Y15          FDCE                                         r  u_top_vga/u_draw_mouse/vga_out\\.rgb_reg[10]/C
  -------------------------------------------------------------------    -------------------
    SLICE_X1Y15          FDCE (Prop_fdce_C_Q)         0.141    -0.449 r  u_top_vga/u_draw_mouse/vga_out\\.rgb_reg[10]/Q
                         net (fo=1, routed)           0.630     0.180    vgaRed_OBUF[2]
    J19                  OBUF (Prop_obuf_I_O)         1.225     1.405 r  vgaRed_OBUF[2]_inst/O
                         net (fo=0)                   0.000     1.405    vgaRed[2]
    J19                                                               r  vgaRed[2] (OUT)
  -------------------------------------------------------------------    -------------------

Slack:                    inf
  Source:                 u_top_vga/u_draw_mouse/vga_out\\.rgb_reg[0]/C
                            (rising edge-triggered cell FDCE clocked by clk40MHz_clk_wiz_0  {rise@0.000ns fall@12.500ns period=25.000ns})
  Destination:            vgaBlue[0]
                            (output port)
  Path Group:             (none)
  Path Type:              Min at Fast Process Corner
  Data Path Delay:        2.009ns  (logic 1.379ns (68.602%)  route 0.631ns (31.398%))
  Logic Levels:           1  (OBUF=1)
  Clock Uncertainty:      0.182ns  ((TSJ^2 + DJ^2)^1/2) / 2 + PE
    Total System Jitter     (TSJ):    0.050ns
    Discrete Jitter          (DJ):    0.159ns
    Phase Error              (PE):    0.099ns

    Location             Delay type                Incr(ns)  Path(ns)    Netlist Resource(s)
  -------------------------------------------------------------------    -------------------
                         (clock clk40MHz_clk_wiz_0 rise edge)
                                                      0.000     0.000 r  
    W5                                                0.000     0.000 r  clk (IN)
                         net (fo=0)                   0.000     0.000    u_clk_wiz/inst/clk
    W5                   IBUF (Prop_ibuf_I_O)         0.226     0.226 r  u_clk_wiz/inst/clkin1_ibufg/O
                         net (fo=1, routed)           0.440     0.667    u_clk_wiz/inst/clk_clk_wiz_0
    MMCME2_ADV_X1Y0      MMCME2_ADV (Prop_mmcme2_adv_CLKIN1_CLKOUT1)
                                                     -2.360    -1.693 r  u_clk_wiz/inst/mmcm_adv_inst/CLKOUT1
                         net (fo=2, routed)           0.486    -1.207    u_clk_wiz/inst/clk40MHz_clk_wiz_0
    BUFGCTRL_X0Y0        BUFGCTRL (Prop_bufgctrl_I0_O)
                                                      0.026    -1.181 r  u_clk_wiz/inst/clkout2_buf/O
                         net (fo=421, routed)         0.589    -0.592    u_top_vga/u_draw_mouse/clk40MHz
    SLICE_X4Y15          FDCE                                         r  u_top_vga/u_draw_mouse/vga_out\\.rgb_reg[0]/C
  -------------------------------------------------------------------    -------------------
    SLICE_X4Y15          FDCE (Prop_fdce_C_Q)         0.128    -0.464 r  u_top_vga/u_draw_mouse/vga_out\\.rgb_reg[0]/Q
                         net (fo=1, routed)           0.631     0.167    vgaBlue_OBUF[0]
    N18                  OBUF (Prop_obuf_I_O)         1.251     1.417 r  vgaBlue_OBUF[0]_inst/O
                         net (fo=0)                   0.000     1.417    vgaBlue[0]
    N18                                                               r  vgaBlue[0] (OUT)
  -------------------------------------------------------------------    -------------------





--------------------------------------------------------------------------------------
Path Group:  (none)
From Clock:  
  To Clock:  clk100MHz_clk_wiz_0

Max Delay           107 Endpoints
Min Delay           107 Endpoints
--------------------------------------------------------------------------------------


Max Delay Paths
--------------------------------------------------------------------------------------
Slack:                    inf
  Source:                 btnC
                            (input port)
  Destination:            u_top_vga/u_mouse/Inst_Ps2Interface/err_reg/CE
                            (rising edge-triggered cell FDRE clocked by clk100MHz_clk_wiz_0  {rise@0.000ns fall@5.000ns period=10.000ns})
  Path Group:             (none)
  Path Type:              Setup (Max at Slow Process Corner)
  Data Path Delay:        7.306ns  (logic 1.565ns (21.426%)  route 5.740ns (78.574%))
  Logic Levels:           2  (IBUF=1 LUT1=1)
  Clock Path Skew:        -1.477ns (DCD - SCD + CPR)
    Destination Clock Delay (DCD):    -1.477ns
    Source Clock Delay      (SCD):    0.000ns
    Clock Pessimism Removal (CPR):    0.000ns
  Clock Uncertainty:      0.169ns  ((TSJ^2 + DJ^2)^1/2) / 2 + PE
    Total System Jitter     (TSJ):    0.050ns
    Discrete Jitter          (DJ):    0.131ns
    Phase Error              (PE):    0.099ns

    Location             Delay type                Incr(ns)  Path(ns)    Netlist Resource(s)
  -------------------------------------------------------------------    -------------------
    U18                                               0.000     0.000 f  btnC (IN)
                         net (fo=0)                   0.000     0.000    btnC
    U18                  IBUF (Prop_ibuf_I_O)         1.441     1.441 f  btnC_IBUF_inst/O
                         net (fo=280, routed)         3.626     5.067    u_top_vga/u_draw_rect_char/btnC_IBUF
    SLICE_X9Y19          LUT1 (Prop_lut1_I0_O)        0.124     5.191 r  u_top_vga/u_draw_rect_char/load_tx_data_i_1/O
                         net (fo=69, routed)          2.114     7.306    u_top_vga/u_mouse/Inst_Ps2Interface/ps2_data_h_reg_inv_0
    SLICE_X1Y8           FDRE                                         r  u_top_vga/u_mouse/Inst_Ps2Interface/err_reg/CE
  -------------------------------------------------------------------    -------------------

                         (clock clk100MHz_clk_wiz_0 rise edge)
                                                      0.000     0.000 r  
    W5                                                0.000     0.000 r  clk (IN)
                         net (fo=0)                   0.000     0.000    u_clk_wiz/inst/clk
    W5                   IBUF (Prop_ibuf_I_O)         1.388     1.388 r  u_clk_wiz/inst/clkin1_ibufg/O
                         net (fo=1, routed)           1.162     2.550    u_clk_wiz/inst/clk_clk_wiz_0
    MMCME2_ADV_X1Y0      MMCME2_ADV (Prop_mmcme2_adv_CLKIN1_CLKOUT0)
                                                     -7.217    -4.668 r  u_clk_wiz/inst/mmcm_adv_inst/CLKOUT0
                         net (fo=2, routed)           1.581    -3.086    u_clk_wiz/inst/clk100MHz_clk_wiz_0
    BUFGCTRL_X0Y1        BUFGCTRL (Prop_bufgctrl_I0_O)
                                                      0.091    -2.995 r  u_clk_wiz/inst/clkout1_buf/O
                         net (fo=266, routed)         1.518    -1.477    u_top_vga/u_mouse/Inst_Ps2Interface/clk100MHz
    SLICE_X1Y8           FDRE                                         r  u_top_vga/u_mouse/Inst_Ps2Interface/err_reg/C

Slack:                    inf
  Source:                 btnC
                            (input port)
  Destination:            u_top_vga/u_mouse/Inst_Ps2Interface/load_rx_data_reg/CE
                            (rising edge-triggered cell FDRE clocked by clk100MHz_clk_wiz_0  {rise@0.000ns fall@5.000ns period=10.000ns})
  Path Group:             (none)
  Path Type:              Setup (Max at Slow Process Corner)
  Data Path Delay:        7.306ns  (logic 1.565ns (21.426%)  route 5.740ns (78.574%))
  Logic Levels:           2  (IBUF=1 LUT1=1)
  Clock Path Skew:        -1.477ns (DCD - SCD + CPR)
    Destination Clock Delay (DCD):    -1.477ns
    Source Clock Delay      (SCD):    0.000ns
    Clock Pessimism Removal (CPR):    0.000ns
  Clock Uncertainty:      0.169ns  ((TSJ^2 + DJ^2)^1/2) / 2 + PE
    Total System Jitter     (TSJ):    0.050ns
    Discrete Jitter          (DJ):    0.131ns
    Phase Error              (PE):    0.099ns

    Location             Delay type                Incr(ns)  Path(ns)    Netlist Resource(s)
  -------------------------------------------------------------------    -------------------
    U18                                               0.000     0.000 f  btnC (IN)
                         net (fo=0)                   0.000     0.000    btnC
    U18                  IBUF (Prop_ibuf_I_O)         1.441     1.441 f  btnC_IBUF_inst/O
                         net (fo=280, routed)         3.626     5.067    u_top_vga/u_draw_rect_char/btnC_IBUF
    SLICE_X9Y19          LUT1 (Prop_lut1_I0_O)        0.124     5.191 r  u_top_vga/u_draw_rect_char/load_tx_data_i_1/O
                         net (fo=69, routed)          2.114     7.306    u_top_vga/u_mouse/Inst_Ps2Interface/ps2_data_h_reg_inv_0
    SLICE_X1Y8           FDRE                                         r  u_top_vga/u_mouse/Inst_Ps2Interface/load_rx_data_reg/CE
  -------------------------------------------------------------------    -------------------

                         (clock clk100MHz_clk_wiz_0 rise edge)
                                                      0.000     0.000 r  
    W5                                                0.000     0.000 r  clk (IN)
                         net (fo=0)                   0.000     0.000    u_clk_wiz/inst/clk
    W5                   IBUF (Prop_ibuf_I_O)         1.388     1.388 r  u_clk_wiz/inst/clkin1_ibufg/O
                         net (fo=1, routed)           1.162     2.550    u_clk_wiz/inst/clk_clk_wiz_0
    MMCME2_ADV_X1Y0      MMCME2_ADV (Prop_mmcme2_adv_CLKIN1_CLKOUT0)
                                                     -7.217    -4.668 r  u_clk_wiz/inst/mmcm_adv_inst/CLKOUT0
                         net (fo=2, routed)           1.581    -3.086    u_clk_wiz/inst/clk100MHz_clk_wiz_0
    BUFGCTRL_X0Y1        BUFGCTRL (Prop_bufgctrl_I0_O)
                                                      0.091    -2.995 r  u_clk_wiz/inst/clkout1_buf/O
                         net (fo=266, routed)         1.518    -1.477    u_top_vga/u_mouse/Inst_Ps2Interface/clk100MHz
    SLICE_X1Y8           FDRE                                         r  u_top_vga/u_mouse/Inst_Ps2Interface/load_rx_data_reg/C

Slack:                    inf
  Source:                 btnC
                            (input port)
  Destination:            u_top_vga/u_mouse/Inst_Ps2Interface/load_tx_data_reg/CE
                            (rising edge-triggered cell FDRE clocked by clk100MHz_clk_wiz_0  {rise@0.000ns fall@5.000ns period=10.000ns})
  Path Group:             (none)
  Path Type:              Setup (Max at Slow Process Corner)
  Data Path Delay:        7.306ns  (logic 1.565ns (21.426%)  route 5.740ns (78.574%))
  Logic Levels:           2  (IBUF=1 LUT1=1)
  Clock Path Skew:        -1.477ns (DCD - SCD + CPR)
    Destination Clock Delay (DCD):    -1.477ns
    Source Clock Delay      (SCD):    0.000ns
    Clock Pessimism Removal (CPR):    0.000ns
  Clock Uncertainty:      0.169ns  ((TSJ^2 + DJ^2)^1/2) / 2 + PE
    Total System Jitter     (TSJ):    0.050ns
    Discrete Jitter          (DJ):    0.131ns
    Phase Error              (PE):    0.099ns

    Location             Delay type                Incr(ns)  Path(ns)    Netlist Resource(s)
  -------------------------------------------------------------------    -------------------
    U18                                               0.000     0.000 f  btnC (IN)
                         net (fo=0)                   0.000     0.000    btnC
    U18                  IBUF (Prop_ibuf_I_O)         1.441     1.441 f  btnC_IBUF_inst/O
                         net (fo=280, routed)         3.626     5.067    u_top_vga/u_draw_rect_char/btnC_IBUF
    SLICE_X9Y19          LUT1 (Prop_lut1_I0_O)        0.124     5.191 r  u_top_vga/u_draw_rect_char/load_tx_data_i_1/O
                         net (fo=69, routed)          2.114     7.306    u_top_vga/u_mouse/Inst_Ps2Interface/ps2_data_h_reg_inv_0
    SLICE_X1Y8           FDRE                                         r  u_top_vga/u_mouse/Inst_Ps2Interface/load_tx_data_reg/CE
  -------------------------------------------------------------------    -------------------

                         (clock clk100MHz_clk_wiz_0 rise edge)
                                                      0.000     0.000 r  
    W5                                                0.000     0.000 r  clk (IN)
                         net (fo=0)                   0.000     0.000    u_clk_wiz/inst/clk
    W5                   IBUF (Prop_ibuf_I_O)         1.388     1.388 r  u_clk_wiz/inst/clkin1_ibufg/O
                         net (fo=1, routed)           1.162     2.550    u_clk_wiz/inst/clk_clk_wiz_0
    MMCME2_ADV_X1Y0      MMCME2_ADV (Prop_mmcme2_adv_CLKIN1_CLKOUT0)
                                                     -7.217    -4.668 r  u_clk_wiz/inst/mmcm_adv_inst/CLKOUT0
                         net (fo=2, routed)           1.581    -3.086    u_clk_wiz/inst/clk100MHz_clk_wiz_0
    BUFGCTRL_X0Y1        BUFGCTRL (Prop_bufgctrl_I0_O)
                                                      0.091    -2.995 r  u_clk_wiz/inst/clkout1_buf/O
                         net (fo=266, routed)         1.518    -1.477    u_top_vga/u_mouse/Inst_Ps2Interface/clk100MHz
    SLICE_X1Y8           FDRE                                         r  u_top_vga/u_mouse/Inst_Ps2Interface/load_tx_data_reg/C

Slack:                    inf
  Source:                 btnC
                            (input port)
  Destination:            u_top_vga/u_mouse/Inst_Ps2Interface/ps2_clk_h_reg_inv/CE
                            (rising edge-triggered cell FDRE clocked by clk100MHz_clk_wiz_0  {rise@0.000ns fall@5.000ns period=10.000ns})
  Path Group:             (none)
  Path Type:              Setup (Max at Slow Process Corner)
  Data Path Delay:        7.306ns  (logic 1.565ns (21.426%)  route 5.740ns (78.574%))
  Logic Levels:           2  (IBUF=1 LUT1=1)
  Clock Path Skew:        -1.477ns (DCD - SCD + CPR)
    Destination Clock Delay (DCD):    -1.477ns
    Source Clock Delay      (SCD):    0.000ns
    Clock Pessimism Removal (CPR):    0.000ns
  Clock Uncertainty:      0.169ns  ((TSJ^2 + DJ^2)^1/2) / 2 + PE
    Total System Jitter     (TSJ):    0.050ns
    Discrete Jitter          (DJ):    0.131ns
    Phase Error              (PE):    0.099ns

    Location             Delay type                Incr(ns)  Path(ns)    Netlist Resource(s)
  -------------------------------------------------------------------    -------------------
    U18                                               0.000     0.000 f  btnC (IN)
                         net (fo=0)                   0.000     0.000    btnC
    U18                  IBUF (Prop_ibuf_I_O)         1.441     1.441 f  btnC_IBUF_inst/O
                         net (fo=280, routed)         3.626     5.067    u_top_vga/u_draw_rect_char/btnC_IBUF
    SLICE_X9Y19          LUT1 (Prop_lut1_I0_O)        0.124     5.191 r  u_top_vga/u_draw_rect_char/load_tx_data_i_1/O
                         net (fo=69, routed)          2.114     7.306    u_top_vga/u_mouse/Inst_Ps2Interface/ps2_data_h_reg_inv_0
    SLICE_X1Y8           FDRE                                         r  u_top_vga/u_mouse/Inst_Ps2Interface/ps2_clk_h_reg_inv/CE
  -------------------------------------------------------------------    -------------------

                         (clock clk100MHz_clk_wiz_0 rise edge)
                                                      0.000     0.000 r  
    W5                                                0.000     0.000 r  clk (IN)
                         net (fo=0)                   0.000     0.000    u_clk_wiz/inst/clk
    W5                   IBUF (Prop_ibuf_I_O)         1.388     1.388 r  u_clk_wiz/inst/clkin1_ibufg/O
                         net (fo=1, routed)           1.162     2.550    u_clk_wiz/inst/clk_clk_wiz_0
    MMCME2_ADV_X1Y0      MMCME2_ADV (Prop_mmcme2_adv_CLKIN1_CLKOUT0)
                                                     -7.217    -4.668 r  u_clk_wiz/inst/mmcm_adv_inst/CLKOUT0
                         net (fo=2, routed)           1.581    -3.086    u_clk_wiz/inst/clk100MHz_clk_wiz_0
    BUFGCTRL_X0Y1        BUFGCTRL (Prop_bufgctrl_I0_O)
                                                      0.091    -2.995 r  u_clk_wiz/inst/clkout1_buf/O
                         net (fo=266, routed)         1.518    -1.477    u_top_vga/u_mouse/Inst_Ps2Interface/clk100MHz
    SLICE_X1Y8           FDRE                                         r  u_top_vga/u_mouse/Inst_Ps2Interface/ps2_clk_h_reg_inv/C

Slack:                    inf
  Source:                 btnC
                            (input port)
  Destination:            u_top_vga/u_mouse/Inst_Ps2Interface/ps2_data_h_reg_inv/CE
                            (rising edge-triggered cell FDRE clocked by clk100MHz_clk_wiz_0  {rise@0.000ns fall@5.000ns period=10.000ns})
  Path Group:             (none)
  Path Type:              Setup (Max at Slow Process Corner)
  Data Path Delay:        7.306ns  (logic 1.565ns (21.426%)  route 5.740ns (78.574%))
  Logic Levels:           2  (IBUF=1 LUT1=1)
  Clock Path Skew:        -1.477ns (DCD - SCD + CPR)
    Destination Clock Delay (DCD):    -1.477ns
    Source Clock Delay      (SCD):    0.000ns
    Clock Pessimism Removal (CPR):    0.000ns
  Clock Uncertainty:      0.169ns  ((TSJ^2 + DJ^2)^1/2) / 2 + PE
    Total System Jitter     (TSJ):    0.050ns
    Discrete Jitter          (DJ):    0.131ns
    Phase Error              (PE):    0.099ns

    Location             Delay type                Incr(ns)  Path(ns)    Netlist Resource(s)
  -------------------------------------------------------------------    -------------------
    U18                                               0.000     0.000 f  btnC (IN)
                         net (fo=0)                   0.000     0.000    btnC
    U18                  IBUF (Prop_ibuf_I_O)         1.441     1.441 f  btnC_IBUF_inst/O
                         net (fo=280, routed)         3.626     5.067    u_top_vga/u_draw_rect_char/btnC_IBUF
    SLICE_X9Y19          LUT1 (Prop_lut1_I0_O)        0.124     5.191 r  u_top_vga/u_draw_rect_char/load_tx_data_i_1/O
                         net (fo=69, routed)          2.114     7.306    u_top_vga/u_mouse/Inst_Ps2Interface/ps2_data_h_reg_inv_0
    SLICE_X1Y8           FDRE                                         r  u_top_vga/u_mouse/Inst_Ps2Interface/ps2_data_h_reg_inv/CE
  -------------------------------------------------------------------    -------------------

                         (clock clk100MHz_clk_wiz_0 rise edge)
                                                      0.000     0.000 r  
    W5                                                0.000     0.000 r  clk (IN)
                         net (fo=0)                   0.000     0.000    u_clk_wiz/inst/clk
    W5                   IBUF (Prop_ibuf_I_O)         1.388     1.388 r  u_clk_wiz/inst/clkin1_ibufg/O
                         net (fo=1, routed)           1.162     2.550    u_clk_wiz/inst/clk_clk_wiz_0
    MMCME2_ADV_X1Y0      MMCME2_ADV (Prop_mmcme2_adv_CLKIN1_CLKOUT0)
                                                     -7.217    -4.668 r  u_clk_wiz/inst/mmcm_adv_inst/CLKOUT0
                         net (fo=2, routed)           1.581    -3.086    u_clk_wiz/inst/clk100MHz_clk_wiz_0
    BUFGCTRL_X0Y1        BUFGCTRL (Prop_bufgctrl_I0_O)
                                                      0.091    -2.995 r  u_clk_wiz/inst/clkout1_buf/O
                         net (fo=266, routed)         1.518    -1.477    u_top_vga/u_mouse/Inst_Ps2Interface/clk100MHz
    SLICE_X1Y8           FDRE                                         r  u_top_vga/u_mouse/Inst_Ps2Interface/ps2_data_h_reg_inv/C

Slack:                    inf
  Source:                 btnC
                            (input port)
  Destination:            u_top_vga/u_mouse/Inst_Ps2Interface/read_data_reg/CE
                            (rising edge-triggered cell FDRE clocked by clk100MHz_clk_wiz_0  {rise@0.000ns fall@5.000ns period=10.000ns})
  Path Group:             (none)
  Path Type:              Setup (Max at Slow Process Corner)
  Data Path Delay:        7.306ns  (logic 1.565ns (21.426%)  route 5.740ns (78.574%))
  Logic Levels:           2  (IBUF=1 LUT1=1)
  Clock Path Skew:        -1.477ns (DCD - SCD + CPR)
    Destination Clock Delay (DCD):    -1.477ns
    Source Clock Delay      (SCD):    0.000ns
    Clock Pessimism Removal (CPR):    0.000ns
  Clock Uncertainty:      0.169ns  ((TSJ^2 + DJ^2)^1/2) / 2 + PE
    Total System Jitter     (TSJ):    0.050ns
    Discrete Jitter          (DJ):    0.131ns
    Phase Error              (PE):    0.099ns

    Location             Delay type                Incr(ns)  Path(ns)    Netlist Resource(s)
  -------------------------------------------------------------------    -------------------
    U18                                               0.000     0.000 f  btnC (IN)
                         net (fo=0)                   0.000     0.000    btnC
    U18                  IBUF (Prop_ibuf_I_O)         1.441     1.441 f  btnC_IBUF_inst/O
                         net (fo=280, routed)         3.626     5.067    u_top_vga/u_draw_rect_char/btnC_IBUF
    SLICE_X9Y19          LUT1 (Prop_lut1_I0_O)        0.124     5.191 r  u_top_vga/u_draw_rect_char/load_tx_data_i_1/O
                         net (fo=69, routed)          2.114     7.306    u_top_vga/u_mouse/Inst_Ps2Interface/ps2_data_h_reg_inv_0
    SLICE_X1Y8           FDRE                                         r  u_top_vga/u_mouse/Inst_Ps2Interface/read_data_reg/CE
  -------------------------------------------------------------------    -------------------

                         (clock clk100MHz_clk_wiz_0 rise edge)
                                                      0.000     0.000 r  
    W5                                                0.000     0.000 r  clk (IN)
                         net (fo=0)                   0.000     0.000    u_clk_wiz/inst/clk
    W5                   IBUF (Prop_ibuf_I_O)         1.388     1.388 r  u_clk_wiz/inst/clkin1_ibufg/O
                         net (fo=1, routed)           1.162     2.550    u_clk_wiz/inst/clk_clk_wiz_0
    MMCME2_ADV_X1Y0      MMCME2_ADV (Prop_mmcme2_adv_CLKIN1_CLKOUT0)
                                                     -7.217    -4.668 r  u_clk_wiz/inst/mmcm_adv_inst/CLKOUT0
                         net (fo=2, routed)           1.581    -3.086    u_clk_wiz/inst/clk100MHz_clk_wiz_0
    BUFGCTRL_X0Y1        BUFGCTRL (Prop_bufgctrl_I0_O)
                                                      0.091    -2.995 r  u_clk_wiz/inst/clkout1_buf/O
                         net (fo=266, routed)         1.518    -1.477    u_top_vga/u_mouse/Inst_Ps2Interface/clk100MHz
    SLICE_X1Y8           FDRE                                         r  u_top_vga/u_mouse/Inst_Ps2Interface/read_data_reg/C

Slack:                    inf
  Source:                 btnC
                            (input port)
  Destination:            u_top_vga/u_mouse/write_data_reg/CE
                            (rising edge-triggered cell FDRE clocked by clk100MHz_clk_wiz_0  {rise@0.000ns fall@5.000ns period=10.000ns})
  Path Group:             (none)
  Path Type:              Setup (Max at Slow Process Corner)
  Data Path Delay:        7.024ns  (logic 1.565ns (22.286%)  route 5.458ns (77.714%))
  Logic Levels:           2  (IBUF=1 LUT1=1)
  Clock Path Skew:        -1.478ns (DCD - SCD + CPR)
    Destination Clock Delay (DCD):    -1.478ns
    Source Clock Delay      (SCD):    0.000ns
    Clock Pessimism Removal (CPR):    0.000ns
  Clock Uncertainty:      0.169ns  ((TSJ^2 + DJ^2)^1/2) / 2 + PE
    Total System Jitter     (TSJ):    0.050ns
    Discrete Jitter          (DJ):    0.131ns
    Phase Error              (PE):    0.099ns

    Location             Delay type                Incr(ns)  Path(ns)    Netlist Resource(s)
  -------------------------------------------------------------------    -------------------
    U18                                               0.000     0.000 f  btnC (IN)
                         net (fo=0)                   0.000     0.000    btnC
    U18                  IBUF (Prop_ibuf_I_O)         1.441     1.441 f  btnC_IBUF_inst/O
                         net (fo=280, routed)         3.626     5.067    u_top_vga/u_draw_rect_char/btnC_IBUF
    SLICE_X9Y19          LUT1 (Prop_lut1_I0_O)        0.124     5.191 r  u_top_vga/u_draw_rect_char/load_tx_data_i_1/O
                         net (fo=69, routed)          1.833     7.024    u_top_vga/u_mouse/ps2_data_h_reg_inv
    SLICE_X2Y10          FDRE                                         r  u_top_vga/u_mouse/write_data_reg/CE
  -------------------------------------------------------------------    -------------------

                         (clock clk100MHz_clk_wiz_0 rise edge)
                                                      0.000     0.000 r  
    W5                                                0.000     0.000 r  clk (IN)
                         net (fo=0)                   0.000     0.000    u_clk_wiz/inst/clk
    W5                   IBUF (Prop_ibuf_I_O)         1.388     1.388 r  u_clk_wiz/inst/clkin1_ibufg/O
                         net (fo=1, routed)           1.162     2.550    u_clk_wiz/inst/clk_clk_wiz_0
    MMCME2_ADV_X1Y0      MMCME2_ADV (Prop_mmcme2_adv_CLKIN1_CLKOUT0)
                                                     -7.217    -4.668 r  u_clk_wiz/inst/mmcm_adv_inst/CLKOUT0
                         net (fo=2, routed)           1.581    -3.086    u_clk_wiz/inst/clk100MHz_clk_wiz_0
    BUFGCTRL_X0Y1        BUFGCTRL (Prop_bufgctrl_I0_O)
                                                      0.091    -2.995 r  u_clk_wiz/inst/clkout1_buf/O
                         net (fo=266, routed)         1.517    -1.478    u_top_vga/u_mouse/clk100MHz
    SLICE_X2Y10          FDRE                                         r  u_top_vga/u_mouse/write_data_reg/C

Slack:                    inf
  Source:                 PS2Clk
                            (input port)
  Destination:            u_top_vga/u_mouse/Inst_Ps2Interface/clk_count_reg[0]/R
                            (rising edge-triggered cell FDRE clocked by clk100MHz_clk_wiz_0  {rise@0.000ns fall@5.000ns period=10.000ns})
  Path Group:             (none)
  Path Type:              Setup (Max at Slow Process Corner)
  Data Path Delay:        6.321ns  (logic 1.572ns (24.878%)  route 4.748ns (75.122%))
  Logic Levels:           2  (IBUF=1 LUT2=1)
  Clock Path Skew:        -1.475ns (DCD - SCD + CPR)
    Destination Clock Delay (DCD):    -1.475ns
    Source Clock Delay      (SCD):    0.000ns
    Clock Pessimism Removal (CPR):    0.000ns
  Clock Uncertainty:      0.169ns  ((TSJ^2 + DJ^2)^1/2) / 2 + PE
    Total System Jitter     (TSJ):    0.050ns
    Discrete Jitter          (DJ):    0.131ns
    Phase Error              (PE):    0.099ns

    Location             Delay type                Incr(ns)  Path(ns)    Netlist Resource(s)
  -------------------------------------------------------------------    -------------------
    C17                                               0.000     0.000 r  PS2Clk (INOUT)
                         net (fo=1, unset)            0.000     0.000    PS2Clk_IOBUF_inst/IO
    C17                  IBUF (Prop_ibuf_I_O)         1.448     1.448 r  PS2Clk_IOBUF_inst/IBUF/O
                         net (fo=3, routed)           4.395     5.844    u_top_vga/u_mouse/Inst_Ps2Interface/PS2Clk_IBUF
    SLICE_X0Y3           LUT2 (Prop_lut2_I0_O)        0.124     5.968 r  u_top_vga/u_mouse/Inst_Ps2Interface/clk_count[3]_i_1/O
                         net (fo=4, routed)           0.353     6.321    u_top_vga/u_mouse/Inst_Ps2Interface/clk_inter0
    SLICE_X0Y2           FDRE                                         r  u_top_vga/u_mouse/Inst_Ps2Interface/clk_count_reg[0]/R
  -------------------------------------------------------------------    -------------------

                         (clock clk100MHz_clk_wiz_0 rise edge)
                                                      0.000     0.000 r  
    W5                                                0.000     0.000 r  clk (IN)
                         net (fo=0)                   0.000     0.000    u_clk_wiz/inst/clk
    W5                   IBUF (Prop_ibuf_I_O)         1.388     1.388 r  u_clk_wiz/inst/clkin1_ibufg/O
                         net (fo=1, routed)           1.162     2.550    u_clk_wiz/inst/clk_clk_wiz_0
    MMCME2_ADV_X1Y0      MMCME2_ADV (Prop_mmcme2_adv_CLKIN1_CLKOUT0)
                                                     -7.217    -4.668 r  u_clk_wiz/inst/mmcm_adv_inst/CLKOUT0
                         net (fo=2, routed)           1.581    -3.086    u_clk_wiz/inst/clk100MHz_clk_wiz_0
    BUFGCTRL_X0Y1        BUFGCTRL (Prop_bufgctrl_I0_O)
                                                      0.091    -2.995 r  u_clk_wiz/inst/clkout1_buf/O
                         net (fo=266, routed)         1.520    -1.475    u_top_vga/u_mouse/Inst_Ps2Interface/clk100MHz
    SLICE_X0Y2           FDRE                                         r  u_top_vga/u_mouse/Inst_Ps2Interface/clk_count_reg[0]/C

Slack:                    inf
  Source:                 PS2Clk
                            (input port)
  Destination:            u_top_vga/u_mouse/Inst_Ps2Interface/clk_count_reg[1]/R
                            (rising edge-triggered cell FDRE clocked by clk100MHz_clk_wiz_0  {rise@0.000ns fall@5.000ns period=10.000ns})
  Path Group:             (none)
  Path Type:              Setup (Max at Slow Process Corner)
  Data Path Delay:        6.321ns  (logic 1.572ns (24.878%)  route 4.748ns (75.122%))
  Logic Levels:           2  (IBUF=1 LUT2=1)
  Clock Path Skew:        -1.475ns (DCD - SCD + CPR)
    Destination Clock Delay (DCD):    -1.475ns
    Source Clock Delay      (SCD):    0.000ns
    Clock Pessimism Removal (CPR):    0.000ns
  Clock Uncertainty:      0.169ns  ((TSJ^2 + DJ^2)^1/2) / 2 + PE
    Total System Jitter     (TSJ):    0.050ns
    Discrete Jitter          (DJ):    0.131ns
    Phase Error              (PE):    0.099ns

    Location             Delay type                Incr(ns)  Path(ns)    Netlist Resource(s)
  -------------------------------------------------------------------    -------------------
    C17                                               0.000     0.000 r  PS2Clk (INOUT)
                         net (fo=1, unset)            0.000     0.000    PS2Clk_IOBUF_inst/IO
    C17                  IBUF (Prop_ibuf_I_O)         1.448     1.448 r  PS2Clk_IOBUF_inst/IBUF/O
                         net (fo=3, routed)           4.395     5.844    u_top_vga/u_mouse/Inst_Ps2Interface/PS2Clk_IBUF
    SLICE_X0Y3           LUT2 (Prop_lut2_I0_O)        0.124     5.968 r  u_top_vga/u_mouse/Inst_Ps2Interface/clk_count[3]_i_1/O
                         net (fo=4, routed)           0.353     6.321    u_top_vga/u_mouse/Inst_Ps2Interface/clk_inter0
    SLICE_X0Y2           FDRE                                         r  u_top_vga/u_mouse/Inst_Ps2Interface/clk_count_reg[1]/R
  -------------------------------------------------------------------    -------------------

                         (clock clk100MHz_clk_wiz_0 rise edge)
                                                      0.000     0.000 r  
    W5                                                0.000     0.000 r  clk (IN)
                         net (fo=0)                   0.000     0.000    u_clk_wiz/inst/clk
    W5                   IBUF (Prop_ibuf_I_O)         1.388     1.388 r  u_clk_wiz/inst/clkin1_ibufg/O
                         net (fo=1, routed)           1.162     2.550    u_clk_wiz/inst/clk_clk_wiz_0
    MMCME2_ADV_X1Y0      MMCME2_ADV (Prop_mmcme2_adv_CLKIN1_CLKOUT0)
                                                     -7.217    -4.668 r  u_clk_wiz/inst/mmcm_adv_inst/CLKOUT0
                         net (fo=2, routed)           1.581    -3.086    u_clk_wiz/inst/clk100MHz_clk_wiz_0
    BUFGCTRL_X0Y1        BUFGCTRL (Prop_bufgctrl_I0_O)
                                                      0.091    -2.995 r  u_clk_wiz/inst/clkout1_buf/O
                         net (fo=266, routed)         1.520    -1.475    u_top_vga/u_mouse/Inst_Ps2Interface/clk100MHz
    SLICE_X0Y2           FDRE                                         r  u_top_vga/u_mouse/Inst_Ps2Interface/clk_count_reg[1]/C

Slack:                    inf
  Source:                 PS2Clk
                            (input port)
  Destination:            u_top_vga/u_mouse/Inst_Ps2Interface/clk_count_reg[2]/R
                            (rising edge-triggered cell FDRE clocked by clk100MHz_clk_wiz_0  {rise@0.000ns fall@5.000ns period=10.000ns})
  Path Group:             (none)
  Path Type:              Setup (Max at Slow Process Corner)
  Data Path Delay:        6.321ns  (logic 1.572ns (24.878%)  route 4.748ns (75.122%))
  Logic Levels:           2  (IBUF=1 LUT2=1)
  Clock Path Skew:        -1.475ns (DCD - SCD + CPR)
    Destination Clock Delay (DCD):    -1.475ns
    Source Clock Delay      (SCD):    0.000ns
    Clock Pessimism Removal (CPR):    0.000ns
  Clock Uncertainty:      0.169ns  ((TSJ^2 + DJ^2)^1/2) / 2 + PE
    Total System Jitter     (TSJ):    0.050ns
    Discrete Jitter          (DJ):    0.131ns
    Phase Error              (PE):    0.099ns

    Location             Delay type                Incr(ns)  Path(ns)    Netlist Resource(s)
  -------------------------------------------------------------------    -------------------
    C17                                               0.000     0.000 r  PS2Clk (INOUT)
                         net (fo=1, unset)            0.000     0.000    PS2Clk_IOBUF_inst/IO
    C17                  IBUF (Prop_ibuf_I_O)         1.448     1.448 r  PS2Clk_IOBUF_inst/IBUF/O
                         net (fo=3, routed)           4.395     5.844    u_top_vga/u_mouse/Inst_Ps2Interface/PS2Clk_IBUF
    SLICE_X0Y3           LUT2 (Prop_lut2_I0_O)        0.124     5.968 r  u_top_vga/u_mouse/Inst_Ps2Interface/clk_count[3]_i_1/O
                         net (fo=4, routed)           0.353     6.321    u_top_vga/u_mouse/Inst_Ps2Interface/clk_inter0
    SLICE_X0Y2           FDRE                                         r  u_top_vga/u_mouse/Inst_Ps2Interface/clk_count_reg[2]/R
  -------------------------------------------------------------------    -------------------

                         (clock clk100MHz_clk_wiz_0 rise edge)
                                                      0.000     0.000 r  
    W5                                                0.000     0.000 r  clk (IN)
                         net (fo=0)                   0.000     0.000    u_clk_wiz/inst/clk
    W5                   IBUF (Prop_ibuf_I_O)         1.388     1.388 r  u_clk_wiz/inst/clkin1_ibufg/O
                         net (fo=1, routed)           1.162     2.550    u_clk_wiz/inst/clk_clk_wiz_0
    MMCME2_ADV_X1Y0      MMCME2_ADV (Prop_mmcme2_adv_CLKIN1_CLKOUT0)
                                                     -7.217    -4.668 r  u_clk_wiz/inst/mmcm_adv_inst/CLKOUT0
                         net (fo=2, routed)           1.581    -3.086    u_clk_wiz/inst/clk100MHz_clk_wiz_0
    BUFGCTRL_X0Y1        BUFGCTRL (Prop_bufgctrl_I0_O)
                                                      0.091    -2.995 r  u_clk_wiz/inst/clkout1_buf/O
                         net (fo=266, routed)         1.520    -1.475    u_top_vga/u_mouse/Inst_Ps2Interface/clk100MHz
    SLICE_X0Y2           FDRE                                         r  u_top_vga/u_mouse/Inst_Ps2Interface/clk_count_reg[2]/C





Min Delay Paths
--------------------------------------------------------------------------------------
Slack:                    inf
  Source:                 btnC
                            (input port)
  Destination:            u_top_vga/u_mouse/FSM_onehot_state_reg[10]/CLR
                            (removal check against rising-edge clock clk100MHz_clk_wiz_0  {rise@0.000ns fall@5.000ns period=10.000ns})
  Path Group:             (none)
  Path Type:              Removal (Min at Fast Process Corner)
  Data Path Delay:        0.795ns  (logic 0.210ns (26.365%)  route 0.585ns (73.635%))
  Logic Levels:           1  (IBUF=1)
  Clock Path Skew:        -0.826ns (DCD - SCD - CPR)
    Destination Clock Delay (DCD):    -0.826ns
    Source Clock Delay      (SCD):    0.000ns
    Clock Pessimism Removal (CPR):    -0.000ns

    Location             Delay type                Incr(ns)  Path(ns)    Netlist Resource(s)
  -------------------------------------------------------------------    -------------------
    U18                                               0.000     0.000 f  btnC (IN)
                         net (fo=0)                   0.000     0.000    btnC
    U18                  IBUF (Prop_ibuf_I_O)         0.210     0.210 f  btnC_IBUF_inst/O
                         net (fo=280, routed)         0.585     0.795    u_top_vga/u_mouse/btnC_IBUF
    SLICE_X2Y11          FDCE                                         f  u_top_vga/u_mouse/FSM_onehot_state_reg[10]/CLR
  -------------------------------------------------------------------    -------------------

                         (clock clk100MHz_clk_wiz_0 rise edge)
                                                      0.000     0.000 r  
    W5                                                0.000     0.000 r  clk (IN)
                         net (fo=0)                   0.000     0.000    u_clk_wiz/inst/clk
    W5                   IBUF (Prop_ibuf_I_O)         0.414     0.414 r  u_clk_wiz/inst/clkin1_ibufg/O
                         net (fo=1, routed)           0.480     0.894    u_clk_wiz/inst/clk_clk_wiz_0
    MMCME2_ADV_X1Y0      MMCME2_ADV (Prop_mmcme2_adv_CLKIN1_CLKOUT0)
                                                     -3.142    -2.248 r  u_clk_wiz/inst/mmcm_adv_inst/CLKOUT0
                         net (fo=2, routed)           0.530    -1.718    u_clk_wiz/inst/clk100MHz_clk_wiz_0
    BUFGCTRL_X0Y1        BUFGCTRL (Prop_bufgctrl_I0_O)
                                                      0.029    -1.689 r  u_clk_wiz/inst/clkout1_buf/O
                         net (fo=266, routed)         0.864    -0.826    u_top_vga/u_mouse/clk100MHz
    SLICE_X2Y11          FDCE                                         r  u_top_vga/u_mouse/FSM_onehot_state_reg[10]/C

Slack:                    inf
  Source:                 btnC
                            (input port)
  Destination:            u_top_vga/u_mouse/FSM_onehot_state_reg[15]/CLR
                            (removal check against rising-edge clock clk100MHz_clk_wiz_0  {rise@0.000ns fall@5.000ns period=10.000ns})
  Path Group:             (none)
  Path Type:              Removal (Min at Fast Process Corner)
  Data Path Delay:        0.795ns  (logic 0.210ns (26.365%)  route 0.585ns (73.635%))
  Logic Levels:           1  (IBUF=1)
  Clock Path Skew:        -0.826ns (DCD - SCD - CPR)
    Destination Clock Delay (DCD):    -0.826ns
    Source Clock Delay      (SCD):    0.000ns
    Clock Pessimism Removal (CPR):    -0.000ns

    Location             Delay type                Incr(ns)  Path(ns)    Netlist Resource(s)
  -------------------------------------------------------------------    -------------------
    U18                                               0.000     0.000 f  btnC (IN)
                         net (fo=0)                   0.000     0.000    btnC
    U18                  IBUF (Prop_ibuf_I_O)         0.210     0.210 f  btnC_IBUF_inst/O
                         net (fo=280, routed)         0.585     0.795    u_top_vga/u_mouse/btnC_IBUF
    SLICE_X2Y11          FDCE                                         f  u_top_vga/u_mouse/FSM_onehot_state_reg[15]/CLR
  -------------------------------------------------------------------    -------------------

                         (clock clk100MHz_clk_wiz_0 rise edge)
                                                      0.000     0.000 r  
    W5                                                0.000     0.000 r  clk (IN)
                         net (fo=0)                   0.000     0.000    u_clk_wiz/inst/clk
    W5                   IBUF (Prop_ibuf_I_O)         0.414     0.414 r  u_clk_wiz/inst/clkin1_ibufg/O
                         net (fo=1, routed)           0.480     0.894    u_clk_wiz/inst/clk_clk_wiz_0
    MMCME2_ADV_X1Y0      MMCME2_ADV (Prop_mmcme2_adv_CLKIN1_CLKOUT0)
                                                     -3.142    -2.248 r  u_clk_wiz/inst/mmcm_adv_inst/CLKOUT0
                         net (fo=2, routed)           0.530    -1.718    u_clk_wiz/inst/clk100MHz_clk_wiz_0
    BUFGCTRL_X0Y1        BUFGCTRL (Prop_bufgctrl_I0_O)
                                                      0.029    -1.689 r  u_clk_wiz/inst/clkout1_buf/O
                         net (fo=266, routed)         0.864    -0.826    u_top_vga/u_mouse/clk100MHz
    SLICE_X2Y11          FDCE                                         r  u_top_vga/u_mouse/FSM_onehot_state_reg[15]/C

Slack:                    inf
  Source:                 btnC
                            (input port)
  Destination:            u_top_vga/u_mouse/FSM_onehot_state_reg[16]/CLR
                            (removal check against rising-edge clock clk100MHz_clk_wiz_0  {rise@0.000ns fall@5.000ns period=10.000ns})
  Path Group:             (none)
  Path Type:              Removal (Min at Fast Process Corner)
  Data Path Delay:        0.795ns  (logic 0.210ns (26.365%)  route 0.585ns (73.635%))
  Logic Levels:           1  (IBUF=1)
  Clock Path Skew:        -0.826ns (DCD - SCD - CPR)
    Destination Clock Delay (DCD):    -0.826ns
    Source Clock Delay      (SCD):    0.000ns
    Clock Pessimism Removal (CPR):    -0.000ns

    Location             Delay type                Incr(ns)  Path(ns)    Netlist Resource(s)
  -------------------------------------------------------------------    -------------------
    U18                                               0.000     0.000 f  btnC (IN)
                         net (fo=0)                   0.000     0.000    btnC
    U18                  IBUF (Prop_ibuf_I_O)         0.210     0.210 f  btnC_IBUF_inst/O
                         net (fo=280, routed)         0.585     0.795    u_top_vga/u_mouse/btnC_IBUF
    SLICE_X2Y11          FDCE                                         f  u_top_vga/u_mouse/FSM_onehot_state_reg[16]/CLR
  -------------------------------------------------------------------    -------------------

                         (clock clk100MHz_clk_wiz_0 rise edge)
                                                      0.000     0.000 r  
    W5                                                0.000     0.000 r  clk (IN)
                         net (fo=0)                   0.000     0.000    u_clk_wiz/inst/clk
    W5                   IBUF (Prop_ibuf_I_O)         0.414     0.414 r  u_clk_wiz/inst/clkin1_ibufg/O
                         net (fo=1, routed)           0.480     0.894    u_clk_wiz/inst/clk_clk_wiz_0
    MMCME2_ADV_X1Y0      MMCME2_ADV (Prop_mmcme2_adv_CLKIN1_CLKOUT0)
                                                     -3.142    -2.248 r  u_clk_wiz/inst/mmcm_adv_inst/CLKOUT0
                         net (fo=2, routed)           0.530    -1.718    u_clk_wiz/inst/clk100MHz_clk_wiz_0
    BUFGCTRL_X0Y1        BUFGCTRL (Prop_bufgctrl_I0_O)
                                                      0.029    -1.689 r  u_clk_wiz/inst/clkout1_buf/O
                         net (fo=266, routed)         0.864    -0.826    u_top_vga/u_mouse/clk100MHz
    SLICE_X2Y11          FDCE                                         r  u_top_vga/u_mouse/FSM_onehot_state_reg[16]/C

Slack:                    inf
  Source:                 btnC
                            (input port)
  Destination:            u_top_vga/u_mouse/FSM_onehot_state_reg[7]/CLR
                            (removal check against rising-edge clock clk100MHz_clk_wiz_0  {rise@0.000ns fall@5.000ns period=10.000ns})
  Path Group:             (none)
  Path Type:              Removal (Min at Fast Process Corner)
  Data Path Delay:        0.795ns  (logic 0.210ns (26.365%)  route 0.585ns (73.635%))
  Logic Levels:           1  (IBUF=1)
  Clock Path Skew:        -0.826ns (DCD - SCD - CPR)
    Destination Clock Delay (DCD):    -0.826ns
    Source Clock Delay      (SCD):    0.000ns
    Clock Pessimism Removal (CPR):    -0.000ns

    Location             Delay type                Incr(ns)  Path(ns)    Netlist Resource(s)
  -------------------------------------------------------------------    -------------------
    U18                                               0.000     0.000 f  btnC (IN)
                         net (fo=0)                   0.000     0.000    btnC
    U18                  IBUF (Prop_ibuf_I_O)         0.210     0.210 f  btnC_IBUF_inst/O
                         net (fo=280, routed)         0.585     0.795    u_top_vga/u_mouse/btnC_IBUF
    SLICE_X2Y11          FDCE                                         f  u_top_vga/u_mouse/FSM_onehot_state_reg[7]/CLR
  -------------------------------------------------------------------    -------------------

                         (clock clk100MHz_clk_wiz_0 rise edge)
                                                      0.000     0.000 r  
    W5                                                0.000     0.000 r  clk (IN)
                         net (fo=0)                   0.000     0.000    u_clk_wiz/inst/clk
    W5                   IBUF (Prop_ibuf_I_O)         0.414     0.414 r  u_clk_wiz/inst/clkin1_ibufg/O
                         net (fo=1, routed)           0.480     0.894    u_clk_wiz/inst/clk_clk_wiz_0
    MMCME2_ADV_X1Y0      MMCME2_ADV (Prop_mmcme2_adv_CLKIN1_CLKOUT0)
                                                     -3.142    -2.248 r  u_clk_wiz/inst/mmcm_adv_inst/CLKOUT0
                         net (fo=2, routed)           0.530    -1.718    u_clk_wiz/inst/clk100MHz_clk_wiz_0
    BUFGCTRL_X0Y1        BUFGCTRL (Prop_bufgctrl_I0_O)
                                                      0.029    -1.689 r  u_clk_wiz/inst/clkout1_buf/O
                         net (fo=266, routed)         0.864    -0.826    u_top_vga/u_mouse/clk100MHz
    SLICE_X2Y11          FDCE                                         r  u_top_vga/u_mouse/FSM_onehot_state_reg[7]/C

Slack:                    inf
  Source:                 btnC
                            (input port)
  Destination:            u_top_vga/u_mouse/FSM_onehot_state_reg[8]/CLR
                            (removal check against rising-edge clock clk100MHz_clk_wiz_0  {rise@0.000ns fall@5.000ns period=10.000ns})
  Path Group:             (none)
  Path Type:              Removal (Min at Fast Process Corner)
  Data Path Delay:        0.795ns  (logic 0.210ns (26.365%)  route 0.585ns (73.635%))
  Logic Levels:           1  (IBUF=1)
  Clock Path Skew:        -0.826ns (DCD - SCD - CPR)
    Destination Clock Delay (DCD):    -0.826ns
    Source Clock Delay      (SCD):    0.000ns
    Clock Pessimism Removal (CPR):    -0.000ns

    Location             Delay type                Incr(ns)  Path(ns)    Netlist Resource(s)
  -------------------------------------------------------------------    -------------------
    U18                                               0.000     0.000 f  btnC (IN)
                         net (fo=0)                   0.000     0.000    btnC
    U18                  IBUF (Prop_ibuf_I_O)         0.210     0.210 f  btnC_IBUF_inst/O
                         net (fo=280, routed)         0.585     0.795    u_top_vga/u_mouse/btnC_IBUF
    SLICE_X2Y11          FDCE                                         f  u_top_vga/u_mouse/FSM_onehot_state_reg[8]/CLR
  -------------------------------------------------------------------    -------------------

                         (clock clk100MHz_clk_wiz_0 rise edge)
                                                      0.000     0.000 r  
    W5                                                0.000     0.000 r  clk (IN)
                         net (fo=0)                   0.000     0.000    u_clk_wiz/inst/clk
    W5                   IBUF (Prop_ibuf_I_O)         0.414     0.414 r  u_clk_wiz/inst/clkin1_ibufg/O
                         net (fo=1, routed)           0.480     0.894    u_clk_wiz/inst/clk_clk_wiz_0
    MMCME2_ADV_X1Y0      MMCME2_ADV (Prop_mmcme2_adv_CLKIN1_CLKOUT0)
                                                     -3.142    -2.248 r  u_clk_wiz/inst/mmcm_adv_inst/CLKOUT0
                         net (fo=2, routed)           0.530    -1.718    u_clk_wiz/inst/clk100MHz_clk_wiz_0
    BUFGCTRL_X0Y1        BUFGCTRL (Prop_bufgctrl_I0_O)
                                                      0.029    -1.689 r  u_clk_wiz/inst/clkout1_buf/O
                         net (fo=266, routed)         0.864    -0.826    u_top_vga/u_mouse/clk100MHz
    SLICE_X2Y11          FDCE                                         r  u_top_vga/u_mouse/FSM_onehot_state_reg[8]/C

Slack:                    inf
  Source:                 btnC
                            (input port)
  Destination:            u_top_vga/u_mouse/FSM_onehot_state_reg[9]/CLR
                            (removal check against rising-edge clock clk100MHz_clk_wiz_0  {rise@0.000ns fall@5.000ns period=10.000ns})
  Path Group:             (none)
  Path Type:              Removal (Min at Fast Process Corner)
  Data Path Delay:        0.795ns  (logic 0.210ns (26.365%)  route 0.585ns (73.635%))
  Logic Levels:           1  (IBUF=1)
  Clock Path Skew:        -0.826ns (DCD - SCD - CPR)
    Destination Clock Delay (DCD):    -0.826ns
    Source Clock Delay      (SCD):    0.000ns
    Clock Pessimism Removal (CPR):    -0.000ns

    Location             Delay type                Incr(ns)  Path(ns)    Netlist Resource(s)
  -------------------------------------------------------------------    -------------------
    U18                                               0.000     0.000 f  btnC (IN)
                         net (fo=0)                   0.000     0.000    btnC
    U18                  IBUF (Prop_ibuf_I_O)         0.210     0.210 f  btnC_IBUF_inst/O
                         net (fo=280, routed)         0.585     0.795    u_top_vga/u_mouse/btnC_IBUF
    SLICE_X2Y11          FDCE                                         f  u_top_vga/u_mouse/FSM_onehot_state_reg[9]/CLR
  -------------------------------------------------------------------    -------------------

                         (clock clk100MHz_clk_wiz_0 rise edge)
                                                      0.000     0.000 r  
    W5                                                0.000     0.000 r  clk (IN)
                         net (fo=0)                   0.000     0.000    u_clk_wiz/inst/clk
    W5                   IBUF (Prop_ibuf_I_O)         0.414     0.414 r  u_clk_wiz/inst/clkin1_ibufg/O
                         net (fo=1, routed)           0.480     0.894    u_clk_wiz/inst/clk_clk_wiz_0
    MMCME2_ADV_X1Y0      MMCME2_ADV (Prop_mmcme2_adv_CLKIN1_CLKOUT0)
                                                     -3.142    -2.248 r  u_clk_wiz/inst/mmcm_adv_inst/CLKOUT0
                         net (fo=2, routed)           0.530    -1.718    u_clk_wiz/inst/clk100MHz_clk_wiz_0
    BUFGCTRL_X0Y1        BUFGCTRL (Prop_bufgctrl_I0_O)
                                                      0.029    -1.689 r  u_clk_wiz/inst/clkout1_buf/O
                         net (fo=266, routed)         0.864    -0.826    u_top_vga/u_mouse/clk100MHz
    SLICE_X2Y11          FDCE                                         r  u_top_vga/u_mouse/FSM_onehot_state_reg[9]/C

Slack:                    inf
  Source:                 btnC
                            (input port)
  Destination:            u_top_vga/u_mouse/FSM_onehot_state_reg[13]/CLR
                            (removal check against rising-edge clock clk100MHz_clk_wiz_0  {rise@0.000ns fall@5.000ns period=10.000ns})
  Path Group:             (none)
  Path Type:              Removal (Min at Fast Process Corner)
  Data Path Delay:        0.835ns  (logic 0.210ns (25.106%)  route 0.625ns (74.894%))
  Logic Levels:           1  (IBUF=1)
  Clock Path Skew:        -0.826ns (DCD - SCD - CPR)
    Destination Clock Delay (DCD):    -0.826ns
    Source Clock Delay      (SCD):    0.000ns
    Clock Pessimism Removal (CPR):    -0.000ns

    Location             Delay type                Incr(ns)  Path(ns)    Netlist Resource(s)
  -------------------------------------------------------------------    -------------------
    U18                                               0.000     0.000 f  btnC (IN)
                         net (fo=0)                   0.000     0.000    btnC
    U18                  IBUF (Prop_ibuf_I_O)         0.210     0.210 f  btnC_IBUF_inst/O
                         net (fo=280, routed)         0.625     0.835    u_top_vga/u_mouse/btnC_IBUF
    SLICE_X1Y10          FDCE                                         f  u_top_vga/u_mouse/FSM_onehot_state_reg[13]/CLR
  -------------------------------------------------------------------    -------------------

                         (clock clk100MHz_clk_wiz_0 rise edge)
                                                      0.000     0.000 r  
    W5                                                0.000     0.000 r  clk (IN)
                         net (fo=0)                   0.000     0.000    u_clk_wiz/inst/clk
    W5                   IBUF (Prop_ibuf_I_O)         0.414     0.414 r  u_clk_wiz/inst/clkin1_ibufg/O
                         net (fo=1, routed)           0.480     0.894    u_clk_wiz/inst/clk_clk_wiz_0
    MMCME2_ADV_X1Y0      MMCME2_ADV (Prop_mmcme2_adv_CLKIN1_CLKOUT0)
                                                     -3.142    -2.248 r  u_clk_wiz/inst/mmcm_adv_inst/CLKOUT0
                         net (fo=2, routed)           0.530    -1.718    u_clk_wiz/inst/clk100MHz_clk_wiz_0
    BUFGCTRL_X0Y1        BUFGCTRL (Prop_bufgctrl_I0_O)
                                                      0.029    -1.689 r  u_clk_wiz/inst/clkout1_buf/O
                         net (fo=266, routed)         0.864    -0.826    u_top_vga/u_mouse/clk100MHz
    SLICE_X1Y10          FDCE                                         r  u_top_vga/u_mouse/FSM_onehot_state_reg[13]/C

Slack:                    inf
  Source:                 btnC
                            (input port)
  Destination:            u_top_vga/u_mouse/FSM_onehot_state_reg[14]/CLR
                            (removal check against rising-edge clock clk100MHz_clk_wiz_0  {rise@0.000ns fall@5.000ns period=10.000ns})
  Path Group:             (none)
  Path Type:              Removal (Min at Fast Process Corner)
  Data Path Delay:        0.835ns  (logic 0.210ns (25.106%)  route 0.625ns (74.894%))
  Logic Levels:           1  (IBUF=1)
  Clock Path Skew:        -0.826ns (DCD - SCD - CPR)
    Destination Clock Delay (DCD):    -0.826ns
    Source Clock Delay      (SCD):    0.000ns
    Clock Pessimism Removal (CPR):    -0.000ns

    Location             Delay type                Incr(ns)  Path(ns)    Netlist Resource(s)
  -------------------------------------------------------------------    -------------------
    U18                                               0.000     0.000 f  btnC (IN)
                         net (fo=0)                   0.000     0.000    btnC
    U18                  IBUF (Prop_ibuf_I_O)         0.210     0.210 f  btnC_IBUF_inst/O
                         net (fo=280, routed)         0.625     0.835    u_top_vga/u_mouse/btnC_IBUF
    SLICE_X1Y10          FDCE                                         f  u_top_vga/u_mouse/FSM_onehot_state_reg[14]/CLR
  -------------------------------------------------------------------    -------------------

                         (clock clk100MHz_clk_wiz_0 rise edge)
                                                      0.000     0.000 r  
    W5                                                0.000     0.000 r  clk (IN)
                         net (fo=0)                   0.000     0.000    u_clk_wiz/inst/clk
    W5                   IBUF (Prop_ibuf_I_O)         0.414     0.414 r  u_clk_wiz/inst/clkin1_ibufg/O
                         net (fo=1, routed)           0.480     0.894    u_clk_wiz/inst/clk_clk_wiz_0
    MMCME2_ADV_X1Y0      MMCME2_ADV (Prop_mmcme2_adv_CLKIN1_CLKOUT0)
                                                     -3.142    -2.248 r  u_clk_wiz/inst/mmcm_adv_inst/CLKOUT0
                         net (fo=2, routed)           0.530    -1.718    u_clk_wiz/inst/clk100MHz_clk_wiz_0
    BUFGCTRL_X0Y1        BUFGCTRL (Prop_bufgctrl_I0_O)
                                                      0.029    -1.689 r  u_clk_wiz/inst/clkout1_buf/O
                         net (fo=266, routed)         0.864    -0.826    u_top_vga/u_mouse/clk100MHz
    SLICE_X1Y10          FDCE                                         r  u_top_vga/u_mouse/FSM_onehot_state_reg[14]/C

Slack:                    inf
  Source:                 btnC
                            (input port)
  Destination:            u_top_vga/u_mouse/FSM_onehot_state_reg[11]/CLR
                            (removal check against rising-edge clock clk100MHz_clk_wiz_0  {rise@0.000ns fall@5.000ns period=10.000ns})
  Path Group:             (none)
  Path Type:              Removal (Min at Fast Process Corner)
  Data Path Delay:        0.989ns  (logic 0.210ns (21.178%)  route 0.780ns (78.822%))
  Logic Levels:           1  (IBUF=1)
  Clock Path Skew:        -0.828ns (DCD - SCD - CPR)
    Destination Clock Delay (DCD):    -0.828ns
    Source Clock Delay      (SCD):    0.000ns
    Clock Pessimism Removal (CPR):    -0.000ns

    Location             Delay type                Incr(ns)  Path(ns)    Netlist Resource(s)
  -------------------------------------------------------------------    -------------------
    U18                                               0.000     0.000 f  btnC (IN)
                         net (fo=0)                   0.000     0.000    btnC
    U18                  IBUF (Prop_ibuf_I_O)         0.210     0.210 f  btnC_IBUF_inst/O
                         net (fo=280, routed)         0.780     0.989    u_top_vga/u_mouse/btnC_IBUF
    SLICE_X4Y10          FDCE                                         f  u_top_vga/u_mouse/FSM_onehot_state_reg[11]/CLR
  -------------------------------------------------------------------    -------------------

                         (clock clk100MHz_clk_wiz_0 rise edge)
                                                      0.000     0.000 r  
    W5                                                0.000     0.000 r  clk (IN)
                         net (fo=0)                   0.000     0.000    u_clk_wiz/inst/clk
    W5                   IBUF (Prop_ibuf_I_O)         0.414     0.414 r  u_clk_wiz/inst/clkin1_ibufg/O
                         net (fo=1, routed)           0.480     0.894    u_clk_wiz/inst/clk_clk_wiz_0
    MMCME2_ADV_X1Y0      MMCME2_ADV (Prop_mmcme2_adv_CLKIN1_CLKOUT0)
                                                     -3.142    -2.248 r  u_clk_wiz/inst/mmcm_adv_inst/CLKOUT0
                         net (fo=2, routed)           0.530    -1.718    u_clk_wiz/inst/clk100MHz_clk_wiz_0
    BUFGCTRL_X0Y1        BUFGCTRL (Prop_bufgctrl_I0_O)
                                                      0.029    -1.689 r  u_clk_wiz/inst/clkout1_buf/O
                         net (fo=266, routed)         0.862    -0.828    u_top_vga/u_mouse/clk100MHz
    SLICE_X4Y10          FDCE                                         r  u_top_vga/u_mouse/FSM_onehot_state_reg[11]/C

Slack:                    inf
  Source:                 btnC
                            (input port)
  Destination:            u_top_vga/u_mouse/FSM_onehot_state_reg[12]/CLR
                            (removal check against rising-edge clock clk100MHz_clk_wiz_0  {rise@0.000ns fall@5.000ns period=10.000ns})
  Path Group:             (none)
  Path Type:              Removal (Min at Fast Process Corner)
  Data Path Delay:        0.989ns  (logic 0.210ns (21.178%)  route 0.780ns (78.822%))
  Logic Levels:           1  (IBUF=1)
  Clock Path Skew:        -0.828ns (DCD - SCD - CPR)
    Destination Clock Delay (DCD):    -0.828ns
    Source Clock Delay      (SCD):    0.000ns
    Clock Pessimism Removal (CPR):    -0.000ns

    Location             Delay type                Incr(ns)  Path(ns)    Netlist Resource(s)
  -------------------------------------------------------------------    -------------------
    U18                                               0.000     0.000 f  btnC (IN)
                         net (fo=0)                   0.000     0.000    btnC
    U18                  IBUF (Prop_ibuf_I_O)         0.210     0.210 f  btnC_IBUF_inst/O
                         net (fo=280, routed)         0.780     0.989    u_top_vga/u_mouse/btnC_IBUF
    SLICE_X4Y10          FDCE                                         f  u_top_vga/u_mouse/FSM_onehot_state_reg[12]/CLR
  -------------------------------------------------------------------    -------------------

                         (clock clk100MHz_clk_wiz_0 rise edge)
                                                      0.000     0.000 r  
    W5                                                0.000     0.000 r  clk (IN)
                         net (fo=0)                   0.000     0.000    u_clk_wiz/inst/clk
    W5                   IBUF (Prop_ibuf_I_O)         0.414     0.414 r  u_clk_wiz/inst/clkin1_ibufg/O
                         net (fo=1, routed)           0.480     0.894    u_clk_wiz/inst/clk_clk_wiz_0
    MMCME2_ADV_X1Y0      MMCME2_ADV (Prop_mmcme2_adv_CLKIN1_CLKOUT0)
                                                     -3.142    -2.248 r  u_clk_wiz/inst/mmcm_adv_inst/CLKOUT0
                         net (fo=2, routed)           0.530    -1.718    u_clk_wiz/inst/clk100MHz_clk_wiz_0
    BUFGCTRL_X0Y1        BUFGCTRL (Prop_bufgctrl_I0_O)
                                                      0.029    -1.689 r  u_clk_wiz/inst/clkout1_buf/O
                         net (fo=266, routed)         0.862    -0.828    u_top_vga/u_mouse/clk100MHz
    SLICE_X4Y10          FDCE                                         r  u_top_vga/u_mouse/FSM_onehot_state_reg[12]/C





--------------------------------------------------------------------------------------
Path Group:  (none)
From Clock:  
  To Clock:  clk40MHz_clk_wiz_0

Max Delay           260 Endpoints
Min Delay           260 Endpoints
--------------------------------------------------------------------------------------


Max Delay Paths
--------------------------------------------------------------------------------------
Slack:                    inf
  Source:                 btnC
                            (input port)
  Destination:            u_top_vga/u_draw_rect_char/rgb_d1_reg[11]/CE
                            (rising edge-triggered cell FDRE clocked by clk40MHz_clk_wiz_0  {rise@0.000ns fall@12.500ns period=25.000ns})
  Path Group:             (none)
  Path Type:              Setup (Max at Slow Process Corner)
  Data Path Delay:        6.686ns  (logic 1.565ns (23.411%)  route 5.121ns (76.589%))
  Logic Levels:           2  (IBUF=1 LUT1=1)
  Clock Path Skew:        -1.483ns (DCD - SCD + CPR)
    Destination Clock Delay (DCD):    -1.483ns
    Source Clock Delay      (SCD):    0.000ns
    Clock Pessimism Removal (CPR):    0.000ns
  Clock Uncertainty:      0.182ns  ((TSJ^2 + DJ^2)^1/2) / 2 + PE
    Total System Jitter     (TSJ):    0.050ns
    Discrete Jitter          (DJ):    0.159ns
    Phase Error              (PE):    0.099ns

    Location             Delay type                Incr(ns)  Path(ns)    Netlist Resource(s)
  -------------------------------------------------------------------    -------------------
    U18                                               0.000     0.000 f  btnC (IN)
                         net (fo=0)                   0.000     0.000    btnC
    U18                  IBUF (Prop_ibuf_I_O)         1.441     1.441 f  btnC_IBUF_inst/O
                         net (fo=280, routed)         3.626     5.067    u_top_vga/u_draw_rect_char/btnC_IBUF
    SLICE_X9Y19          LUT1 (Prop_lut1_I0_O)        0.124     5.191 r  u_top_vga/u_draw_rect_char/load_tx_data_i_1/O
                         net (fo=69, routed)          1.495     6.686    u_top_vga/u_draw_rect_char/btnC
    SLICE_X2Y16          FDRE                                         r  u_top_vga/u_draw_rect_char/rgb_d1_reg[11]/CE
  -------------------------------------------------------------------    -------------------

                         (clock clk40MHz_clk_wiz_0 rise edge)
                                                      0.000     0.000 r  
    W5                                                0.000     0.000 r  clk (IN)
                         net (fo=0)                   0.000     0.000    u_clk_wiz/inst/clk
    W5                   IBUF (Prop_ibuf_I_O)         1.388     1.388 r  u_clk_wiz/inst/clkin1_ibufg/O
                         net (fo=1, routed)           1.162     2.550    u_clk_wiz/inst/clk_clk_wiz_0
    MMCME2_ADV_X1Y0      MMCME2_ADV (Prop_mmcme2_adv_CLKIN1_CLKOUT1)
                                                     -7.217    -4.668 r  u_clk_wiz/inst/mmcm_adv_inst/CLKOUT1
                         net (fo=2, routed)           1.581    -3.086    u_clk_wiz/inst/clk40MHz_clk_wiz_0
    BUFGCTRL_X0Y0        BUFGCTRL (Prop_bufgctrl_I0_O)
                                                      0.091    -2.995 r  u_clk_wiz/inst/clkout2_buf/O
                         net (fo=421, routed)         1.512    -1.483    u_top_vga/u_draw_rect_char/clk40MHz
    SLICE_X2Y16          FDRE                                         r  u_top_vga/u_draw_rect_char/rgb_d1_reg[11]/C

Slack:                    inf
  Source:                 btnC
                            (input port)
  Destination:            u_top_vga/u_draw_rect_char/rgb_d1_reg[6]/CE
                            (rising edge-triggered cell FDRE clocked by clk40MHz_clk_wiz_0  {rise@0.000ns fall@12.500ns period=25.000ns})
  Path Group:             (none)
  Path Type:              Setup (Max at Slow Process Corner)
  Data Path Delay:        6.686ns  (logic 1.565ns (23.411%)  route 5.121ns (76.589%))
  Logic Levels:           2  (IBUF=1 LUT1=1)
  Clock Path Skew:        -1.483ns (DCD - SCD + CPR)
    Destination Clock Delay (DCD):    -1.483ns
    Source Clock Delay      (SCD):    0.000ns
    Clock Pessimism Removal (CPR):    0.000ns
  Clock Uncertainty:      0.182ns  ((TSJ^2 + DJ^2)^1/2) / 2 + PE
    Total System Jitter     (TSJ):    0.050ns
    Discrete Jitter          (DJ):    0.159ns
    Phase Error              (PE):    0.099ns

    Location             Delay type                Incr(ns)  Path(ns)    Netlist Resource(s)
  -------------------------------------------------------------------    -------------------
    U18                                               0.000     0.000 f  btnC (IN)
                         net (fo=0)                   0.000     0.000    btnC
    U18                  IBUF (Prop_ibuf_I_O)         1.441     1.441 f  btnC_IBUF_inst/O
                         net (fo=280, routed)         3.626     5.067    u_top_vga/u_draw_rect_char/btnC_IBUF
    SLICE_X9Y19          LUT1 (Prop_lut1_I0_O)        0.124     5.191 r  u_top_vga/u_draw_rect_char/load_tx_data_i_1/O
                         net (fo=69, routed)          1.495     6.686    u_top_vga/u_draw_rect_char/btnC
    SLICE_X2Y16          FDRE                                         r  u_top_vga/u_draw_rect_char/rgb_d1_reg[6]/CE
  -------------------------------------------------------------------    -------------------

                         (clock clk40MHz_clk_wiz_0 rise edge)
                                                      0.000     0.000 r  
    W5                                                0.000     0.000 r  clk (IN)
                         net (fo=0)                   0.000     0.000    u_clk_wiz/inst/clk
    W5                   IBUF (Prop_ibuf_I_O)         1.388     1.388 r  u_clk_wiz/inst/clkin1_ibufg/O
                         net (fo=1, routed)           1.162     2.550    u_clk_wiz/inst/clk_clk_wiz_0
    MMCME2_ADV_X1Y0      MMCME2_ADV (Prop_mmcme2_adv_CLKIN1_CLKOUT1)
                                                     -7.217    -4.668 r  u_clk_wiz/inst/mmcm_adv_inst/CLKOUT1
                         net (fo=2, routed)           1.581    -3.086    u_clk_wiz/inst/clk40MHz_clk_wiz_0
    BUFGCTRL_X0Y0        BUFGCTRL (Prop_bufgctrl_I0_O)
                                                      0.091    -2.995 r  u_clk_wiz/inst/clkout2_buf/O
                         net (fo=421, routed)         1.512    -1.483    u_top_vga/u_draw_rect_char/clk40MHz
    SLICE_X2Y16          FDRE                                         r  u_top_vga/u_draw_rect_char/rgb_d1_reg[6]/C

Slack:                    inf
  Source:                 btnC
                            (input port)
  Destination:            u_top_vga/u_draw_rect_char/rgb_d1_reg[7]/CE
                            (rising edge-triggered cell FDRE clocked by clk40MHz_clk_wiz_0  {rise@0.000ns fall@12.500ns period=25.000ns})
  Path Group:             (none)
  Path Type:              Setup (Max at Slow Process Corner)
  Data Path Delay:        6.686ns  (logic 1.565ns (23.411%)  route 5.121ns (76.589%))
  Logic Levels:           2  (IBUF=1 LUT1=1)
  Clock Path Skew:        -1.483ns (DCD - SCD + CPR)
    Destination Clock Delay (DCD):    -1.483ns
    Source Clock Delay      (SCD):    0.000ns
    Clock Pessimism Removal (CPR):    0.000ns
  Clock Uncertainty:      0.182ns  ((TSJ^2 + DJ^2)^1/2) / 2 + PE
    Total System Jitter     (TSJ):    0.050ns
    Discrete Jitter          (DJ):    0.159ns
    Phase Error              (PE):    0.099ns

    Location             Delay type                Incr(ns)  Path(ns)    Netlist Resource(s)
  -------------------------------------------------------------------    -------------------
    U18                                               0.000     0.000 f  btnC (IN)
                         net (fo=0)                   0.000     0.000    btnC
    U18                  IBUF (Prop_ibuf_I_O)         1.441     1.441 f  btnC_IBUF_inst/O
                         net (fo=280, routed)         3.626     5.067    u_top_vga/u_draw_rect_char/btnC_IBUF
    SLICE_X9Y19          LUT1 (Prop_lut1_I0_O)        0.124     5.191 r  u_top_vga/u_draw_rect_char/load_tx_data_i_1/O
                         net (fo=69, routed)          1.495     6.686    u_top_vga/u_draw_rect_char/btnC
    SLICE_X2Y16          FDRE                                         r  u_top_vga/u_draw_rect_char/rgb_d1_reg[7]/CE
  -------------------------------------------------------------------    -------------------

                         (clock clk40MHz_clk_wiz_0 rise edge)
                                                      0.000     0.000 r  
    W5                                                0.000     0.000 r  clk (IN)
                         net (fo=0)                   0.000     0.000    u_clk_wiz/inst/clk
    W5                   IBUF (Prop_ibuf_I_O)         1.388     1.388 r  u_clk_wiz/inst/clkin1_ibufg/O
                         net (fo=1, routed)           1.162     2.550    u_clk_wiz/inst/clk_clk_wiz_0
    MMCME2_ADV_X1Y0      MMCME2_ADV (Prop_mmcme2_adv_CLKIN1_CLKOUT1)
                                                     -7.217    -4.668 r  u_clk_wiz/inst/mmcm_adv_inst/CLKOUT1
                         net (fo=2, routed)           1.581    -3.086    u_clk_wiz/inst/clk40MHz_clk_wiz_0
    BUFGCTRL_X0Y0        BUFGCTRL (Prop_bufgctrl_I0_O)
                                                      0.091    -2.995 r  u_clk_wiz/inst/clkout2_buf/O
                         net (fo=421, routed)         1.512    -1.483    u_top_vga/u_draw_rect_char/clk40MHz
    SLICE_X2Y16          FDRE                                         r  u_top_vga/u_draw_rect_char/rgb_d1_reg[7]/C

Slack:                    inf
  Source:                 btnC
                            (input port)
  Destination:            u_top_vga/u_draw_rect_char/rgb_d2_reg[11]/CE
                            (rising edge-triggered cell FDRE clocked by clk40MHz_clk_wiz_0  {rise@0.000ns fall@12.500ns period=25.000ns})
  Path Group:             (none)
  Path Type:              Setup (Max at Slow Process Corner)
  Data Path Delay:        6.686ns  (logic 1.565ns (23.411%)  route 5.121ns (76.589%))
  Logic Levels:           2  (IBUF=1 LUT1=1)
  Clock Path Skew:        -1.483ns (DCD - SCD + CPR)
    Destination Clock Delay (DCD):    -1.483ns
    Source Clock Delay      (SCD):    0.000ns
    Clock Pessimism Removal (CPR):    0.000ns
  Clock Uncertainty:      0.182ns  ((TSJ^2 + DJ^2)^1/2) / 2 + PE
    Total System Jitter     (TSJ):    0.050ns
    Discrete Jitter          (DJ):    0.159ns
    Phase Error              (PE):    0.099ns

    Location             Delay type                Incr(ns)  Path(ns)    Netlist Resource(s)
  -------------------------------------------------------------------    -------------------
    U18                                               0.000     0.000 f  btnC (IN)
                         net (fo=0)                   0.000     0.000    btnC
    U18                  IBUF (Prop_ibuf_I_O)         1.441     1.441 f  btnC_IBUF_inst/O
                         net (fo=280, routed)         3.626     5.067    u_top_vga/u_draw_rect_char/btnC_IBUF
    SLICE_X9Y19          LUT1 (Prop_lut1_I0_O)        0.124     5.191 r  u_top_vga/u_draw_rect_char/load_tx_data_i_1/O
                         net (fo=69, routed)          1.495     6.686    u_top_vga/u_draw_rect_char/btnC
    SLICE_X2Y16          FDRE                                         r  u_top_vga/u_draw_rect_char/rgb_d2_reg[11]/CE
  -------------------------------------------------------------------    -------------------

                         (clock clk40MHz_clk_wiz_0 rise edge)
                                                      0.000     0.000 r  
    W5                                                0.000     0.000 r  clk (IN)
                         net (fo=0)                   0.000     0.000    u_clk_wiz/inst/clk
    W5                   IBUF (Prop_ibuf_I_O)         1.388     1.388 r  u_clk_wiz/inst/clkin1_ibufg/O
                         net (fo=1, routed)           1.162     2.550    u_clk_wiz/inst/clk_clk_wiz_0
    MMCME2_ADV_X1Y0      MMCME2_ADV (Prop_mmcme2_adv_CLKIN1_CLKOUT1)
                                                     -7.217    -4.668 r  u_clk_wiz/inst/mmcm_adv_inst/CLKOUT1
                         net (fo=2, routed)           1.581    -3.086    u_clk_wiz/inst/clk40MHz_clk_wiz_0
    BUFGCTRL_X0Y0        BUFGCTRL (Prop_bufgctrl_I0_O)
                                                      0.091    -2.995 r  u_clk_wiz/inst/clkout2_buf/O
                         net (fo=421, routed)         1.512    -1.483    u_top_vga/u_draw_rect_char/clk40MHz
    SLICE_X2Y16          FDRE                                         r  u_top_vga/u_draw_rect_char/rgb_d2_reg[11]/C

Slack:                    inf
  Source:                 btnC
                            (input port)
  Destination:            u_top_vga/u_draw_rect_char/rgb_d2_reg[6]/CE
                            (rising edge-triggered cell FDRE clocked by clk40MHz_clk_wiz_0  {rise@0.000ns fall@12.500ns period=25.000ns})
  Path Group:             (none)
  Path Type:              Setup (Max at Slow Process Corner)
  Data Path Delay:        6.686ns  (logic 1.565ns (23.411%)  route 5.121ns (76.589%))
  Logic Levels:           2  (IBUF=1 LUT1=1)
  Clock Path Skew:        -1.483ns (DCD - SCD + CPR)
    Destination Clock Delay (DCD):    -1.483ns
    Source Clock Delay      (SCD):    0.000ns
    Clock Pessimism Removal (CPR):    0.000ns
  Clock Uncertainty:      0.182ns  ((TSJ^2 + DJ^2)^1/2) / 2 + PE
    Total System Jitter     (TSJ):    0.050ns
    Discrete Jitter          (DJ):    0.159ns
    Phase Error              (PE):    0.099ns

    Location             Delay type                Incr(ns)  Path(ns)    Netlist Resource(s)
  -------------------------------------------------------------------    -------------------
    U18                                               0.000     0.000 f  btnC (IN)
                         net (fo=0)                   0.000     0.000    btnC
    U18                  IBUF (Prop_ibuf_I_O)         1.441     1.441 f  btnC_IBUF_inst/O
                         net (fo=280, routed)         3.626     5.067    u_top_vga/u_draw_rect_char/btnC_IBUF
    SLICE_X9Y19          LUT1 (Prop_lut1_I0_O)        0.124     5.191 r  u_top_vga/u_draw_rect_char/load_tx_data_i_1/O
                         net (fo=69, routed)          1.495     6.686    u_top_vga/u_draw_rect_char/btnC
    SLICE_X2Y16          FDRE                                         r  u_top_vga/u_draw_rect_char/rgb_d2_reg[6]/CE
  -------------------------------------------------------------------    -------------------

                         (clock clk40MHz_clk_wiz_0 rise edge)
                                                      0.000     0.000 r  
    W5                                                0.000     0.000 r  clk (IN)
                         net (fo=0)                   0.000     0.000    u_clk_wiz/inst/clk
    W5                   IBUF (Prop_ibuf_I_O)         1.388     1.388 r  u_clk_wiz/inst/clkin1_ibufg/O
                         net (fo=1, routed)           1.162     2.550    u_clk_wiz/inst/clk_clk_wiz_0
    MMCME2_ADV_X1Y0      MMCME2_ADV (Prop_mmcme2_adv_CLKIN1_CLKOUT1)
                                                     -7.217    -4.668 r  u_clk_wiz/inst/mmcm_adv_inst/CLKOUT1
                         net (fo=2, routed)           1.581    -3.086    u_clk_wiz/inst/clk40MHz_clk_wiz_0
    BUFGCTRL_X0Y0        BUFGCTRL (Prop_bufgctrl_I0_O)
                                                      0.091    -2.995 r  u_clk_wiz/inst/clkout2_buf/O
                         net (fo=421, routed)         1.512    -1.483    u_top_vga/u_draw_rect_char/clk40MHz
    SLICE_X2Y16          FDRE                                         r  u_top_vga/u_draw_rect_char/rgb_d2_reg[6]/C

Slack:                    inf
  Source:                 btnC
                            (input port)
  Destination:            u_top_vga/u_draw_rect_char/rgb_d2_reg[7]/CE
                            (rising edge-triggered cell FDRE clocked by clk40MHz_clk_wiz_0  {rise@0.000ns fall@12.500ns period=25.000ns})
  Path Group:             (none)
  Path Type:              Setup (Max at Slow Process Corner)
  Data Path Delay:        6.686ns  (logic 1.565ns (23.411%)  route 5.121ns (76.589%))
  Logic Levels:           2  (IBUF=1 LUT1=1)
  Clock Path Skew:        -1.483ns (DCD - SCD + CPR)
    Destination Clock Delay (DCD):    -1.483ns
    Source Clock Delay      (SCD):    0.000ns
    Clock Pessimism Removal (CPR):    0.000ns
  Clock Uncertainty:      0.182ns  ((TSJ^2 + DJ^2)^1/2) / 2 + PE
    Total System Jitter     (TSJ):    0.050ns
    Discrete Jitter          (DJ):    0.159ns
    Phase Error              (PE):    0.099ns

    Location             Delay type                Incr(ns)  Path(ns)    Netlist Resource(s)
  -------------------------------------------------------------------    -------------------
    U18                                               0.000     0.000 f  btnC (IN)
                         net (fo=0)                   0.000     0.000    btnC
    U18                  IBUF (Prop_ibuf_I_O)         1.441     1.441 f  btnC_IBUF_inst/O
                         net (fo=280, routed)         3.626     5.067    u_top_vga/u_draw_rect_char/btnC_IBUF
    SLICE_X9Y19          LUT1 (Prop_lut1_I0_O)        0.124     5.191 r  u_top_vga/u_draw_rect_char/load_tx_data_i_1/O
                         net (fo=69, routed)          1.495     6.686    u_top_vga/u_draw_rect_char/btnC
    SLICE_X2Y16          FDRE                                         r  u_top_vga/u_draw_rect_char/rgb_d2_reg[7]/CE
  -------------------------------------------------------------------    -------------------

                         (clock clk40MHz_clk_wiz_0 rise edge)
                                                      0.000     0.000 r  
    W5                                                0.000     0.000 r  clk (IN)
                         net (fo=0)                   0.000     0.000    u_clk_wiz/inst/clk
    W5                   IBUF (Prop_ibuf_I_O)         1.388     1.388 r  u_clk_wiz/inst/clkin1_ibufg/O
                         net (fo=1, routed)           1.162     2.550    u_clk_wiz/inst/clk_clk_wiz_0
    MMCME2_ADV_X1Y0      MMCME2_ADV (Prop_mmcme2_adv_CLKIN1_CLKOUT1)
                                                     -7.217    -4.668 r  u_clk_wiz/inst/mmcm_adv_inst/CLKOUT1
                         net (fo=2, routed)           1.581    -3.086    u_clk_wiz/inst/clk40MHz_clk_wiz_0
    BUFGCTRL_X0Y0        BUFGCTRL (Prop_bufgctrl_I0_O)
                                                      0.091    -2.995 r  u_clk_wiz/inst/clkout2_buf/O
                         net (fo=421, routed)         1.512    -1.483    u_top_vga/u_draw_rect_char/clk40MHz
    SLICE_X2Y16          FDRE                                         r  u_top_vga/u_draw_rect_char/rgb_d2_reg[7]/C

Slack:                    inf
  Source:                 btnC
                            (input port)
  Destination:            u_top_vga/u_draw_rect_char/rgb_d1_reg[3]/CE
                            (rising edge-triggered cell FDRE clocked by clk40MHz_clk_wiz_0  {rise@0.000ns fall@12.500ns period=25.000ns})
  Path Group:             (none)
  Path Type:              Setup (Max at Slow Process Corner)
  Data Path Delay:        6.663ns  (logic 1.565ns (23.491%)  route 5.098ns (76.509%))
  Logic Levels:           2  (IBUF=1 LUT1=1)
  Clock Path Skew:        -1.486ns (DCD - SCD + CPR)
    Destination Clock Delay (DCD):    -1.486ns
    Source Clock Delay      (SCD):    0.000ns
    Clock Pessimism Removal (CPR):    0.000ns
  Clock Uncertainty:      0.182ns  ((TSJ^2 + DJ^2)^1/2) / 2 + PE
    Total System Jitter     (TSJ):    0.050ns
    Discrete Jitter          (DJ):    0.159ns
    Phase Error              (PE):    0.099ns

    Location             Delay type                Incr(ns)  Path(ns)    Netlist Resource(s)
  -------------------------------------------------------------------    -------------------
    U18                                               0.000     0.000 f  btnC (IN)
                         net (fo=0)                   0.000     0.000    btnC
    U18                  IBUF (Prop_ibuf_I_O)         1.441     1.441 f  btnC_IBUF_inst/O
                         net (fo=280, routed)         3.626     5.067    u_top_vga/u_draw_rect_char/btnC_IBUF
    SLICE_X9Y19          LUT1 (Prop_lut1_I0_O)        0.124     5.191 r  u_top_vga/u_draw_rect_char/load_tx_data_i_1/O
                         net (fo=69, routed)          1.472     6.663    u_top_vga/u_draw_rect_char/btnC
    SLICE_X4Y17          FDRE                                         r  u_top_vga/u_draw_rect_char/rgb_d1_reg[3]/CE
  -------------------------------------------------------------------    -------------------

                         (clock clk40MHz_clk_wiz_0 rise edge)
                                                      0.000     0.000 r  
    W5                                                0.000     0.000 r  clk (IN)
                         net (fo=0)                   0.000     0.000    u_clk_wiz/inst/clk
    W5                   IBUF (Prop_ibuf_I_O)         1.388     1.388 r  u_clk_wiz/inst/clkin1_ibufg/O
                         net (fo=1, routed)           1.162     2.550    u_clk_wiz/inst/clk_clk_wiz_0
    MMCME2_ADV_X1Y0      MMCME2_ADV (Prop_mmcme2_adv_CLKIN1_CLKOUT1)
                                                     -7.217    -4.668 r  u_clk_wiz/inst/mmcm_adv_inst/CLKOUT1
                         net (fo=2, routed)           1.581    -3.086    u_clk_wiz/inst/clk40MHz_clk_wiz_0
    BUFGCTRL_X0Y0        BUFGCTRL (Prop_bufgctrl_I0_O)
                                                      0.091    -2.995 r  u_clk_wiz/inst/clkout2_buf/O
                         net (fo=421, routed)         1.509    -1.486    u_top_vga/u_draw_rect_char/clk40MHz
    SLICE_X4Y17          FDRE                                         r  u_top_vga/u_draw_rect_char/rgb_d1_reg[3]/C

Slack:                    inf
  Source:                 btnC
                            (input port)
  Destination:            u_top_vga/u_draw_rect_char/hcount_d2_reg[3]/CE
                            (rising edge-triggered cell FDRE clocked by clk40MHz_clk_wiz_0  {rise@0.000ns fall@12.500ns period=25.000ns})
  Path Group:             (none)
  Path Type:              Setup (Max at Slow Process Corner)
  Data Path Delay:        6.529ns  (logic 1.565ns (23.974%)  route 4.964ns (76.026%))
  Logic Levels:           2  (IBUF=1 LUT1=1)
  Clock Path Skew:        -1.550ns (DCD - SCD + CPR)
    Destination Clock Delay (DCD):    -1.550ns
    Source Clock Delay      (SCD):    0.000ns
    Clock Pessimism Removal (CPR):    0.000ns
  Clock Uncertainty:      0.182ns  ((TSJ^2 + DJ^2)^1/2) / 2 + PE
    Total System Jitter     (TSJ):    0.050ns
    Discrete Jitter          (DJ):    0.159ns
    Phase Error              (PE):    0.099ns

    Location             Delay type                Incr(ns)  Path(ns)    Netlist Resource(s)
  -------------------------------------------------------------------    -------------------
    U18                                               0.000     0.000 f  btnC (IN)
                         net (fo=0)                   0.000     0.000    btnC
    U18                  IBUF (Prop_ibuf_I_O)         1.441     1.441 f  btnC_IBUF_inst/O
                         net (fo=280, routed)         3.626     5.067    u_top_vga/u_draw_rect_char/btnC_IBUF
    SLICE_X9Y19          LUT1 (Prop_lut1_I0_O)        0.124     5.191 r  u_top_vga/u_draw_rect_char/load_tx_data_i_1/O
                         net (fo=69, routed)          1.338     6.529    u_top_vga/u_draw_rect_char/btnC
    SLICE_X8Y13          FDRE                                         r  u_top_vga/u_draw_rect_char/hcount_d2_reg[3]/CE
  -------------------------------------------------------------------    -------------------

                         (clock clk40MHz_clk_wiz_0 rise edge)
                                                      0.000     0.000 r  
    W5                                                0.000     0.000 r  clk (IN)
                         net (fo=0)                   0.000     0.000    u_clk_wiz/inst/clk
    W5                   IBUF (Prop_ibuf_I_O)         1.388     1.388 r  u_clk_wiz/inst/clkin1_ibufg/O
                         net (fo=1, routed)           1.162     2.550    u_clk_wiz/inst/clk_clk_wiz_0
    MMCME2_ADV_X1Y0      MMCME2_ADV (Prop_mmcme2_adv_CLKIN1_CLKOUT1)
                                                     -7.217    -4.668 r  u_clk_wiz/inst/mmcm_adv_inst/CLKOUT1
                         net (fo=2, routed)           1.581    -3.086    u_clk_wiz/inst/clk40MHz_clk_wiz_0
    BUFGCTRL_X0Y0        BUFGCTRL (Prop_bufgctrl_I0_O)
                                                      0.091    -2.995 r  u_clk_wiz/inst/clkout2_buf/O
                         net (fo=421, routed)         1.445    -1.550    u_top_vga/u_draw_rect_char/clk40MHz
    SLICE_X8Y13          FDRE                                         r  u_top_vga/u_draw_rect_char/hcount_d2_reg[3]/C

Slack:                    inf
  Source:                 btnC
                            (input port)
  Destination:            u_top_vga/u_draw_rect_char/hcount_d2_reg[6]/CE
                            (rising edge-triggered cell FDRE clocked by clk40MHz_clk_wiz_0  {rise@0.000ns fall@12.500ns period=25.000ns})
  Path Group:             (none)
  Path Type:              Setup (Max at Slow Process Corner)
  Data Path Delay:        6.529ns  (logic 1.565ns (23.974%)  route 4.964ns (76.026%))
  Logic Levels:           2  (IBUF=1 LUT1=1)
  Clock Path Skew:        -1.550ns (DCD - SCD + CPR)
    Destination Clock Delay (DCD):    -1.550ns
    Source Clock Delay      (SCD):    0.000ns
    Clock Pessimism Removal (CPR):    0.000ns
  Clock Uncertainty:      0.182ns  ((TSJ^2 + DJ^2)^1/2) / 2 + PE
    Total System Jitter     (TSJ):    0.050ns
    Discrete Jitter          (DJ):    0.159ns
    Phase Error              (PE):    0.099ns

    Location             Delay type                Incr(ns)  Path(ns)    Netlist Resource(s)
  -------------------------------------------------------------------    -------------------
    U18                                               0.000     0.000 f  btnC (IN)
                         net (fo=0)                   0.000     0.000    btnC
    U18                  IBUF (Prop_ibuf_I_O)         1.441     1.441 f  btnC_IBUF_inst/O
                         net (fo=280, routed)         3.626     5.067    u_top_vga/u_draw_rect_char/btnC_IBUF
    SLICE_X9Y19          LUT1 (Prop_lut1_I0_O)        0.124     5.191 r  u_top_vga/u_draw_rect_char/load_tx_data_i_1/O
                         net (fo=69, routed)          1.338     6.529    u_top_vga/u_draw_rect_char/btnC
    SLICE_X8Y13          FDRE                                         r  u_top_vga/u_draw_rect_char/hcount_d2_reg[6]/CE
  -------------------------------------------------------------------    -------------------

                         (clock clk40MHz_clk_wiz_0 rise edge)
                                                      0.000     0.000 r  
    W5                                                0.000     0.000 r  clk (IN)
                         net (fo=0)                   0.000     0.000    u_clk_wiz/inst/clk
    W5                   IBUF (Prop_ibuf_I_O)         1.388     1.388 r  u_clk_wiz/inst/clkin1_ibufg/O
                         net (fo=1, routed)           1.162     2.550    u_clk_wiz/inst/clk_clk_wiz_0
    MMCME2_ADV_X1Y0      MMCME2_ADV (Prop_mmcme2_adv_CLKIN1_CLKOUT1)
                                                     -7.217    -4.668 r  u_clk_wiz/inst/mmcm_adv_inst/CLKOUT1
                         net (fo=2, routed)           1.581    -3.086    u_clk_wiz/inst/clk40MHz_clk_wiz_0
    BUFGCTRL_X0Y0        BUFGCTRL (Prop_bufgctrl_I0_O)
                                                      0.091    -2.995 r  u_clk_wiz/inst/clkout2_buf/O
                         net (fo=421, routed)         1.445    -1.550    u_top_vga/u_draw_rect_char/clk40MHz
    SLICE_X8Y13          FDRE                                         r  u_top_vga/u_draw_rect_char/hcount_d2_reg[6]/C

Slack:                    inf
  Source:                 btnC
                            (input port)
  Destination:            u_top_vga/u_draw_rect_char/hcount_d2_reg[7]/CE
                            (rising edge-triggered cell FDRE clocked by clk40MHz_clk_wiz_0  {rise@0.000ns fall@12.500ns period=25.000ns})
  Path Group:             (none)
  Path Type:              Setup (Max at Slow Process Corner)
  Data Path Delay:        6.529ns  (logic 1.565ns (23.974%)  route 4.964ns (76.026%))
  Logic Levels:           2  (IBUF=1 LUT1=1)
  Clock Path Skew:        -1.550ns (DCD - SCD + CPR)
    Destination Clock Delay (DCD):    -1.550ns
    Source Clock Delay      (SCD):    0.000ns
    Clock Pessimism Removal (CPR):    0.000ns
  Clock Uncertainty:      0.182ns  ((TSJ^2 + DJ^2)^1/2) / 2 + PE
    Total System Jitter     (TSJ):    0.050ns
    Discrete Jitter          (DJ):    0.159ns
    Phase Error              (PE):    0.099ns

    Location             Delay type                Incr(ns)  Path(ns)    Netlist Resource(s)
  -------------------------------------------------------------------    -------------------
    U18                                               0.000     0.000 f  btnC (IN)
                         net (fo=0)                   0.000     0.000    btnC
    U18                  IBUF (Prop_ibuf_I_O)         1.441     1.441 f  btnC_IBUF_inst/O
                         net (fo=280, routed)         3.626     5.067    u_top_vga/u_draw_rect_char/btnC_IBUF
    SLICE_X9Y19          LUT1 (Prop_lut1_I0_O)        0.124     5.191 r  u_top_vga/u_draw_rect_char/load_tx_data_i_1/O
                         net (fo=69, routed)          1.338     6.529    u_top_vga/u_draw_rect_char/btnC
    SLICE_X8Y13          FDRE                                         r  u_top_vga/u_draw_rect_char/hcount_d2_reg[7]/CE
  -------------------------------------------------------------------    -------------------

                         (clock clk40MHz_clk_wiz_0 rise edge)
                                                      0.000     0.000 r  
    W5                                                0.000     0.000 r  clk (IN)
                         net (fo=0)                   0.000     0.000    u_clk_wiz/inst/clk
    W5                   IBUF (Prop_ibuf_I_O)         1.388     1.388 r  u_clk_wiz/inst/clkin1_ibufg/O
                         net (fo=1, routed)           1.162     2.550    u_clk_wiz/inst/clk_clk_wiz_0
    MMCME2_ADV_X1Y0      MMCME2_ADV (Prop_mmcme2_adv_CLKIN1_CLKOUT1)
                                                     -7.217    -4.668 r  u_clk_wiz/inst/mmcm_adv_inst/CLKOUT1
                         net (fo=2, routed)           1.581    -3.086    u_clk_wiz/inst/clk40MHz_clk_wiz_0
    BUFGCTRL_X0Y0        BUFGCTRL (Prop_bufgctrl_I0_O)
                                                      0.091    -2.995 r  u_clk_wiz/inst/clkout2_buf/O
                         net (fo=421, routed)         1.445    -1.550    u_top_vga/u_draw_rect_char/clk40MHz
    SLICE_X8Y13          FDRE                                         r  u_top_vga/u_draw_rect_char/hcount_d2_reg[7]/C





Min Delay Paths
--------------------------------------------------------------------------------------
Slack:                    inf
  Source:                 btnC
                            (input port)
  Destination:            u_top_vga/u_draw_rect/vga_out\\.rgb_reg[7]/CLR
                            (removal check against rising-edge clock clk40MHz_clk_wiz_0  {rise@0.000ns fall@12.500ns period=25.000ns})
  Path Group:             (none)
  Path Type:              Removal (Min at Fast Process Corner)
  Data Path Delay:        0.658ns  (logic 0.210ns (31.838%)  route 0.449ns (68.162%))
  Logic Levels:           1  (IBUF=1)
  Clock Path Skew:        -0.829ns (DCD - SCD - CPR)
    Destination Clock Delay (DCD):    -0.829ns
    Source Clock Delay      (SCD):    0.000ns
    Clock Pessimism Removal (CPR):    -0.000ns

    Location             Delay type                Incr(ns)  Path(ns)    Netlist Resource(s)
  -------------------------------------------------------------------    -------------------
    U18                                               0.000     0.000 f  btnC (IN)
                         net (fo=0)                   0.000     0.000    btnC
    U18                  IBUF (Prop_ibuf_I_O)         0.210     0.210 f  btnC_IBUF_inst/O
                         net (fo=280, routed)         0.449     0.658    u_top_vga/u_draw_rect/btnC_IBUF
    SLICE_X2Y13          FDCE                                         f  u_top_vga/u_draw_rect/vga_out\\.rgb_reg[7]/CLR
  -------------------------------------------------------------------    -------------------

                         (clock clk40MHz_clk_wiz_0 rise edge)
                                                      0.000     0.000 r  
    W5                                                0.000     0.000 r  clk (IN)
                         net (fo=0)                   0.000     0.000    u_clk_wiz/inst/clk
    W5                   IBUF (Prop_ibuf_I_O)         0.414     0.414 r  u_clk_wiz/inst/clkin1_ibufg/O
                         net (fo=1, routed)           0.480     0.894    u_clk_wiz/inst/clk_clk_wiz_0
    MMCME2_ADV_X1Y0      MMCME2_ADV (Prop_mmcme2_adv_CLKIN1_CLKOUT1)
                                                     -3.142    -2.248 r  u_clk_wiz/inst/mmcm_adv_inst/CLKOUT1
                         net (fo=2, routed)           0.530    -1.718    u_clk_wiz/inst/clk40MHz_clk_wiz_0
    BUFGCTRL_X0Y0        BUFGCTRL (Prop_bufgctrl_I0_O)
                                                      0.029    -1.689 r  u_clk_wiz/inst/clkout2_buf/O
                         net (fo=421, routed)         0.861    -0.829    u_top_vga/u_draw_rect/clk40MHz
    SLICE_X2Y13          FDCE                                         r  u_top_vga/u_draw_rect/vga_out\\.rgb_reg[7]/C

Slack:                    inf
  Source:                 btnC
                            (input port)
  Destination:            u_top_vga/u_draw_rect/vga_out\\.vblnk_reg/CLR
                            (removal check against rising-edge clock clk40MHz_clk_wiz_0  {rise@0.000ns fall@12.500ns period=25.000ns})
  Path Group:             (none)
  Path Type:              Removal (Min at Fast Process Corner)
  Data Path Delay:        0.658ns  (logic 0.210ns (31.838%)  route 0.449ns (68.162%))
  Logic Levels:           1  (IBUF=1)
  Clock Path Skew:        -0.829ns (DCD - SCD - CPR)
    Destination Clock Delay (DCD):    -0.829ns
    Source Clock Delay      (SCD):    0.000ns
    Clock Pessimism Removal (CPR):    -0.000ns

    Location             Delay type                Incr(ns)  Path(ns)    Netlist Resource(s)
  -------------------------------------------------------------------    -------------------
    U18                                               0.000     0.000 f  btnC (IN)
                         net (fo=0)                   0.000     0.000    btnC
    U18                  IBUF (Prop_ibuf_I_O)         0.210     0.210 f  btnC_IBUF_inst/O
                         net (fo=280, routed)         0.449     0.658    u_top_vga/u_draw_rect/btnC_IBUF
    SLICE_X2Y13          FDCE                                         f  u_top_vga/u_draw_rect/vga_out\\.vblnk_reg/CLR
  -------------------------------------------------------------------    -------------------

                         (clock clk40MHz_clk_wiz_0 rise edge)
                                                      0.000     0.000 r  
    W5                                                0.000     0.000 r  clk (IN)
                         net (fo=0)                   0.000     0.000    u_clk_wiz/inst/clk
    W5                   IBUF (Prop_ibuf_I_O)         0.414     0.414 r  u_clk_wiz/inst/clkin1_ibufg/O
                         net (fo=1, routed)           0.480     0.894    u_clk_wiz/inst/clk_clk_wiz_0
    MMCME2_ADV_X1Y0      MMCME2_ADV (Prop_mmcme2_adv_CLKIN1_CLKOUT1)
                                                     -3.142    -2.248 r  u_clk_wiz/inst/mmcm_adv_inst/CLKOUT1
                         net (fo=2, routed)           0.530    -1.718    u_clk_wiz/inst/clk40MHz_clk_wiz_0
    BUFGCTRL_X0Y0        BUFGCTRL (Prop_bufgctrl_I0_O)
                                                      0.029    -1.689 r  u_clk_wiz/inst/clkout2_buf/O
                         net (fo=421, routed)         0.861    -0.829    u_top_vga/u_draw_rect/clk40MHz
    SLICE_X2Y13          FDCE                                         r  u_top_vga/u_draw_rect/vga_out\\.vblnk_reg/C

Slack:                    inf
  Source:                 btnC
                            (input port)
  Destination:            u_top_vga/u_draw_rect_char/hblnk_d1_reg/R
                            (rising edge-triggered cell FDRE clocked by clk40MHz_clk_wiz_0  {rise@0.000ns fall@12.500ns period=25.000ns})
  Path Group:             (none)
  Path Type:              Hold (Min at Fast Process Corner)
  Data Path Delay:        0.762ns  (logic 0.210ns (27.490%)  route 0.553ns (72.510%))
  Logic Levels:           1  (IBUF=1)
  Clock Path Skew:        -0.830ns (DCD - SCD - CPR)
    Destination Clock Delay (DCD):    -0.830ns
    Source Clock Delay      (SCD):    0.000ns
    Clock Pessimism Removal (CPR):    -0.000ns

    Location             Delay type                Incr(ns)  Path(ns)    Netlist Resource(s)
  -------------------------------------------------------------------    -------------------
    U18                                               0.000     0.000 r  btnC (IN)
                         net (fo=0)                   0.000     0.000    btnC
    U18                  IBUF (Prop_ibuf_I_O)         0.210     0.210 r  btnC_IBUF_inst/O
                         net (fo=280, routed)         0.553     0.762    u_top_vga/u_draw_rect_char/btnC_IBUF
    SLICE_X2Y15          FDRE                                         r  u_top_vga/u_draw_rect_char/hblnk_d1_reg/R
  -------------------------------------------------------------------    -------------------

                         (clock clk40MHz_clk_wiz_0 rise edge)
                                                      0.000     0.000 r  
    W5                                                0.000     0.000 r  clk (IN)
                         net (fo=0)                   0.000     0.000    u_clk_wiz/inst/clk
    W5                   IBUF (Prop_ibuf_I_O)         0.414     0.414 r  u_clk_wiz/inst/clkin1_ibufg/O
                         net (fo=1, routed)           0.480     0.894    u_clk_wiz/inst/clk_clk_wiz_0
    MMCME2_ADV_X1Y0      MMCME2_ADV (Prop_mmcme2_adv_CLKIN1_CLKOUT1)
                                                     -3.142    -2.248 r  u_clk_wiz/inst/mmcm_adv_inst/CLKOUT1
                         net (fo=2, routed)           0.530    -1.718    u_clk_wiz/inst/clk40MHz_clk_wiz_0
    BUFGCTRL_X0Y0        BUFGCTRL (Prop_bufgctrl_I0_O)
                                                      0.029    -1.689 r  u_clk_wiz/inst/clkout2_buf/O
                         net (fo=421, routed)         0.860    -0.830    u_top_vga/u_draw_rect_char/clk40MHz
    SLICE_X2Y15          FDRE                                         r  u_top_vga/u_draw_rect_char/hblnk_d1_reg/C

Slack:                    inf
  Source:                 btnC
                            (input port)
  Destination:            u_top_vga/u_draw_rect_char/hblnk_d2_reg/R
                            (rising edge-triggered cell FDRE clocked by clk40MHz_clk_wiz_0  {rise@0.000ns fall@12.500ns period=25.000ns})
  Path Group:             (none)
  Path Type:              Hold (Min at Fast Process Corner)
  Data Path Delay:        0.762ns  (logic 0.210ns (27.490%)  route 0.553ns (72.510%))
  Logic Levels:           1  (IBUF=1)
  Clock Path Skew:        -0.830ns (DCD - SCD - CPR)
    Destination Clock Delay (DCD):    -0.830ns
    Source Clock Delay      (SCD):    0.000ns
    Clock Pessimism Removal (CPR):    -0.000ns

    Location             Delay type                Incr(ns)  Path(ns)    Netlist Resource(s)
  -------------------------------------------------------------------    -------------------
    U18                                               0.000     0.000 r  btnC (IN)
                         net (fo=0)                   0.000     0.000    btnC
    U18                  IBUF (Prop_ibuf_I_O)         0.210     0.210 r  btnC_IBUF_inst/O
                         net (fo=280, routed)         0.553     0.762    u_top_vga/u_draw_rect_char/btnC_IBUF
    SLICE_X2Y15          FDRE                                         r  u_top_vga/u_draw_rect_char/hblnk_d2_reg/R
  -------------------------------------------------------------------    -------------------

                         (clock clk40MHz_clk_wiz_0 rise edge)
                                                      0.000     0.000 r  
    W5                                                0.000     0.000 r  clk (IN)
                         net (fo=0)                   0.000     0.000    u_clk_wiz/inst/clk
    W5                   IBUF (Prop_ibuf_I_O)         0.414     0.414 r  u_clk_wiz/inst/clkin1_ibufg/O
                         net (fo=1, routed)           0.480     0.894    u_clk_wiz/inst/clk_clk_wiz_0
    MMCME2_ADV_X1Y0      MMCME2_ADV (Prop_mmcme2_adv_CLKIN1_CLKOUT1)
                                                     -3.142    -2.248 r  u_clk_wiz/inst/mmcm_adv_inst/CLKOUT1
                         net (fo=2, routed)           0.530    -1.718    u_clk_wiz/inst/clk40MHz_clk_wiz_0
    BUFGCTRL_X0Y0        BUFGCTRL (Prop_bufgctrl_I0_O)
                                                      0.029    -1.689 r  u_clk_wiz/inst/clkout2_buf/O
                         net (fo=421, routed)         0.860    -0.830    u_top_vga/u_draw_rect_char/clk40MHz
    SLICE_X2Y15          FDRE                                         r  u_top_vga/u_draw_rect_char/hblnk_d2_reg/C

Slack:                    inf
  Source:                 btnC
                            (input port)
  Destination:            u_top_vga/u_draw_rect/vga_out\\.hblnk_reg/CLR
                            (removal check against rising-edge clock clk40MHz_clk_wiz_0  {rise@0.000ns fall@12.500ns period=25.000ns})
  Path Group:             (none)
  Path Type:              Removal (Min at Fast Process Corner)
  Data Path Delay:        0.800ns  (logic 0.210ns (26.205%)  route 0.590ns (73.795%))
  Logic Levels:           1  (IBUF=1)
  Clock Path Skew:        -0.828ns (DCD - SCD - CPR)
    Destination Clock Delay (DCD):    -0.828ns
    Source Clock Delay      (SCD):    0.000ns
    Clock Pessimism Removal (CPR):    -0.000ns

    Location             Delay type                Incr(ns)  Path(ns)    Netlist Resource(s)
  -------------------------------------------------------------------    -------------------
    U18                                               0.000     0.000 f  btnC (IN)
                         net (fo=0)                   0.000     0.000    btnC
    U18                  IBUF (Prop_ibuf_I_O)         0.210     0.210 f  btnC_IBUF_inst/O
                         net (fo=280, routed)         0.590     0.800    u_top_vga/u_draw_rect/btnC_IBUF
    SLICE_X2Y12          FDCE                                         f  u_top_vga/u_draw_rect/vga_out\\.hblnk_reg/CLR
  -------------------------------------------------------------------    -------------------

                         (clock clk40MHz_clk_wiz_0 rise edge)
                                                      0.000     0.000 r  
    W5                                                0.000     0.000 r  clk (IN)
                         net (fo=0)                   0.000     0.000    u_clk_wiz/inst/clk
    W5                   IBUF (Prop_ibuf_I_O)         0.414     0.414 r  u_clk_wiz/inst/clkin1_ibufg/O
                         net (fo=1, routed)           0.480     0.894    u_clk_wiz/inst/clk_clk_wiz_0
    MMCME2_ADV_X1Y0      MMCME2_ADV (Prop_mmcme2_adv_CLKIN1_CLKOUT1)
                                                     -3.142    -2.248 r  u_clk_wiz/inst/mmcm_adv_inst/CLKOUT1
                         net (fo=2, routed)           0.530    -1.718    u_clk_wiz/inst/clk40MHz_clk_wiz_0
    BUFGCTRL_X0Y0        BUFGCTRL (Prop_bufgctrl_I0_O)
                                                      0.029    -1.689 r  u_clk_wiz/inst/clkout2_buf/O
                         net (fo=421, routed)         0.862    -0.828    u_top_vga/u_draw_rect/clk40MHz
    SLICE_X2Y12          FDCE                                         r  u_top_vga/u_draw_rect/vga_out\\.hblnk_reg/C

Slack:                    inf
  Source:                 btnC
                            (input port)
  Destination:            u_top_vga/u_draw_rect/vga_out\\.rgb_reg[5]/CLR
                            (removal check against rising-edge clock clk40MHz_clk_wiz_0  {rise@0.000ns fall@12.500ns period=25.000ns})
  Path Group:             (none)
  Path Type:              Removal (Min at Fast Process Corner)
  Data Path Delay:        0.800ns  (logic 0.210ns (26.205%)  route 0.590ns (73.795%))
  Logic Levels:           1  (IBUF=1)
  Clock Path Skew:        -0.828ns (DCD - SCD - CPR)
    Destination Clock Delay (DCD):    -0.828ns
    Source Clock Delay      (SCD):    0.000ns
    Clock Pessimism Removal (CPR):    -0.000ns

    Location             Delay type                Incr(ns)  Path(ns)    Netlist Resource(s)
  -------------------------------------------------------------------    -------------------
    U18                                               0.000     0.000 f  btnC (IN)
                         net (fo=0)                   0.000     0.000    btnC
    U18                  IBUF (Prop_ibuf_I_O)         0.210     0.210 f  btnC_IBUF_inst/O
                         net (fo=280, routed)         0.590     0.800    u_top_vga/u_draw_rect/btnC_IBUF
    SLICE_X2Y12          FDCE                                         f  u_top_vga/u_draw_rect/vga_out\\.rgb_reg[5]/CLR
  -------------------------------------------------------------------    -------------------

                         (clock clk40MHz_clk_wiz_0 rise edge)
                                                      0.000     0.000 r  
    W5                                                0.000     0.000 r  clk (IN)
                         net (fo=0)                   0.000     0.000    u_clk_wiz/inst/clk
    W5                   IBUF (Prop_ibuf_I_O)         0.414     0.414 r  u_clk_wiz/inst/clkin1_ibufg/O
                         net (fo=1, routed)           0.480     0.894    u_clk_wiz/inst/clk_clk_wiz_0
    MMCME2_ADV_X1Y0      MMCME2_ADV (Prop_mmcme2_adv_CLKIN1_CLKOUT1)
                                                     -3.142    -2.248 r  u_clk_wiz/inst/mmcm_adv_inst/CLKOUT1
                         net (fo=2, routed)           0.530    -1.718    u_clk_wiz/inst/clk40MHz_clk_wiz_0
    BUFGCTRL_X0Y0        BUFGCTRL (Prop_bufgctrl_I0_O)
                                                      0.029    -1.689 r  u_clk_wiz/inst/clkout2_buf/O
                         net (fo=421, routed)         0.862    -0.828    u_top_vga/u_draw_rect/clk40MHz
    SLICE_X2Y12          FDCE                                         r  u_top_vga/u_draw_rect/vga_out\\.rgb_reg[5]/C

Slack:                    inf
  Source:                 btnC
                            (input port)
  Destination:            u_top_vga/u_draw_rect/vga_out\\.rgb_reg[6]/CLR
                            (removal check against rising-edge clock clk40MHz_clk_wiz_0  {rise@0.000ns fall@12.500ns period=25.000ns})
  Path Group:             (none)
  Path Type:              Removal (Min at Fast Process Corner)
  Data Path Delay:        0.800ns  (logic 0.210ns (26.205%)  route 0.590ns (73.795%))
  Logic Levels:           1  (IBUF=1)
  Clock Path Skew:        -0.828ns (DCD - SCD - CPR)
    Destination Clock Delay (DCD):    -0.828ns
    Source Clock Delay      (SCD):    0.000ns
    Clock Pessimism Removal (CPR):    -0.000ns

    Location             Delay type                Incr(ns)  Path(ns)    Netlist Resource(s)
  -------------------------------------------------------------------    -------------------
    U18                                               0.000     0.000 f  btnC (IN)
                         net (fo=0)                   0.000     0.000    btnC
    U18                  IBUF (Prop_ibuf_I_O)         0.210     0.210 f  btnC_IBUF_inst/O
                         net (fo=280, routed)         0.590     0.800    u_top_vga/u_draw_rect/btnC_IBUF
    SLICE_X2Y12          FDCE                                         f  u_top_vga/u_draw_rect/vga_out\\.rgb_reg[6]/CLR
  -------------------------------------------------------------------    -------------------

                         (clock clk40MHz_clk_wiz_0 rise edge)
                                                      0.000     0.000 r  
    W5                                                0.000     0.000 r  clk (IN)
                         net (fo=0)                   0.000     0.000    u_clk_wiz/inst/clk
    W5                   IBUF (Prop_ibuf_I_O)         0.414     0.414 r  u_clk_wiz/inst/clkin1_ibufg/O
                         net (fo=1, routed)           0.480     0.894    u_clk_wiz/inst/clk_clk_wiz_0
    MMCME2_ADV_X1Y0      MMCME2_ADV (Prop_mmcme2_adv_CLKIN1_CLKOUT1)
                                                     -3.142    -2.248 r  u_clk_wiz/inst/mmcm_adv_inst/CLKOUT1
                         net (fo=2, routed)           0.530    -1.718    u_clk_wiz/inst/clk40MHz_clk_wiz_0
    BUFGCTRL_X0Y0        BUFGCTRL (Prop_bufgctrl_I0_O)
                                                      0.029    -1.689 r  u_clk_wiz/inst/clkout2_buf/O
                         net (fo=421, routed)         0.862    -0.828    u_top_vga/u_draw_rect/clk40MHz
    SLICE_X2Y12          FDCE                                         r  u_top_vga/u_draw_rect/vga_out\\.rgb_reg[6]/C

Slack:                    inf
  Source:                 btnC
                            (input port)
  Destination:            u_top_vga/u_draw_rect/vga_out\\.hcount_reg[5]/CLR
                            (removal check against rising-edge clock clk40MHz_clk_wiz_0  {rise@0.000ns fall@12.500ns period=25.000ns})
  Path Group:             (none)
  Path Type:              Removal (Min at Fast Process Corner)
  Data Path Delay:        0.930ns  (logic 0.210ns (22.529%)  route 0.720ns (77.471%))
  Logic Levels:           1  (IBUF=1)
  Clock Path Skew:        -0.830ns (DCD - SCD - CPR)
    Destination Clock Delay (DCD):    -0.830ns
    Source Clock Delay      (SCD):    0.000ns
    Clock Pessimism Removal (CPR):    -0.000ns

    Location             Delay type                Incr(ns)  Path(ns)    Netlist Resource(s)
  -------------------------------------------------------------------    -------------------
    U18                                               0.000     0.000 f  btnC (IN)
                         net (fo=0)                   0.000     0.000    btnC
    U18                  IBUF (Prop_ibuf_I_O)         0.210     0.210 f  btnC_IBUF_inst/O
                         net (fo=280, routed)         0.720     0.930    u_top_vga/u_draw_rect/btnC_IBUF
    SLICE_X6Y12          FDCE                                         f  u_top_vga/u_draw_rect/vga_out\\.hcount_reg[5]/CLR
  -------------------------------------------------------------------    -------------------

                         (clock clk40MHz_clk_wiz_0 rise edge)
                                                      0.000     0.000 r  
    W5                                                0.000     0.000 r  clk (IN)
                         net (fo=0)                   0.000     0.000    u_clk_wiz/inst/clk
    W5                   IBUF (Prop_ibuf_I_O)         0.414     0.414 r  u_clk_wiz/inst/clkin1_ibufg/O
                         net (fo=1, routed)           0.480     0.894    u_clk_wiz/inst/clk_clk_wiz_0
    MMCME2_ADV_X1Y0      MMCME2_ADV (Prop_mmcme2_adv_CLKIN1_CLKOUT1)
                                                     -3.142    -2.248 r  u_clk_wiz/inst/mmcm_adv_inst/CLKOUT1
                         net (fo=2, routed)           0.530    -1.718    u_clk_wiz/inst/clk40MHz_clk_wiz_0
    BUFGCTRL_X0Y0        BUFGCTRL (Prop_bufgctrl_I0_O)
                                                      0.029    -1.689 r  u_clk_wiz/inst/clkout2_buf/O
                         net (fo=421, routed)         0.860    -0.830    u_top_vga/u_draw_rect/clk40MHz
    SLICE_X6Y12          FDCE                                         r  u_top_vga/u_draw_rect/vga_out\\.hcount_reg[5]/C

Slack:                    inf
  Source:                 btnC
                            (input port)
  Destination:            u_top_vga/u_draw_rect/vga_out\\.hcount_reg[7]/CLR
                            (removal check against rising-edge clock clk40MHz_clk_wiz_0  {rise@0.000ns fall@12.500ns period=25.000ns})
  Path Group:             (none)
  Path Type:              Removal (Min at Fast Process Corner)
  Data Path Delay:        0.930ns  (logic 0.210ns (22.529%)  route 0.720ns (77.471%))
  Logic Levels:           1  (IBUF=1)
  Clock Path Skew:        -0.830ns (DCD - SCD - CPR)
    Destination Clock Delay (DCD):    -0.830ns
    Source Clock Delay      (SCD):    0.000ns
    Clock Pessimism Removal (CPR):    -0.000ns

    Location             Delay type                Incr(ns)  Path(ns)    Netlist Resource(s)
  -------------------------------------------------------------------    -------------------
    U18                                               0.000     0.000 f  btnC (IN)
                         net (fo=0)                   0.000     0.000    btnC
    U18                  IBUF (Prop_ibuf_I_O)         0.210     0.210 f  btnC_IBUF_inst/O
                         net (fo=280, routed)         0.720     0.930    u_top_vga/u_draw_rect/btnC_IBUF
    SLICE_X6Y12          FDCE                                         f  u_top_vga/u_draw_rect/vga_out\\.hcount_reg[7]/CLR
  -------------------------------------------------------------------    -------------------

                         (clock clk40MHz_clk_wiz_0 rise edge)
                                                      0.000     0.000 r  
    W5                                                0.000     0.000 r  clk (IN)
                         net (fo=0)                   0.000     0.000    u_clk_wiz/inst/clk
    W5                   IBUF (Prop_ibuf_I_O)         0.414     0.414 r  u_clk_wiz/inst/clkin1_ibufg/O
                         net (fo=1, routed)           0.480     0.894    u_clk_wiz/inst/clk_clk_wiz_0
    MMCME2_ADV_X1Y0      MMCME2_ADV (Prop_mmcme2_adv_CLKIN1_CLKOUT1)
                                                     -3.142    -2.248 r  u_clk_wiz/inst/mmcm_adv_inst/CLKOUT1
                         net (fo=2, routed)           0.530    -1.718    u_clk_wiz/inst/clk40MHz_clk_wiz_0
    BUFGCTRL_X0Y0        BUFGCTRL (Prop_bufgctrl_I0_O)
                                                      0.029    -1.689 r  u_clk_wiz/inst/clkout2_buf/O
                         net (fo=421, routed)         0.860    -0.830    u_top_vga/u_draw_rect/clk40MHz
    SLICE_X6Y12          FDCE                                         r  u_top_vga/u_draw_rect/vga_out\\.hcount_reg[7]/C

Slack:                    inf
  Source:                 btnC
                            (input port)
  Destination:            u_top_vga/u_draw_rect/vga_out\\.rgb_reg[0]/CLR
                            (removal check against rising-edge clock clk40MHz_clk_wiz_0  {rise@0.000ns fall@12.500ns period=25.000ns})
  Path Group:             (none)
  Path Type:              Removal (Min at Fast Process Corner)
  Data Path Delay:        0.930ns  (logic 0.210ns (22.529%)  route 0.720ns (77.471%))
  Logic Levels:           1  (IBUF=1)
  Clock Path Skew:        -0.830ns (DCD - SCD - CPR)
    Destination Clock Delay (DCD):    -0.830ns
    Source Clock Delay      (SCD):    0.000ns
    Clock Pessimism Removal (CPR):    -0.000ns

    Location             Delay type                Incr(ns)  Path(ns)    Netlist Resource(s)
  -------------------------------------------------------------------    -------------------
    U18                                               0.000     0.000 f  btnC (IN)
                         net (fo=0)                   0.000     0.000    btnC
    U18                  IBUF (Prop_ibuf_I_O)         0.210     0.210 f  btnC_IBUF_inst/O
                         net (fo=280, routed)         0.720     0.930    u_top_vga/u_draw_rect/btnC_IBUF
    SLICE_X6Y12          FDCE                                         f  u_top_vga/u_draw_rect/vga_out\\.rgb_reg[0]/CLR
  -------------------------------------------------------------------    -------------------

                         (clock clk40MHz_clk_wiz_0 rise edge)
                                                      0.000     0.000 r  
    W5                                                0.000     0.000 r  clk (IN)
                         net (fo=0)                   0.000     0.000    u_clk_wiz/inst/clk
    W5                   IBUF (Prop_ibuf_I_O)         0.414     0.414 r  u_clk_wiz/inst/clkin1_ibufg/O
                         net (fo=1, routed)           0.480     0.894    u_clk_wiz/inst/clk_clk_wiz_0
    MMCME2_ADV_X1Y0      MMCME2_ADV (Prop_mmcme2_adv_CLKIN1_CLKOUT1)
                                                     -3.142    -2.248 r  u_clk_wiz/inst/mmcm_adv_inst/CLKOUT1
                         net (fo=2, routed)           0.530    -1.718    u_clk_wiz/inst/clk40MHz_clk_wiz_0
    BUFGCTRL_X0Y0        BUFGCTRL (Prop_bufgctrl_I0_O)
                                                      0.029    -1.689 r  u_clk_wiz/inst/clkout2_buf/O
                         net (fo=421, routed)         0.860    -0.830    u_top_vga/u_draw_rect/clk40MHz
    SLICE_X6Y12          FDCE                                         r  u_top_vga/u_draw_rect/vga_out\\.rgb_reg[0]/C





