#-----------------------------------------------------------
# Vivado v2021.2 (64-bit)
# SW Build 3367213 on Tue Oct 19 02:47:39 MDT 2021
# IP Build 3369179 on Thu Oct 21 08:25:16 MDT 2021
# Start of session at: Sun Aug 30 09:00:02 2026
# Process ID: 710
# Current directory: /home/student/jwojciechowska/Desktop/projekt_cymbergaj_JW_KH-projekt_gra/fpga
# Command line: vivado -mode tcl -source scripts/generate_bitstream.tcl
# Log file: /home/student/jwojciechowska/Desktop/projekt_cymbergaj_JW_KH-projekt_gra/fpga/vivado.log
# Journal file: /home/student/jwojciechowska/Desktop/projekt_cymbergaj_JW_KH-projekt_gra/fpga/vivado.jou
# Running On: cadence30, OS: Linux, CPU Frequency: 3710.156 MHz, CPU Physical cores: 4, Host memory: 16720 MB
#-----------------------------------------------------------
source scripts/generate_bitstream.tcl
# source scripts/project_details.tcl
## set project_name airhockey_project
## set top_module top_airhockey_basys3
## set target xc7a35tcpg236-1
## set xdc_files {
##     constraints/top_airhockey_basys3.xdc
##     constraints/clk_wiz_0.xdc
##     constraints/clk_wiz_0_late.xdc
##     constraints/top_airhockey_basys3.xdc
## }
## set sv_files {
##     ../rtl/comm/link_rx_ctl.sv
##     ../rtl/comm/link_tx_ctl.sv 
##     ../rtl/comm/uart_rx.sv 
##     ../rtl/comm/uart_tx.sv 
## 
##     ../rtl/common/btn_edge.sv
##     ../rtl/common/rst_ctl.sv
## 
##     ../rtl/draw/char_rom.sv
##     ../rtl/draw/draw_bg.sv
##     ../rtl/draw/draw_button.sv
##     ../rtl/draw/draw_circle.sv
##     ../rtl/draw/draw_digit.sv
##     ../rtl/draw/draw_menu_bg.sv
##     ../rtl/draw/draw_mouse.sv
##     ../rtl/draw/draw_rect_char.sv
##     ../rtl/draw/draw_rink.sv
##     ../rtl/draw/font_rom.sv
## 
##     
##     ../rtl/game/game_fsm.sv
##     ../rtl/game/game_pkg.sv
##     ../rtl/game/menu_ctl.sv
##     ../rtl/game/paddle_ctl.sv
##     ../rtl/game/paddle2_ai.sv
##     ../rtl/game/puck_ctl.sv
##     ../rtl/game/score_ctl.sv
##     ../rtl/game/settings_ctl.sv
## 
## 
##     ../rtl/vga/frame_tick_gen.sv
##     ../rtl/vga/vga_if.sv
##     ../rtl/vga/vga_pkg.sv
##     ../rtl/vga/vga_timing.sv
##     
##     ../rtl/top_airhockey.sv
## 
##     rtl/top_airhockey_basys3.sv
## }
## set verilog_files {
##      ../fpga/rtl/clk_wiz_0.v
##      ../fpga/rtl/clk_wiz_0_clk_wiz.v
##  }
## set vhdl_files {
##     ../fpga/rtl/MouseCtl.vhd
##     ../fpga/rtl/MouseDisplay.vhd
##     ../fpga/rtl/Ps2Interface.vhd
##  }
# proc create_new_project {project_name target top_module} {
#     file mkdir build
#     create_project ${project_name} build -part ${target} -force
# 
#     # read files from the variables provided by the project_details.tcl
#     if {[info exists ::xdc_files]}     {read_xdc ${::xdc_files}}
#     if {[info exists ::sv_files]}      {read_verilog -sv ${::sv_files}}
#     if {[info exists ::verilog_files]} {read_verilog ${::verilog_files}}
#     if {[info exists ::vhdl_files]}    {read_vhdl ${::vhdl_files}}
#     if {[info exists ::mem_files]}     {read_mem ${::mem_files}}
# 
#     set_property top ${top_module} [current_fileset]
#     update_compile_order -fileset sources_1
# }
# proc generate_bitstream {} {
#     # Run synthesis
#     reset_run synth_1
#     launch_runs synth_1 -jobs 8
#     wait_on_run synth_1
# 
#     # Run implemenatation up to bitstream generation
#     launch_runs impl_1 -to_step write_bitstream -jobs 8
#     wait_on_run impl_1
# }
# create_new_project $project_name $target $top_module
WARNING: [filemgmt 56-128] File '/home/student/jwojciechowska/Desktop/projekt_cymbergaj_JW_KH-projekt_gra/fpga/constraints/top_airhockey_basys3.xdc' is already in the project and will not be added again
# generate_bitstream
WARNING: [Vivado 12-7122] Auto Incremental Compile:: No reference checkpoint was found in run synth_1. Auto-incremental flow will not be run, the standard flow will be run instead.
[Sun Aug 30 09:00:17 2026] Launched synth_1...
Run output will be captured here: /home/student/jwojciechowska/Desktop/projekt_cymbergaj_JW_KH-projekt_gra/fpga/build/airhockey_project.runs/synth_1/runme.log
[Sun Aug 30 09:00:17 2026] Waiting for synth_1 to finish...

*** Running vivado
    with args -log top_airhockey_basys3.vds -m64 -product Vivado -mode batch -messageDb vivado.pb -notrace -source top_airhockey_basys3.tcl


****** Vivado v2021.2 (64-bit)
  **** SW Build 3367213 on Tue Oct 19 02:47:39 MDT 2021
  **** IP Build 3369179 on Thu Oct 21 08:25:16 MDT 2021
    ** Copyright 1986-2021 Xilinx, Inc. All Rights Reserved.

source top_airhockey_basys3.tcl -notrace
Command: synth_design -top top_airhockey_basys3 -part xc7a35tcpg236-1
Starting synth_design
Attempting to get a license for feature 'Synthesis' and/or device 'xc7a35t'
INFO: [Common 17-349] Got license for feature 'Synthesis' and/or device 'xc7a35t'
INFO: [Device 21-403] Loading part xc7a35tcpg236-1
INFO: [Synth 8-7079] Multithreading enabled for synth_design using a maximum of 4 processes.
INFO: [Synth 8-7078] Launching helper process for spawning children vivado processes
INFO: [Synth 8-7075] Helper process launched with PID 1473
---------------------------------------------------------------------------------
Starting RTL Elaboration : Time (s): cpu = 00:00:03 ; elapsed = 00:00:03 . Memory (MB): peak = 2717.820 ; gain = 0.000 ; free physical = 5234 ; free virtual = 13080
---------------------------------------------------------------------------------
INFO: [Synth 8-6157] synthesizing module 'top_airhockey_basys3' [/home/student/jwojciechowska/Desktop/projekt_cymbergaj_JW_KH-projekt_gra/fpga/rtl/top_airhockey_basys3.sv:7]
INFO: [Synth 8-6157] synthesizing module 'clk_wiz_0' [/home/student/jwojciechowska/Desktop/projekt_cymbergaj_JW_KH-projekt_gra/fpga/rtl/clk_wiz_0.v:71]
INFO: [Synth 8-6157] synthesizing module 'clk_wiz_0_clk_wiz' [/home/student/jwojciechowska/Desktop/projekt_cymbergaj_JW_KH-projekt_gra/fpga/rtl/clk_wiz_0_clk_wiz.v:68]
INFO: [Synth 8-6157] synthesizing module 'IBUF' [/home_local/Xilinx/Vivado/2021.2/scripts/rt/data/unisim_comp.v:55204]
INFO: [Synth 8-6155] done synthesizing module 'IBUF' (1#1) [/home_local/Xilinx/Vivado/2021.2/scripts/rt/data/unisim_comp.v:55204]
INFO: [Synth 8-6157] synthesizing module 'MMCME2_ADV' [/home_local/Xilinx/Vivado/2021.2/scripts/rt/data/unisim_comp.v:63510]
	Parameter BANDWIDTH bound to: OPTIMIZED - type: string 
	Parameter CLKFBOUT_MULT_F bound to: 6.500000 - type: double 
	Parameter CLKFBOUT_PHASE bound to: 0.000000 - type: double 
	Parameter CLKFBOUT_USE_FINE_PS bound to: FALSE - type: string 
	Parameter CLKIN1_PERIOD bound to: 10.000000 - type: double 
	Parameter CLKOUT0_DIVIDE_F bound to: 6.500000 - type: double 
	Parameter CLKOUT0_DUTY_CYCLE bound to: 0.500000 - type: double 
	Parameter CLKOUT0_PHASE bound to: 0.000000 - type: double 
	Parameter CLKOUT0_USE_FINE_PS bound to: FALSE - type: string 
	Parameter CLKOUT1_DIVIDE bound to: 10 - type: integer 
	Parameter CLKOUT1_DUTY_CYCLE bound to: 0.500000 - type: double 
	Parameter CLKOUT1_PHASE bound to: 0.000000 - type: double 
	Parameter CLKOUT1_USE_FINE_PS bound to: FALSE - type: string 
	Parameter CLKOUT4_CASCADE bound to: FALSE - type: string 
	Parameter COMPENSATION bound to: ZHOLD - type: string 
	Parameter DIVCLK_DIVIDE bound to: 1 - type: integer 
	Parameter STARTUP_WAIT bound to: FALSE - type: string 
INFO: [Synth 8-6155] done synthesizing module 'MMCME2_ADV' (2#1) [/home_local/Xilinx/Vivado/2021.2/scripts/rt/data/unisim_comp.v:63510]
INFO: [Synth 8-6157] synthesizing module 'BUFG' [/home_local/Xilinx/Vivado/2021.2/scripts/rt/data/unisim_comp.v:1083]
INFO: [Synth 8-6155] done synthesizing module 'BUFG' (3#1) [/home_local/Xilinx/Vivado/2021.2/scripts/rt/data/unisim_comp.v:1083]
INFO: [Synth 8-6157] synthesizing module 'BUFGCE' [/home_local/Xilinx/Vivado/2021.2/scripts/rt/data/unisim_comp.v:1093]
INFO: [Synth 8-6155] done synthesizing module 'BUFGCE' (4#1) [/home_local/Xilinx/Vivado/2021.2/scripts/rt/data/unisim_comp.v:1093]
INFO: [Synth 8-6157] synthesizing module 'BUFH' [/home_local/Xilinx/Vivado/2021.2/scripts/rt/data/unisim_comp.v:1319]
INFO: [Synth 8-6155] done synthesizing module 'BUFH' (5#1) [/home_local/Xilinx/Vivado/2021.2/scripts/rt/data/unisim_comp.v:1319]
INFO: [Synth 8-6155] done synthesizing module 'clk_wiz_0_clk_wiz' (6#1) [/home/student/jwojciechowska/Desktop/projekt_cymbergaj_JW_KH-projekt_gra/fpga/rtl/clk_wiz_0_clk_wiz.v:68]
INFO: [Synth 8-6155] done synthesizing module 'clk_wiz_0' (7#1) [/home/student/jwojciechowska/Desktop/projekt_cymbergaj_JW_KH-projekt_gra/fpga/rtl/clk_wiz_0.v:71]
INFO: [Synth 8-6157] synthesizing module 'ODDR' [/home_local/Xilinx/Vivado/2021.2/scripts/rt/data/unisim_comp.v:74749]
INFO: [Synth 8-6155] done synthesizing module 'ODDR' (8#1) [/home_local/Xilinx/Vivado/2021.2/scripts/rt/data/unisim_comp.v:74749]
INFO: [Synth 8-6157] synthesizing module 'top_airhockey' [/home/student/jwojciechowska/Desktop/projekt_cymbergaj_JW_KH-projekt_gra/rtl/top_airhockey.sv:10]
INFO: [Synth 8-6157] synthesizing module 'rst_ctl' [/home/student/jwojciechowska/Desktop/projekt_cymbergaj_JW_KH-projekt_gra/rtl/common/rst_ctl.sv:9]
INFO: [Synth 8-6155] done synthesizing module 'rst_ctl' (9#1) [/home/student/jwojciechowska/Desktop/projekt_cymbergaj_JW_KH-projekt_gra/rtl/common/rst_ctl.sv:9]
INFO: [Synth 8-6157] synthesizing module 'btn_edge' [/home/student/jwojciechowska/Desktop/projekt_cymbergaj_JW_KH-projekt_gra/rtl/common/btn_edge.sv:9]
INFO: [Synth 8-6155] done synthesizing module 'btn_edge' (10#1) [/home/student/jwojciechowska/Desktop/projekt_cymbergaj_JW_KH-projekt_gra/rtl/common/btn_edge.sv:9]
INFO: [Synth 8-6157] synthesizing module 'vga_if' [/home/student/jwojciechowska/Desktop/projekt_cymbergaj_JW_KH-projekt_gra/rtl/vga/vga_if.sv:1]
INFO: [Synth 8-6155] done synthesizing module 'vga_if' (10#1) [/home/student/jwojciechowska/Desktop/projekt_cymbergaj_JW_KH-projekt_gra/rtl/vga/vga_if.sv:1]
INFO: [Synth 8-6157] synthesizing module 'vga_if' [/home/student/jwojciechowska/Desktop/projekt_cymbergaj_JW_KH-projekt_gra/rtl/vga/vga_if.sv:1]
INFO: [Synth 8-6155] done synthesizing module 'vga_if' (10#1) [/home/student/jwojciechowska/Desktop/projekt_cymbergaj_JW_KH-projekt_gra/rtl/vga/vga_if.sv:1]
INFO: [Synth 8-6157] synthesizing module 'vga_if' [/home/student/jwojciechowska/Desktop/projekt_cymbergaj_JW_KH-projekt_gra/rtl/vga/vga_if.sv:1]
INFO: [Synth 8-6155] done synthesizing module 'vga_if' (10#1) [/home/student/jwojciechowska/Desktop/projekt_cymbergaj_JW_KH-projekt_gra/rtl/vga/vga_if.sv:1]
INFO: [Synth 8-6157] synthesizing module 'vga_if' [/home/student/jwojciechowska/Desktop/projekt_cymbergaj_JW_KH-projekt_gra/rtl/vga/vga_if.sv:1]
INFO: [Synth 8-6155] done synthesizing module 'vga_if' (10#1) [/home/student/jwojciechowska/Desktop/projekt_cymbergaj_JW_KH-projekt_gra/rtl/vga/vga_if.sv:1]
INFO: [Synth 8-6157] synthesizing module 'vga_if' [/home/student/jwojciechowska/Desktop/projekt_cymbergaj_JW_KH-projekt_gra/rtl/vga/vga_if.sv:1]
INFO: [Synth 8-6155] done synthesizing module 'vga_if' (10#1) [/home/student/jwojciechowska/Desktop/projekt_cymbergaj_JW_KH-projekt_gra/rtl/vga/vga_if.sv:1]
INFO: [Synth 8-6157] synthesizing module 'vga_if' [/home/student/jwojciechowska/Desktop/projekt_cymbergaj_JW_KH-projekt_gra/rtl/vga/vga_if.sv:1]
INFO: [Synth 8-6155] done synthesizing module 'vga_if' (10#1) [/home/student/jwojciechowska/Desktop/projekt_cymbergaj_JW_KH-projekt_gra/rtl/vga/vga_if.sv:1]
INFO: [Synth 8-6157] synthesizing module 'vga_if' [/home/student/jwojciechowska/Desktop/projekt_cymbergaj_JW_KH-projekt_gra/rtl/vga/vga_if.sv:1]
INFO: [Synth 8-6155] done synthesizing module 'vga_if' (10#1) [/home/student/jwojciechowska/Desktop/projekt_cymbergaj_JW_KH-projekt_gra/rtl/vga/vga_if.sv:1]
INFO: [Synth 8-6157] synthesizing module 'vga_if' [/home/student/jwojciechowska/Desktop/projekt_cymbergaj_JW_KH-projekt_gra/rtl/vga/vga_if.sv:1]
INFO: [Synth 8-6155] done synthesizing module 'vga_if' (10#1) [/home/student/jwojciechowska/Desktop/projekt_cymbergaj_JW_KH-projekt_gra/rtl/vga/vga_if.sv:1]
INFO: [Synth 8-6157] synthesizing module 'vga_if' [/home/student/jwojciechowska/Desktop/projekt_cymbergaj_JW_KH-projekt_gra/rtl/vga/vga_if.sv:1]
INFO: [Synth 8-6155] done synthesizing module 'vga_if' (10#1) [/home/student/jwojciechowska/Desktop/projekt_cymbergaj_JW_KH-projekt_gra/rtl/vga/vga_if.sv:1]
INFO: [Synth 8-6157] synthesizing module 'vga_if' [/home/student/jwojciechowska/Desktop/projekt_cymbergaj_JW_KH-projekt_gra/rtl/vga/vga_if.sv:1]
INFO: [Synth 8-6155] done synthesizing module 'vga_if' (10#1) [/home/student/jwojciechowska/Desktop/projekt_cymbergaj_JW_KH-projekt_gra/rtl/vga/vga_if.sv:1]
INFO: [Synth 8-6157] synthesizing module 'vga_if' [/home/student/jwojciechowska/Desktop/projekt_cymbergaj_JW_KH-projekt_gra/rtl/vga/vga_if.sv:1]
INFO: [Synth 8-6155] done synthesizing module 'vga_if' (10#1) [/home/student/jwojciechowska/Desktop/projekt_cymbergaj_JW_KH-projekt_gra/rtl/vga/vga_if.sv:1]
INFO: [Synth 8-6157] synthesizing module 'vga_if' [/home/student/jwojciechowska/Desktop/projekt_cymbergaj_JW_KH-projekt_gra/rtl/vga/vga_if.sv:1]
INFO: [Synth 8-6155] done synthesizing module 'vga_if' (10#1) [/home/student/jwojciechowska/Desktop/projekt_cymbergaj_JW_KH-projekt_gra/rtl/vga/vga_if.sv:1]
INFO: [Synth 8-6157] synthesizing module 'vga_if' [/home/student/jwojciechowska/Desktop/projekt_cymbergaj_JW_KH-projekt_gra/rtl/vga/vga_if.sv:1]
INFO: [Synth 8-6155] done synthesizing module 'vga_if' (10#1) [/home/student/jwojciechowska/Desktop/projekt_cymbergaj_JW_KH-projekt_gra/rtl/vga/vga_if.sv:1]
INFO: [Synth 8-6157] synthesizing module 'vga_if' [/home/student/jwojciechowska/Desktop/projekt_cymbergaj_JW_KH-projekt_gra/rtl/vga/vga_if.sv:1]
INFO: [Synth 8-6155] done synthesizing module 'vga_if' (10#1) [/home/student/jwojciechowska/Desktop/projekt_cymbergaj_JW_KH-projekt_gra/rtl/vga/vga_if.sv:1]
INFO: [Synth 8-6157] synthesizing module 'vga_if' [/home/student/jwojciechowska/Desktop/projekt_cymbergaj_JW_KH-projekt_gra/rtl/vga/vga_if.sv:1]
INFO: [Synth 8-6155] done synthesizing module 'vga_if' (10#1) [/home/student/jwojciechowska/Desktop/projekt_cymbergaj_JW_KH-projekt_gra/rtl/vga/vga_if.sv:1]
INFO: [Synth 8-6157] synthesizing module 'vga_if' [/home/student/jwojciechowska/Desktop/projekt_cymbergaj_JW_KH-projekt_gra/rtl/vga/vga_if.sv:1]
INFO: [Synth 8-6155] done synthesizing module 'vga_if' (10#1) [/home/student/jwojciechowska/Desktop/projekt_cymbergaj_JW_KH-projekt_gra/rtl/vga/vga_if.sv:1]
INFO: [Synth 8-6157] synthesizing module 'vga_if' [/home/student/jwojciechowska/Desktop/projekt_cymbergaj_JW_KH-projekt_gra/rtl/vga/vga_if.sv:1]
INFO: [Synth 8-6155] done synthesizing module 'vga_if' (10#1) [/home/student/jwojciechowska/Desktop/projekt_cymbergaj_JW_KH-projekt_gra/rtl/vga/vga_if.sv:1]
INFO: [Synth 8-6157] synthesizing module 'vga_if' [/home/student/jwojciechowska/Desktop/projekt_cymbergaj_JW_KH-projekt_gra/rtl/vga/vga_if.sv:1]
INFO: [Synth 8-6155] done synthesizing module 'vga_if' (10#1) [/home/student/jwojciechowska/Desktop/projekt_cymbergaj_JW_KH-projekt_gra/rtl/vga/vga_if.sv:1]
INFO: [Synth 8-6157] synthesizing module 'vga_if' [/home/student/jwojciechowska/Desktop/projekt_cymbergaj_JW_KH-projekt_gra/rtl/vga/vga_if.sv:1]
INFO: [Synth 8-6155] done synthesizing module 'vga_if' (10#1) [/home/student/jwojciechowska/Desktop/projekt_cymbergaj_JW_KH-projekt_gra/rtl/vga/vga_if.sv:1]
INFO: [Synth 8-6157] synthesizing module 'vga_if' [/home/student/jwojciechowska/Desktop/projekt_cymbergaj_JW_KH-projekt_gra/rtl/vga/vga_if.sv:1]
INFO: [Synth 8-6155] done synthesizing module 'vga_if' (10#1) [/home/student/jwojciechowska/Desktop/projekt_cymbergaj_JW_KH-projekt_gra/rtl/vga/vga_if.sv:1]
INFO: [Synth 8-6157] synthesizing module 'vga_if' [/home/student/jwojciechowska/Desktop/projekt_cymbergaj_JW_KH-projekt_gra/rtl/vga/vga_if.sv:1]
INFO: [Synth 8-6155] done synthesizing module 'vga_if' (10#1) [/home/student/jwojciechowska/Desktop/projekt_cymbergaj_JW_KH-projekt_gra/rtl/vga/vga_if.sv:1]
INFO: [Synth 8-6157] synthesizing module 'vga_if' [/home/student/jwojciechowska/Desktop/projekt_cymbergaj_JW_KH-projekt_gra/rtl/vga/vga_if.sv:1]
INFO: [Synth 8-6155] done synthesizing module 'vga_if' (10#1) [/home/student/jwojciechowska/Desktop/projekt_cymbergaj_JW_KH-projekt_gra/rtl/vga/vga_if.sv:1]
INFO: [Synth 8-6157] synthesizing module 'vga_if' [/home/student/jwojciechowska/Desktop/projekt_cymbergaj_JW_KH-projekt_gra/rtl/vga/vga_if.sv:1]
INFO: [Synth 8-6155] done synthesizing module 'vga_if' (10#1) [/home/student/jwojciechowska/Desktop/projekt_cymbergaj_JW_KH-projekt_gra/rtl/vga/vga_if.sv:1]
INFO: [Synth 8-6157] synthesizing module 'vga_if' [/home/student/jwojciechowska/Desktop/projekt_cymbergaj_JW_KH-projekt_gra/rtl/vga/vga_if.sv:1]
INFO: [Synth 8-6155] done synthesizing module 'vga_if' (10#1) [/home/student/jwojciechowska/Desktop/projekt_cymbergaj_JW_KH-projekt_gra/rtl/vga/vga_if.sv:1]
INFO: [Synth 8-6157] synthesizing module 'vga_if' [/home/student/jwojciechowska/Desktop/projekt_cymbergaj_JW_KH-projekt_gra/rtl/vga/vga_if.sv:1]
INFO: [Synth 8-6155] done synthesizing module 'vga_if' (10#1) [/home/student/jwojciechowska/Desktop/projekt_cymbergaj_JW_KH-projekt_gra/rtl/vga/vga_if.sv:1]
INFO: [Synth 8-6157] synthesizing module 'vga_if' [/home/student/jwojciechowska/Desktop/projekt_cymbergaj_JW_KH-projekt_gra/rtl/vga/vga_if.sv:1]
INFO: [Synth 8-6155] done synthesizing module 'vga_if' (10#1) [/home/student/jwojciechowska/Desktop/projekt_cymbergaj_JW_KH-projekt_gra/rtl/vga/vga_if.sv:1]
INFO: [Synth 8-6157] synthesizing module 'vga_if' [/home/student/jwojciechowska/Desktop/projekt_cymbergaj_JW_KH-projekt_gra/rtl/vga/vga_if.sv:1]
INFO: [Synth 8-6155] done synthesizing module 'vga_if' (10#1) [/home/student/jwojciechowska/Desktop/projekt_cymbergaj_JW_KH-projekt_gra/rtl/vga/vga_if.sv:1]
INFO: [Synth 8-6157] synthesizing module 'vga_if' [/home/student/jwojciechowska/Desktop/projekt_cymbergaj_JW_KH-projekt_gra/rtl/vga/vga_if.sv:1]
INFO: [Synth 8-6155] done synthesizing module 'vga_if' (10#1) [/home/student/jwojciechowska/Desktop/projekt_cymbergaj_JW_KH-projekt_gra/rtl/vga/vga_if.sv:1]
INFO: [Synth 8-6157] synthesizing module 'vga_if' [/home/student/jwojciechowska/Desktop/projekt_cymbergaj_JW_KH-projekt_gra/rtl/vga/vga_if.sv:1]
INFO: [Synth 8-6155] done synthesizing module 'vga_if' (10#1) [/home/student/jwojciechowska/Desktop/projekt_cymbergaj_JW_KH-projekt_gra/rtl/vga/vga_if.sv:1]
INFO: [Synth 8-6157] synthesizing module 'vga_if' [/home/student/jwojciechowska/Desktop/projekt_cymbergaj_JW_KH-projekt_gra/rtl/vga/vga_if.sv:1]
INFO: [Synth 8-6155] done synthesizing module 'vga_if' (10#1) [/home/student/jwojciechowska/Desktop/projekt_cymbergaj_JW_KH-projekt_gra/rtl/vga/vga_if.sv:1]
INFO: [Synth 8-6157] synthesizing module 'vga_if' [/home/student/jwojciechowska/Desktop/projekt_cymbergaj_JW_KH-projekt_gra/rtl/vga/vga_if.sv:1]
INFO: [Synth 8-6155] done synthesizing module 'vga_if' (10#1) [/home/student/jwojciechowska/Desktop/projekt_cymbergaj_JW_KH-projekt_gra/rtl/vga/vga_if.sv:1]
INFO: [Synth 8-6157] synthesizing module 'vga_if' [/home/student/jwojciechowska/Desktop/projekt_cymbergaj_JW_KH-projekt_gra/rtl/vga/vga_if.sv:1]
INFO: [Synth 8-6155] done synthesizing module 'vga_if' (10#1) [/home/student/jwojciechowska/Desktop/projekt_cymbergaj_JW_KH-projekt_gra/rtl/vga/vga_if.sv:1]
INFO: [Synth 8-6157] synthesizing module 'vga_if' [/home/student/jwojciechowska/Desktop/projekt_cymbergaj_JW_KH-projekt_gra/rtl/vga/vga_if.sv:1]
INFO: [Synth 8-6155] done synthesizing module 'vga_if' (10#1) [/home/student/jwojciechowska/Desktop/projekt_cymbergaj_JW_KH-projekt_gra/rtl/vga/vga_if.sv:1]
INFO: [Synth 8-6157] synthesizing module 'vga_if' [/home/student/jwojciechowska/Desktop/projekt_cymbergaj_JW_KH-projekt_gra/rtl/vga/vga_if.sv:1]
INFO: [Synth 8-6155] done synthesizing module 'vga_if' (10#1) [/home/student/jwojciechowska/Desktop/projekt_cymbergaj_JW_KH-projekt_gra/rtl/vga/vga_if.sv:1]
INFO: [Synth 8-6157] synthesizing module 'frame_tick_gen' [/home/student/jwojciechowska/Desktop/projekt_cymbergaj_JW_KH-projekt_gra/rtl/vga/frame_tick_gen.sv:10]
INFO: [Synth 8-6155] done synthesizing module 'frame_tick_gen' (11#1) [/home/student/jwojciechowska/Desktop/projekt_cymbergaj_JW_KH-projekt_gra/rtl/vga/frame_tick_gen.sv:10]
INFO: [Synth 8-638] synthesizing module 'MouseCtl' [/home/student/jwojciechowska/Desktop/projekt_cymbergaj_JW_KH-projekt_gra/fpga/rtl/MouseCtl.vhd:207]
INFO: [Synth 8-3491] module 'Ps2Interface' declared at '/home/student/jwojciechowska/Desktop/projekt_cymbergaj_JW_KH-projekt_gra/fpga/rtl/Ps2Interface.vhd:152' bound to instance 'Inst_Ps2Interface' of component 'Ps2Interface' [/home/student/jwojciechowska/Desktop/projekt_cymbergaj_JW_KH-projekt_gra/fpga/rtl/MouseCtl.vhd:369]
INFO: [Synth 8-638] synthesizing module 'Ps2Interface' [/home/student/jwojciechowska/Desktop/projekt_cymbergaj_JW_KH-projekt_gra/fpga/rtl/Ps2Interface.vhd:180]
INFO: [Synth 8-256] done synthesizing module 'Ps2Interface' (12#1) [/home/student/jwojciechowska/Desktop/projekt_cymbergaj_JW_KH-projekt_gra/fpga/rtl/Ps2Interface.vhd:180]
WARNING: [Synth 8-6014] Unused sequential element set_x.inc_reg was removed.  [/home/student/jwojciechowska/Desktop/projekt_cymbergaj_JW_KH-projekt_gra/fpga/rtl/MouseCtl.vhd:450]
WARNING: [Synth 8-6014] Unused sequential element set_x.x_inter_reg was removed.  [/home/student/jwojciechowska/Desktop/projekt_cymbergaj_JW_KH-projekt_gra/fpga/rtl/MouseCtl.vhd:456]
WARNING: [Synth 8-6014] Unused sequential element set_y.inc_reg was removed.  [/home/student/jwojciechowska/Desktop/projekt_cymbergaj_JW_KH-projekt_gra/fpga/rtl/MouseCtl.vhd:514]
WARNING: [Synth 8-6014] Unused sequential element set_y.y_inter_reg was removed.  [/home/student/jwojciechowska/Desktop/projekt_cymbergaj_JW_KH-projekt_gra/fpga/rtl/MouseCtl.vhd:520]
INFO: [Synth 8-256] done synthesizing module 'MouseCtl' (13#1) [/home/student/jwojciechowska/Desktop/projekt_cymbergaj_JW_KH-projekt_gra/fpga/rtl/MouseCtl.vhd:207]
INFO: [Synth 8-6157] synthesizing module 'menu_ctl' [/home/student/jwojciechowska/Desktop/projekt_cymbergaj_JW_KH-projekt_gra/rtl/game/menu_ctl.sv:9]
	Parameter BTN_X bound to: 32'sb00000000000000000000000110110000 
	Parameter BTN_Y bound to: 32'sb00000000000000000000000110010000 
	Parameter BTN_W bound to: 32'sb00000000000000000000000010100000 
	Parameter BTN_H bound to: 32'sb00000000000000000000000000111000 
INFO: [Synth 8-6155] done synthesizing module 'menu_ctl' (14#1) [/home/student/jwojciechowska/Desktop/projekt_cymbergaj_JW_KH-projekt_gra/rtl/game/menu_ctl.sv:9]
INFO: [Synth 8-6157] synthesizing module 'menu_ctl__parameterized0' [/home/student/jwojciechowska/Desktop/projekt_cymbergaj_JW_KH-projekt_gra/rtl/game/menu_ctl.sv:9]
	Parameter BTN_X bound to: 32'sb00000000000000000000000110110000 
	Parameter BTN_Y bound to: 32'sb00000000000000000000000111100000 
	Parameter BTN_W bound to: 32'sb00000000000000000000000010100000 
	Parameter BTN_H bound to: 32'sb00000000000000000000000000110000 
INFO: [Synth 8-6155] done synthesizing module 'menu_ctl__parameterized0' (14#1) [/home/student/jwojciechowska/Desktop/projekt_cymbergaj_JW_KH-projekt_gra/rtl/game/menu_ctl.sv:9]
INFO: [Synth 8-6157] synthesizing module 'menu_ctl__parameterized1' [/home/student/jwojciechowska/Desktop/projekt_cymbergaj_JW_KH-projekt_gra/rtl/game/menu_ctl.sv:9]
	Parameter BTN_X bound to: 32'sb00000000000000000000001000001000 
	Parameter BTN_Y bound to: 32'sb00000000000000000000000011010100 
	Parameter BTN_W bound to: 32'sb00000000000000000000000000100100 
	Parameter BTN_H bound to: 32'sb00000000000000000000000000100000 
INFO: [Synth 8-6155] done synthesizing module 'menu_ctl__parameterized1' (14#1) [/home/student/jwojciechowska/Desktop/projekt_cymbergaj_JW_KH-projekt_gra/rtl/game/menu_ctl.sv:9]
INFO: [Synth 8-6157] synthesizing module 'menu_ctl__parameterized2' [/home/student/jwojciechowska/Desktop/projekt_cymbergaj_JW_KH-projekt_gra/rtl/game/menu_ctl.sv:9]
	Parameter BTN_X bound to: 32'sb00000000000000000000000110010000 
	Parameter BTN_Y bound to: 32'sb00000000000000000000000011010100 
	Parameter BTN_W bound to: 32'sb00000000000000000000000000100100 
	Parameter BTN_H bound to: 32'sb00000000000000000000000000100000 
INFO: [Synth 8-6155] done synthesizing module 'menu_ctl__parameterized2' (14#1) [/home/student/jwojciechowska/Desktop/projekt_cymbergaj_JW_KH-projekt_gra/rtl/game/menu_ctl.sv:9]
INFO: [Synth 8-6157] synthesizing module 'menu_ctl__parameterized3' [/home/student/jwojciechowska/Desktop/projekt_cymbergaj_JW_KH-projekt_gra/rtl/game/menu_ctl.sv:9]
	Parameter BTN_X bound to: 32'sb00000000000000000000001000001000 
	Parameter BTN_Y bound to: 32'sb00000000000000000000000100010000 
	Parameter BTN_W bound to: 32'sb00000000000000000000000000100100 
	Parameter BTN_H bound to: 32'sb00000000000000000000000000100000 
INFO: [Synth 8-6155] done synthesizing module 'menu_ctl__parameterized3' (14#1) [/home/student/jwojciechowska/Desktop/projekt_cymbergaj_JW_KH-projekt_gra/rtl/game/menu_ctl.sv:9]
INFO: [Synth 8-6157] synthesizing module 'menu_ctl__parameterized4' [/home/student/jwojciechowska/Desktop/projekt_cymbergaj_JW_KH-projekt_gra/rtl/game/menu_ctl.sv:9]
	Parameter BTN_X bound to: 32'sb00000000000000000000000110010000 
	Parameter BTN_Y bound to: 32'sb00000000000000000000000100010000 
	Parameter BTN_W bound to: 32'sb00000000000000000000000000100100 
	Parameter BTN_H bound to: 32'sb00000000000000000000000000100000 
INFO: [Synth 8-6155] done synthesizing module 'menu_ctl__parameterized4' (14#1) [/home/student/jwojciechowska/Desktop/projekt_cymbergaj_JW_KH-projekt_gra/rtl/game/menu_ctl.sv:9]
INFO: [Synth 8-6157] synthesizing module 'menu_ctl__parameterized5' [/home/student/jwojciechowska/Desktop/projekt_cymbergaj_JW_KH-projekt_gra/rtl/game/menu_ctl.sv:9]
	Parameter BTN_X bound to: 32'sb00000000000000000000001000001000 
	Parameter BTN_Y bound to: 32'sb00000000000000000000000101001100 
	Parameter BTN_W bound to: 32'sb00000000000000000000000000100100 
	Parameter BTN_H bound to: 32'sb00000000000000000000000000100000 
INFO: [Synth 8-6155] done synthesizing module 'menu_ctl__parameterized5' (14#1) [/home/student/jwojciechowska/Desktop/projekt_cymbergaj_JW_KH-projekt_gra/rtl/game/menu_ctl.sv:9]
INFO: [Synth 8-6157] synthesizing module 'menu_ctl__parameterized6' [/home/student/jwojciechowska/Desktop/projekt_cymbergaj_JW_KH-projekt_gra/rtl/game/menu_ctl.sv:9]
	Parameter BTN_X bound to: 32'sb00000000000000000000000110010000 
	Parameter BTN_Y bound to: 32'sb00000000000000000000000101001100 
	Parameter BTN_W bound to: 32'sb00000000000000000000000000100100 
	Parameter BTN_H bound to: 32'sb00000000000000000000000000100000 
INFO: [Synth 8-6155] done synthesizing module 'menu_ctl__parameterized6' (14#1) [/home/student/jwojciechowska/Desktop/projekt_cymbergaj_JW_KH-projekt_gra/rtl/game/menu_ctl.sv:9]
INFO: [Synth 8-6157] synthesizing module 'settings_ctl' [/home/student/jwojciechowska/Desktop/projekt_cymbergaj_JW_KH-projekt_gra/rtl/game/settings_ctl.sv:15]
INFO: [Synth 8-6155] done synthesizing module 'settings_ctl' (15#1) [/home/student/jwojciechowska/Desktop/projekt_cymbergaj_JW_KH-projekt_gra/rtl/game/settings_ctl.sv:15]
INFO: [Synth 8-6157] synthesizing module 'game_fsm' [/home/student/jwojciechowska/Desktop/projekt_cymbergaj_JW_KH-projekt_gra/rtl/game/game_fsm.sv:19]
INFO: [Synth 8-294] found qualifier unique on case statement: implementing as parallel_case [/home/student/jwojciechowska/Desktop/projekt_cymbergaj_JW_KH-projekt_gra/rtl/game/game_fsm.sv:56]
INFO: [Synth 8-226] default block is never used [/home/student/jwojciechowska/Desktop/projekt_cymbergaj_JW_KH-projekt_gra/rtl/game/game_fsm.sv:56]
INFO: [Synth 8-6155] done synthesizing module 'game_fsm' (16#1) [/home/student/jwojciechowska/Desktop/projekt_cymbergaj_JW_KH-projekt_gra/rtl/game/game_fsm.sv:19]
INFO: [Synth 8-6157] synthesizing module 'paddle_ctl' [/home/student/jwojciechowska/Desktop/projekt_cymbergaj_JW_KH-projekt_gra/rtl/game/paddle_ctl.sv:10]
	Parameter MIN_X bound to: 32'sb00000000000000000000000001010000 
	Parameter MAX_X bound to: 32'sb00000000000000000000000111010000 
	Parameter MIN_Y bound to: 32'sb00000000000000000000000000111100 
	Parameter MAX_Y bound to: 32'sb00000000000000000000001010011100 
	Parameter EXCLUDED_MAX_X bound to: 32'sb00000000000000000000000110001000 
	Parameter TIGHTEN_MAX bound to: 1'b1 
INFO: [Synth 8-6155] done synthesizing module 'paddle_ctl' (17#1) [/home/student/jwojciechowska/Desktop/projekt_cymbergaj_JW_KH-projekt_gra/rtl/game/paddle_ctl.sv:10]
INFO: [Synth 8-6157] synthesizing module 'paddle_ctl__parameterized0' [/home/student/jwojciechowska/Desktop/projekt_cymbergaj_JW_KH-projekt_gra/rtl/game/paddle_ctl.sv:10]
	Parameter MIN_X bound to: 32'sb00000000000000000000001000001000 
	Parameter MAX_X bound to: 32'sb00000000000000000000001110001000 
	Parameter MIN_Y bound to: 32'sb00000000000000000000000000111100 
	Parameter MAX_Y bound to: 32'sb00000000000000000000001010011100 
	Parameter EXCLUDED_MIN_X bound to: 32'sb00000000000000000000001001010000 
	Parameter TIGHTEN_MIN bound to: 1'b1 
INFO: [Synth 8-6155] done synthesizing module 'paddle_ctl__parameterized0' (17#1) [/home/student/jwojciechowska/Desktop/projekt_cymbergaj_JW_KH-projekt_gra/rtl/game/paddle_ctl.sv:10]
INFO: [Synth 8-6157] synthesizing module 'paddle2_ai' [/home/student/jwojciechowska/Desktop/projekt_cymbergaj_JW_KH-projekt_gra/rtl/game/paddle2_ai.sv:10]
INFO: [Synth 8-6155] done synthesizing module 'paddle2_ai' (18#1) [/home/student/jwojciechowska/Desktop/projekt_cymbergaj_JW_KH-projekt_gra/rtl/game/paddle2_ai.sv:10]
INFO: [Synth 8-6157] synthesizing module 'link_tx_ctl' [/home/student/jwojciechowska/Desktop/projekt_cymbergaj_JW_KH-projekt_gra/rtl/comm/link_tx_ctl.sv:8]
INFO: [Synth 8-6157] synthesizing module 'uart_tx' [/home/student/jwojciechowska/Desktop/projekt_cymbergaj_JW_KH-projekt_gra/rtl/comm/uart_tx.sv:8]
	Parameter CLK_FREQ bound to: 32'sb00000011110111111101001001000000 
	Parameter BAUD bound to: 32'sb00000000000001111010000100100000 
INFO: [Synth 8-226] default block is never used [/home/student/jwojciechowska/Desktop/projekt_cymbergaj_JW_KH-projekt_gra/rtl/comm/uart_tx.sv:44]
INFO: [Synth 8-6155] done synthesizing module 'uart_tx' (19#1) [/home/student/jwojciechowska/Desktop/projekt_cymbergaj_JW_KH-projekt_gra/rtl/comm/uart_tx.sv:8]
INFO: [Synth 8-6155] done synthesizing module 'link_tx_ctl' (20#1) [/home/student/jwojciechowska/Desktop/projekt_cymbergaj_JW_KH-projekt_gra/rtl/comm/link_tx_ctl.sv:8]
INFO: [Synth 8-6157] synthesizing module 'link_rx_ctl' [/home/student/jwojciechowska/Desktop/projekt_cymbergaj_JW_KH-projekt_gra/rtl/comm/link_rx_ctl.sv:8]
INFO: [Synth 8-6157] synthesizing module 'uart_rx' [/home/student/jwojciechowska/Desktop/projekt_cymbergaj_JW_KH-projekt_gra/rtl/comm/uart_rx.sv:8]
	Parameter CLK_FREQ bound to: 32'sb00000011110111111101001001000000 
	Parameter BAUD bound to: 32'sb00000000000001111010000100100000 
INFO: [Synth 8-226] default block is never used [/home/student/jwojciechowska/Desktop/projekt_cymbergaj_JW_KH-projekt_gra/rtl/comm/uart_rx.sv:62]
INFO: [Synth 8-6155] done synthesizing module 'uart_rx' (21#1) [/home/student/jwojciechowska/Desktop/projekt_cymbergaj_JW_KH-projekt_gra/rtl/comm/uart_rx.sv:8]
INFO: [Synth 8-226] default block is never used [/home/student/jwojciechowska/Desktop/projekt_cymbergaj_JW_KH-projekt_gra/rtl/comm/link_rx_ctl.sv:87]
INFO: [Synth 8-6155] done synthesizing module 'link_rx_ctl' (22#1) [/home/student/jwojciechowska/Desktop/projekt_cymbergaj_JW_KH-projekt_gra/rtl/comm/link_rx_ctl.sv:8]
INFO: [Synth 8-6157] synthesizing module 'puck_ctl' [/home/student/jwojciechowska/Desktop/projekt_cymbergaj_JW_KH-projekt_gra/rtl/game/puck_ctl.sv:20]
INFO: [Synth 8-6155] done synthesizing module 'puck_ctl' (23#1) [/home/student/jwojciechowska/Desktop/projekt_cymbergaj_JW_KH-projekt_gra/rtl/game/puck_ctl.sv:20]
INFO: [Synth 8-6157] synthesizing module 'score_ctl' [/home/student/jwojciechowska/Desktop/projekt_cymbergaj_JW_KH-projekt_gra/rtl/game/score_ctl.sv:11]
INFO: [Synth 8-6155] done synthesizing module 'score_ctl' (24#1) [/home/student/jwojciechowska/Desktop/projekt_cymbergaj_JW_KH-projekt_gra/rtl/game/score_ctl.sv:11]
INFO: [Synth 8-6157] synthesizing module 'vga_timing' [/home/student/jwojciechowska/Desktop/projekt_cymbergaj_JW_KH-projekt_gra/rtl/vga/vga_timing.sv:11]
INFO: [Synth 8-6155] done synthesizing module 'vga_timing' (25#1) [/home/student/jwojciechowska/Desktop/projekt_cymbergaj_JW_KH-projekt_gra/rtl/vga/vga_timing.sv:11]
INFO: [Synth 8-6157] synthesizing module 'draw_menu_bg' [/home/student/jwojciechowska/Desktop/projekt_cymbergaj_JW_KH-projekt_gra/rtl/draw/draw_menu_bg.sv:9]
INFO: [Synth 8-6155] done synthesizing module 'draw_menu_bg' (26#1) [/home/student/jwojciechowska/Desktop/projekt_cymbergaj_JW_KH-projekt_gra/rtl/draw/draw_menu_bg.sv:9]
INFO: [Synth 8-6157] synthesizing module 'draw_rink' [/home/student/jwojciechowska/Desktop/projekt_cymbergaj_JW_KH-projekt_gra/rtl/draw/draw_rink.sv:12]
INFO: [Synth 8-6155] done synthesizing module 'draw_rink' (27#1) [/home/student/jwojciechowska/Desktop/projekt_cymbergaj_JW_KH-projekt_gra/rtl/draw/draw_rink.sv:12]
INFO: [Synth 8-6157] synthesizing module 'draw_circle' [/home/student/jwojciechowska/Desktop/projekt_cymbergaj_JW_KH-projekt_gra/rtl/draw/draw_circle.sv:10]
	Parameter DIAMETER bound to: 32'sb00000000000000000000000000101000 
	Parameter FILL_COLOR bound to: 12'b111100000000 
	Parameter HILIGHT_COLOR bound to: 12'b111110011001 
INFO: [Synth 8-6155] done synthesizing module 'draw_circle' (28#1) [/home/student/jwojciechowska/Desktop/projekt_cymbergaj_JW_KH-projekt_gra/rtl/draw/draw_circle.sv:10]
INFO: [Synth 8-6157] synthesizing module 'draw_circle__parameterized0' [/home/student/jwojciechowska/Desktop/projekt_cymbergaj_JW_KH-projekt_gra/rtl/draw/draw_circle.sv:10]
	Parameter DIAMETER bound to: 32'sb00000000000000000000000000101000 
	Parameter FILL_COLOR bound to: 12'b000000001111 
	Parameter HILIGHT_COLOR bound to: 12'b100110011111 
INFO: [Synth 8-6155] done synthesizing module 'draw_circle__parameterized0' (28#1) [/home/student/jwojciechowska/Desktop/projekt_cymbergaj_JW_KH-projekt_gra/rtl/draw/draw_circle.sv:10]
INFO: [Synth 8-6157] synthesizing module 'draw_circle__parameterized1' [/home/student/jwojciechowska/Desktop/projekt_cymbergaj_JW_KH-projekt_gra/rtl/draw/draw_circle.sv:10]
	Parameter DIAMETER bound to: 32'sb00000000000000000000000000011000 
	Parameter FILL_COLOR bound to: 12'b001000100010 
	Parameter HILIGHT_COLOR bound to: 12'b110011001100 
INFO: [Synth 8-6155] done synthesizing module 'draw_circle__parameterized1' (28#1) [/home/student/jwojciechowska/Desktop/projekt_cymbergaj_JW_KH-projekt_gra/rtl/draw/draw_circle.sv:10]
INFO: [Synth 8-6157] synthesizing module 'draw_digit' [/home/student/jwojciechowska/Desktop/projekt_cymbergaj_JW_KH-projekt_gra/rtl/draw/draw_digit.sv:10]
	Parameter X_POS bound to: 32'sb00000000000000000000000111001110 
	Parameter Y_POS bound to: 32'sb00000000000000000000000000010100 
INFO: [Synth 8-6157] synthesizing module 'font_rom' [/home/student/jwojciechowska/Desktop/projekt_cymbergaj_JW_KH-projekt_gra/rtl/draw/font_rom.sv:10]
INFO: [Synth 8-6155] done synthesizing module 'font_rom' (29#1) [/home/student/jwojciechowska/Desktop/projekt_cymbergaj_JW_KH-projekt_gra/rtl/draw/font_rom.sv:10]
INFO: [Synth 8-6157] synthesizing module 'draw_rect_char' [/home/student/jwojciechowska/Desktop/projekt_cymbergaj_JW_KH-projekt_gra/rtl/draw/draw_rect_char.sv:9]
	Parameter X_POS bound to: 32'sb00000000000000000000000111001110 
	Parameter Y_POS bound to: 32'sb00000000000000000000000000010100 
	Parameter WIDTH_PX bound to: 32'sb00000000000000000000000000001000 
	Parameter HEIGHT_PX bound to: 32'sb00000000000000000000000000010000 
INFO: [Synth 8-6155] done synthesizing module 'draw_rect_char' (30#1) [/home/student/jwojciechowska/Desktop/projekt_cymbergaj_JW_KH-projekt_gra/rtl/draw/draw_rect_char.sv:9]
INFO: [Synth 8-6155] done synthesizing module 'draw_digit' (31#1) [/home/student/jwojciechowska/Desktop/projekt_cymbergaj_JW_KH-projekt_gra/rtl/draw/draw_digit.sv:10]
INFO: [Synth 8-6157] synthesizing module 'draw_digit__parameterized0' [/home/student/jwojciechowska/Desktop/projekt_cymbergaj_JW_KH-projekt_gra/rtl/draw/draw_digit.sv:10]
	Parameter X_POS bound to: 32'sb00000000000000000000000111011000 
	Parameter Y_POS bound to: 32'sb00000000000000000000000000010100 
INFO: [Synth 8-6157] synthesizing module 'draw_rect_char__parameterized0' [/home/student/jwojciechowska/Desktop/projekt_cymbergaj_JW_KH-projekt_gra/rtl/draw/draw_rect_char.sv:9]
	Parameter X_POS bound to: 32'sb00000000000000000000000111011000 
	Parameter Y_POS bound to: 32'sb00000000000000000000000000010100 
	Parameter WIDTH_PX bound to: 32'sb00000000000000000000000000001000 
	Parameter HEIGHT_PX bound to: 32'sb00000000000000000000000000010000 
INFO: [Synth 8-6155] done synthesizing module 'draw_rect_char__parameterized0' (31#1) [/home/student/jwojciechowska/Desktop/projekt_cymbergaj_JW_KH-projekt_gra/rtl/draw/draw_rect_char.sv:9]
INFO: [Synth 8-6155] done synthesizing module 'draw_digit__parameterized0' (31#1) [/home/student/jwojciechowska/Desktop/projekt_cymbergaj_JW_KH-projekt_gra/rtl/draw/draw_digit.sv:10]
INFO: [Synth 8-6157] synthesizing module 'draw_digit__parameterized1' [/home/student/jwojciechowska/Desktop/projekt_cymbergaj_JW_KH-projekt_gra/rtl/draw/draw_digit.sv:10]
	Parameter X_POS bound to: 32'sb00000000000000000000001000100000 
	Parameter Y_POS bound to: 32'sb00000000000000000000000000010100 
INFO: [Synth 8-6157] synthesizing module 'draw_rect_char__parameterized1' [/home/student/jwojciechowska/Desktop/projekt_cymbergaj_JW_KH-projekt_gra/rtl/draw/draw_rect_char.sv:9]
	Parameter X_POS bound to: 32'sb00000000000000000000001000100000 
	Parameter Y_POS bound to: 32'sb00000000000000000000000000010100 
	Parameter WIDTH_PX bound to: 32'sb00000000000000000000000000001000 
	Parameter HEIGHT_PX bound to: 32'sb00000000000000000000000000010000 
INFO: [Synth 8-6155] done synthesizing module 'draw_rect_char__parameterized1' (31#1) [/home/student/jwojciechowska/Desktop/projekt_cymbergaj_JW_KH-projekt_gra/rtl/draw/draw_rect_char.sv:9]
INFO: [Synth 8-6155] done synthesizing module 'draw_digit__parameterized1' (31#1) [/home/student/jwojciechowska/Desktop/projekt_cymbergaj_JW_KH-projekt_gra/rtl/draw/draw_digit.sv:10]
INFO: [Synth 8-6157] synthesizing module 'draw_digit__parameterized2' [/home/student/jwojciechowska/Desktop/projekt_cymbergaj_JW_KH-projekt_gra/rtl/draw/draw_digit.sv:10]
	Parameter X_POS bound to: 32'sb00000000000000000000001000101010 
	Parameter Y_POS bound to: 32'sb00000000000000000000000000010100 
INFO: [Synth 8-6157] synthesizing module 'draw_rect_char__parameterized2' [/home/student/jwojciechowska/Desktop/projekt_cymbergaj_JW_KH-projekt_gra/rtl/draw/draw_rect_char.sv:9]
	Parameter X_POS bound to: 32'sb00000000000000000000001000101010 
	Parameter Y_POS bound to: 32'sb00000000000000000000000000010100 
	Parameter WIDTH_PX bound to: 32'sb00000000000000000000000000001000 
	Parameter HEIGHT_PX bound to: 32'sb00000000000000000000000000010000 
INFO: [Synth 8-6155] done synthesizing module 'draw_rect_char__parameterized2' (31#1) [/home/student/jwojciechowska/Desktop/projekt_cymbergaj_JW_KH-projekt_gra/rtl/draw/draw_rect_char.sv:9]
INFO: [Synth 8-6155] done synthesizing module 'draw_digit__parameterized2' (31#1) [/home/student/jwojciechowska/Desktop/projekt_cymbergaj_JW_KH-projekt_gra/rtl/draw/draw_digit.sv:10]
INFO: [Synth 8-6157] synthesizing module 'draw_button' [/home/student/jwojciechowska/Desktop/projekt_cymbergaj_JW_KH-projekt_gra/rtl/draw/draw_button.sv:11]
	Parameter X_POS bound to: 32'sb00000000000000000000000110110000 
	Parameter Y_POS bound to: 32'sb00000000000000000000000110010000 
	Parameter WIDTH bound to: 32'sb00000000000000000000000010100000 
	Parameter HEIGHT bound to: 32'sb00000000000000000000000000111000 
	Parameter FILL_COLOR bound to: 12'b001001101010 
	Parameter BORDER_COLOR bound to: 12'b111111111111 
INFO: [Synth 8-6155] done synthesizing module 'draw_button' (32#1) [/home/student/jwojciechowska/Desktop/projekt_cymbergaj_JW_KH-projekt_gra/rtl/draw/draw_button.sv:11]
INFO: [Synth 8-6157] synthesizing module 'char_rom' [/home/student/jwojciechowska/Desktop/projekt_cymbergaj_JW_KH-projekt_gra/rtl/draw/char_rom.sv:1]
	Parameter TEXT bound to:                                                                           AIR HOCKEY                                                                                                                                                                             - type: string 
INFO: [Synth 8-6155] done synthesizing module 'char_rom' (33#1) [/home/student/jwojciechowska/Desktop/projekt_cymbergaj_JW_KH-projekt_gra/rtl/draw/char_rom.sv:1]
INFO: [Synth 8-6157] synthesizing module 'char_rom__parameterized0' [/home/student/jwojciechowska/Desktop/projekt_cymbergaj_JW_KH-projekt_gra/rtl/draw/char_rom.sv:1]
	Parameter TEXT bound to:                                                                         PLAYER 1 WINS!                                                                                                                                                                           - type: string 
INFO: [Synth 8-6155] done synthesizing module 'char_rom__parameterized0' (33#1) [/home/student/jwojciechowska/Desktop/projekt_cymbergaj_JW_KH-projekt_gra/rtl/draw/char_rom.sv:1]
INFO: [Synth 8-6157] synthesizing module 'char_rom__parameterized1' [/home/student/jwojciechowska/Desktop/projekt_cymbergaj_JW_KH-projekt_gra/rtl/draw/char_rom.sv:1]
	Parameter TEXT bound to:                                                                         PLAYER 2 WINS!                                                                                                                                                                           - type: string 
INFO: [Synth 8-6155] done synthesizing module 'char_rom__parameterized1' (33#1) [/home/student/jwojciechowska/Desktop/projekt_cymbergaj_JW_KH-projekt_gra/rtl/draw/char_rom.sv:1]
INFO: [Synth 8-6157] synthesizing module 'char_rom__parameterized2' [/home/student/jwojciechowska/Desktop/projekt_cymbergaj_JW_KH-projekt_gra/rtl/draw/char_rom.sv:1]
	Parameter TEXT bound to:                                                                            SETTINGS                                                                                                                                                                              - type: string 
INFO: [Synth 8-6155] done synthesizing module 'char_rom__parameterized2' (33#1) [/home/student/jwojciechowska/Desktop/projekt_cymbergaj_JW_KH-projekt_gra/rtl/draw/char_rom.sv:1]
INFO: [Synth 8-6157] synthesizing module 'draw_rect_char__parameterized3' [/home/student/jwojciechowska/Desktop/projekt_cymbergaj_JW_KH-projekt_gra/rtl/draw/draw_rect_char.sv:9]
	Parameter X_POS bound to: 32'sb00000000000000000000000100010011 
	Parameter Y_POS bound to: 32'sb00000000000000000000000001100110 
	Parameter WIDTH_PX bound to: 32'sb00000000000000000000000101000000 
	Parameter HEIGHT_PX bound to: 32'sb00000000000000000000000001100000 
	Parameter SCALE_SHIFT bound to: 32'sb00000000000000000000000000000001 
INFO: [Synth 8-6155] done synthesizing module 'draw_rect_char__parameterized3' (33#1) [/home/student/jwojciechowska/Desktop/projekt_cymbergaj_JW_KH-projekt_gra/rtl/draw/draw_rect_char.sv:9]
INFO: [Synth 8-6157] synthesizing module 'char_rom__parameterized3' [/home/student/jwojciechowska/Desktop/projekt_cymbergaj_JW_KH-projekt_gra/rtl/draw/char_rom.sv:1]
	Parameter TEXT bound to: START                                                                                                                                                                                                                                                            - type: string 
INFO: [Synth 8-6155] done synthesizing module 'char_rom__parameterized3' (33#1) [/home/student/jwojciechowska/Desktop/projekt_cymbergaj_JW_KH-projekt_gra/rtl/draw/char_rom.sv:1]
INFO: [Synth 8-6157] synthesizing module 'char_rom__parameterized4' [/home/student/jwojciechowska/Desktop/projekt_cymbergaj_JW_KH-projekt_gra/rtl/draw/char_rom.sv:1]
	Parameter TEXT bound to: MENU                                                                                                                                                                                                                                                             - type: string 
INFO: [Synth 8-6155] done synthesizing module 'char_rom__parameterized4' (33#1) [/home/student/jwojciechowska/Desktop/projekt_cymbergaj_JW_KH-projekt_gra/rtl/draw/char_rom.sv:1]
INFO: [Synth 8-6157] synthesizing module 'char_rom__parameterized5' [/home/student/jwojciechowska/Desktop/projekt_cymbergaj_JW_KH-projekt_gra/rtl/draw/char_rom.sv:1]
	Parameter TEXT bound to: BACK                                                                                                                                                                                                                                                             - type: string 
INFO: [Synth 8-6155] done synthesizing module 'char_rom__parameterized5' (33#1) [/home/student/jwojciechowska/Desktop/projekt_cymbergaj_JW_KH-projekt_gra/rtl/draw/char_rom.sv:1]
INFO: [Synth 8-6157] synthesizing module 'draw_rect_char__parameterized4' [/home/student/jwojciechowska/Desktop/projekt_cymbergaj_JW_KH-projekt_gra/rtl/draw/draw_rect_char.sv:9]
	Parameter X_POS bound to: 32'sb00000000000000000000000111101000 
	Parameter Y_POS bound to: 32'sb00000000000000000000000110100100 
	Parameter WIDTH_PX bound to: 32'sb00000000000000000000000000110000 
	Parameter HEIGHT_PX bound to: 32'sb00000000000000000000000000010000 
INFO: [Synth 8-6155] done synthesizing module 'draw_rect_char__parameterized4' (33#1) [/home/student/jwojciechowska/Desktop/projekt_cymbergaj_JW_KH-projekt_gra/rtl/draw/draw_rect_char.sv:9]
INFO: [Synth 8-6157] synthesizing module 'draw_button__parameterized0' [/home/student/jwojciechowska/Desktop/projekt_cymbergaj_JW_KH-projekt_gra/rtl/draw/draw_button.sv:11]
	Parameter X_POS bound to: 32'sb00000000000000000000000110110000 
	Parameter Y_POS bound to: 32'sb00000000000000000000000111100000 
	Parameter WIDTH bound to: 32'sb00000000000000000000000010100000 
	Parameter HEIGHT bound to: 32'sb00000000000000000000000000110000 
	Parameter FILL_COLOR bound to: 12'b001001101010 
	Parameter BORDER_COLOR bound to: 12'b111111111111 
INFO: [Synth 8-6155] done synthesizing module 'draw_button__parameterized0' (33#1) [/home/student/jwojciechowska/Desktop/projekt_cymbergaj_JW_KH-projekt_gra/rtl/draw/draw_button.sv:11]
INFO: [Synth 8-6157] synthesizing module 'char_rom__parameterized6' [/home/student/jwojciechowska/Desktop/projekt_cymbergaj_JW_KH-projekt_gra/rtl/draw/char_rom.sv:1]
	Parameter TEXT bound to: SETTINGS                                                                                                                                                                                                                                                         - type: string 
INFO: [Synth 8-6155] done synthesizing module 'char_rom__parameterized6' (33#1) [/home/student/jwojciechowska/Desktop/projekt_cymbergaj_JW_KH-projekt_gra/rtl/draw/char_rom.sv:1]
INFO: [Synth 8-6157] synthesizing module 'draw_rect_char__parameterized5' [/home/student/jwojciechowska/Desktop/projekt_cymbergaj_JW_KH-projekt_gra/rtl/draw/draw_rect_char.sv:9]
	Parameter X_POS bound to: 32'sb00000000000000000000000111100000 
	Parameter Y_POS bound to: 32'sb00000000000000000000000111110000 
	Parameter WIDTH_PX bound to: 32'sb00000000000000000000000001000000 
	Parameter HEIGHT_PX bound to: 32'sb00000000000000000000000000010000 
INFO: [Synth 8-6155] done synthesizing module 'draw_rect_char__parameterized5' (33#1) [/home/student/jwojciechowska/Desktop/projekt_cymbergaj_JW_KH-projekt_gra/rtl/draw/draw_rect_char.sv:9]
INFO: [Synth 8-6157] synthesizing module 'char_rom__parameterized7' [/home/student/jwojciechowska/Desktop/projekt_cymbergaj_JW_KH-projekt_gra/rtl/draw/char_rom.sv:1]
	Parameter TEXT bound to: WIN SCORE:                                                                                                                                                                                                                                                       - type: string 
INFO: [Synth 8-6155] done synthesizing module 'char_rom__parameterized7' (33#1) [/home/student/jwojciechowska/Desktop/projekt_cymbergaj_JW_KH-projekt_gra/rtl/draw/char_rom.sv:1]
INFO: [Synth 8-6157] synthesizing module 'draw_rect_char__parameterized6' [/home/student/jwojciechowska/Desktop/projekt_cymbergaj_JW_KH-projekt_gra/rtl/draw/draw_rect_char.sv:9]
	Parameter X_POS bound to: 32'sb00000000000000000000000100000100 
	Parameter Y_POS bound to: 32'sb00000000000000000000000011011100 
	Parameter WIDTH_PX bound to: 32'sb00000000000000000000000010000010 
	Parameter HEIGHT_PX bound to: 32'sb00000000000000000000000000010000 
INFO: [Synth 8-6155] done synthesizing module 'draw_rect_char__parameterized6' (33#1) [/home/student/jwojciechowska/Desktop/projekt_cymbergaj_JW_KH-projekt_gra/rtl/draw/draw_rect_char.sv:9]
INFO: [Synth 8-6157] synthesizing module 'draw_button__parameterized1' [/home/student/jwojciechowska/Desktop/projekt_cymbergaj_JW_KH-projekt_gra/rtl/draw/draw_button.sv:11]
	Parameter X_POS bound to: 32'sb00000000000000000000000110010000 
	Parameter Y_POS bound to: 32'sb00000000000000000000000011010100 
	Parameter WIDTH bound to: 32'sb00000000000000000000000000100100 
	Parameter HEIGHT bound to: 32'sb00000000000000000000000000100000 
	Parameter FILL_COLOR bound to: 12'b001001101010 
	Parameter BORDER_COLOR bound to: 12'b111111111111 
INFO: [Synth 8-6155] done synthesizing module 'draw_button__parameterized1' (33#1) [/home/student/jwojciechowska/Desktop/projekt_cymbergaj_JW_KH-projekt_gra/rtl/draw/draw_button.sv:11]
INFO: [Synth 8-6157] synthesizing module 'char_rom__parameterized8' [/home/student/jwojciechowska/Desktop/projekt_cymbergaj_JW_KH-projekt_gra/rtl/draw/char_rom.sv:1]
	Parameter TEXT bound to: -                                                                                                                                                                                                                                                                - type: string 
INFO: [Synth 8-6155] done synthesizing module 'char_rom__parameterized8' (33#1) [/home/student/jwojciechowska/Desktop/projekt_cymbergaj_JW_KH-projekt_gra/rtl/draw/char_rom.sv:1]
INFO: [Synth 8-6157] synthesizing module 'draw_rect_char__parameterized7' [/home/student/jwojciechowska/Desktop/projekt_cymbergaj_JW_KH-projekt_gra/rtl/draw/draw_rect_char.sv:9]
	Parameter X_POS bound to: 32'sb00000000000000000000000110011110 
	Parameter Y_POS bound to: 32'sb00000000000000000000000011011100 
	Parameter WIDTH_PX bound to: 32'sb00000000000000000000000000001000 
	Parameter HEIGHT_PX bound to: 32'sb00000000000000000000000000010000 
INFO: [Synth 8-6155] done synthesizing module 'draw_rect_char__parameterized7' (33#1) [/home/student/jwojciechowska/Desktop/projekt_cymbergaj_JW_KH-projekt_gra/rtl/draw/draw_rect_char.sv:9]
INFO: [Synth 8-6157] synthesizing module 'draw_digit__parameterized3' [/home/student/jwojciechowska/Desktop/projekt_cymbergaj_JW_KH-projekt_gra/rtl/draw/draw_digit.sv:10]
INFO: [Common 17-14] Message 'Synth 8-6157' appears 100 times and further instances of the messages will be disabled. Use the Tcl command set_msg_config to change the current settings.
	Parameter X_POS bound to: 32'sb00000000000000000000000111000010 
	Parameter Y_POS bound to: 32'sb00000000000000000000000011011100 
	Parameter X_POS bound to: 32'sb00000000000000000000000111000010 
	Parameter Y_POS bound to: 32'sb00000000000000000000000011011100 
	Parameter WIDTH_PX bound to: 32'sb00000000000000000000000000001000 
	Parameter HEIGHT_PX bound to: 32'sb00000000000000000000000000010000 
INFO: [Synth 8-6155] done synthesizing module 'draw_rect_char__parameterized8' (33#1) [/home/student/jwojciechowska/Desktop/projekt_cymbergaj_JW_KH-projekt_gra/rtl/draw/draw_rect_char.sv:9]
INFO: [Synth 8-6155] done synthesizing module 'draw_digit__parameterized3' (33#1) [/home/student/jwojciechowska/Desktop/projekt_cymbergaj_JW_KH-projekt_gra/rtl/draw/draw_digit.sv:10]
	Parameter X_POS bound to: 32'sb00000000000000000000001000001000 
	Parameter Y_POS bound to: 32'sb00000000000000000000000011010100 
	Parameter WIDTH bound to: 32'sb00000000000000000000000000100100 
	Parameter HEIGHT bound to: 32'sb00000000000000000000000000100000 
	Parameter FILL_COLOR bound to: 12'b001001101010 
	Parameter BORDER_COLOR bound to: 12'b111111111111 
INFO: [Synth 8-6155] done synthesizing module 'draw_button__parameterized2' (33#1) [/home/student/jwojciechowska/Desktop/projekt_cymbergaj_JW_KH-projekt_gra/rtl/draw/draw_button.sv:11]
INFO: [Common 17-14] Message 'Synth 8-6155' appears 100 times and further instances of the messages will be disabled. Use the Tcl command set_msg_config to change the current settings.
	Parameter TEXT bound to: +                                                                                                                                                                                                                                                                - type: string 
	Parameter X_POS bound to: 32'sb00000000000000000000001000010110 
	Parameter Y_POS bound to: 32'sb00000000000000000000000011011100 
	Parameter WIDTH_PX bound to: 32'sb00000000000000000000000000001000 
	Parameter HEIGHT_PX bound to: 32'sb00000000000000000000000000010000 
	Parameter TEXT bound to: DIFFICULTY:                                                                                                                                                                                                                                                      - type: string 
	Parameter X_POS bound to: 32'sb00000000000000000000000100000100 
	Parameter Y_POS bound to: 32'sb00000000000000000000000100011000 
	Parameter WIDTH_PX bound to: 32'sb00000000000000000000000010000010 
	Parameter HEIGHT_PX bound to: 32'sb00000000000000000000000000010000 
	Parameter X_POS bound to: 32'sb00000000000000000000000110010000 
	Parameter Y_POS bound to: 32'sb00000000000000000000000100010000 
	Parameter WIDTH bound to: 32'sb00000000000000000000000000100100 
	Parameter HEIGHT bound to: 32'sb00000000000000000000000000100000 
	Parameter FILL_COLOR bound to: 12'b001001101010 
	Parameter BORDER_COLOR bound to: 12'b111111111111 
	Parameter X_POS bound to: 32'sb00000000000000000000000110011110 
	Parameter Y_POS bound to: 32'sb00000000000000000000000100011000 
	Parameter WIDTH_PX bound to: 32'sb00000000000000000000000000001000 
	Parameter HEIGHT_PX bound to: 32'sb00000000000000000000000000010000 
	Parameter TEXT bound to: EASY                                                                                                                                                                                                                                                             - type: string 
	Parameter TEXT bound to: NORMAL                                                                                                                                                                                                                                                           - type: string 
	Parameter TEXT bound to: HARD                                                                                                                                                                                                                                                             - type: string 
	Parameter X_POS bound to: 32'sb00000000000000000000000111000010 
	Parameter Y_POS bound to: 32'sb00000000000000000000000100011000 
	Parameter WIDTH_PX bound to: 32'sb00000000000000000000000000111000 
	Parameter HEIGHT_PX bound to: 32'sb00000000000000000000000000010000 
	Parameter X_POS bound to: 32'sb00000000000000000000001000001000 
	Parameter Y_POS bound to: 32'sb00000000000000000000000100010000 
	Parameter WIDTH bound to: 32'sb00000000000000000000000000100100 
	Parameter HEIGHT bound to: 32'sb00000000000000000000000000100000 
	Parameter FILL_COLOR bound to: 12'b001001101010 
	Parameter BORDER_COLOR bound to: 12'b111111111111 
	Parameter X_POS bound to: 32'sb00000000000000000000001000010110 
	Parameter Y_POS bound to: 32'sb00000000000000000000000100011000 
	Parameter WIDTH_PX bound to: 32'sb00000000000000000000000000001000 
	Parameter HEIGHT_PX bound to: 32'sb00000000000000000000000000010000 
	Parameter TEXT bound to: MODE:                                                                                                                                                                                                                                                            - type: string 
	Parameter X_POS bound to: 32'sb00000000000000000000000100000100 
	Parameter Y_POS bound to: 32'sb00000000000000000000000101010100 
	Parameter WIDTH_PX bound to: 32'sb00000000000000000000000010000010 
	Parameter HEIGHT_PX bound to: 32'sb00000000000000000000000000010000 
	Parameter X_POS bound to: 32'sb00000000000000000000000110010000 
	Parameter Y_POS bound to: 32'sb00000000000000000000000101001100 
	Parameter WIDTH bound to: 32'sb00000000000000000000000000100100 
	Parameter HEIGHT bound to: 32'sb00000000000000000000000000100000 
	Parameter FILL_COLOR bound to: 12'b001001101010 
	Parameter BORDER_COLOR bound to: 12'b111111111111 
	Parameter X_POS bound to: 32'sb00000000000000000000000110011110 
	Parameter Y_POS bound to: 32'sb00000000000000000000000101010100 
	Parameter WIDTH_PX bound to: 32'sb00000000000000000000000000001000 
	Parameter HEIGHT_PX bound to: 32'sb00000000000000000000000000010000 
	Parameter TEXT bound to: SOLO                                                                                                                                                                                                                                                             - type: string 
	Parameter TEXT bound to: 2P                                                                                                                                                                                                                                                               - type: string 
	Parameter X_POS bound to: 32'sb00000000000000000000000111000010 
	Parameter Y_POS bound to: 32'sb00000000000000000000000101010100 
	Parameter WIDTH_PX bound to: 32'sb00000000000000000000000000101000 
	Parameter HEIGHT_PX bound to: 32'sb00000000000000000000000000010000 
	Parameter X_POS bound to: 32'sb00000000000000000000001000001000 
	Parameter Y_POS bound to: 32'sb00000000000000000000000101001100 
	Parameter WIDTH bound to: 32'sb00000000000000000000000000100100 
	Parameter HEIGHT bound to: 32'sb00000000000000000000000000100000 
	Parameter FILL_COLOR bound to: 12'b001001101010 
	Parameter BORDER_COLOR bound to: 12'b111111111111 
	Parameter X_POS bound to: 32'sb00000000000000000000001000010110 
	Parameter Y_POS bound to: 32'sb00000000000000000000000101010100 
	Parameter WIDTH_PX bound to: 32'sb00000000000000000000000000001000 
	Parameter HEIGHT_PX bound to: 32'sb00000000000000000000000000010000 
INFO: [Synth 8-638] synthesizing module 'MouseDisplay' [/home/student/jwojciechowska/Desktop/projekt_cymbergaj_JW_KH-projekt_gra/fpga/rtl/MouseDisplay.vhd:119]
INFO: [Synth 8-256] done synthesizing module 'MouseDisplay' (34#1) [/home/student/jwojciechowska/Desktop/projekt_cymbergaj_JW_KH-projekt_gra/fpga/rtl/MouseDisplay.vhd:119]
---------------------------------------------------------------------------------
Finished RTL Elaboration : Time (s): cpu = 00:00:06 ; elapsed = 00:00:09 . Memory (MB): peak = 2717.820 ; gain = 0.000 ; free physical = 5956 ; free virtual = 13803
---------------------------------------------------------------------------------
---------------------------------------------------------------------------------
Start Handling Custom Attributes
---------------------------------------------------------------------------------
---------------------------------------------------------------------------------
Finished Handling Custom Attributes : Time (s): cpu = 00:00:07 ; elapsed = 00:00:11 . Memory (MB): peak = 2717.820 ; gain = 0.000 ; free physical = 5964 ; free virtual = 13811
---------------------------------------------------------------------------------
---------------------------------------------------------------------------------
Finished RTL Optimization Phase 1 : Time (s): cpu = 00:00:07 ; elapsed = 00:00:11 . Memory (MB): peak = 2717.820 ; gain = 0.000 ; free physical = 5964 ; free virtual = 13811
---------------------------------------------------------------------------------
Netlist sorting complete. Time (s): cpu = 00:00:00.05 ; elapsed = 00:00:00.05 . Memory (MB): peak = 2717.820 ; gain = 0.000 ; free physical = 5947 ; free virtual = 13795
WARNING: [Netlist 29-345] The value of SIM_DEVICE on instance 'u_clk_wiz/inst/clkout1_buf' of type 'BUFGCE' is 'ULTRASCALE'; it is being changed to match the current FPGA architecture, '7SERIES'. For functional simulation to match hardware behavior, the value of SIM_DEVICE should be changed in the source netlist. 
WARNING: [Netlist 29-345] The value of SIM_DEVICE on instance 'u_clk_wiz/inst/clkout2_buf' of type 'BUFGCE' is 'ULTRASCALE'; it is being changed to match the current FPGA architecture, '7SERIES'. For functional simulation to match hardware behavior, the value of SIM_DEVICE should be changed in the source netlist. 
INFO: [Netlist 29-17] Analyzing 4 Unisim elements for replacement
INFO: [Netlist 29-28] Unisim Transformation completed in 0 CPU seconds
INFO: [Project 1-570] Preparing netlist for logic optimization

Processing XDC Constraints
Initializing timing engine
Parsing XDC File [/home/student/jwojciechowska/Desktop/projekt_cymbergaj_JW_KH-projekt_gra/fpga/constraints/top_airhockey_basys3.xdc]
Finished Parsing XDC File [/home/student/jwojciechowska/Desktop/projekt_cymbergaj_JW_KH-projekt_gra/fpga/constraints/top_airhockey_basys3.xdc]
INFO: [Project 1-236] Implementation specific constraints were found while reading constraint file [/home/student/jwojciechowska/Desktop/projekt_cymbergaj_JW_KH-projekt_gra/fpga/constraints/top_airhockey_basys3.xdc]. These constraints will be ignored for synthesis but will be used in implementation. Impacted constraints are listed in the file [.Xil/top_airhockey_basys3_propImpl.xdc].
Resolution: To avoid this warning, move constraints listed in [.Xil/top_airhockey_basys3_propImpl.xdc] to another XDC file and exclude this new file from synthesis with the used_in_synthesis property (File Properties dialog in GUI) and re-run elaboration/synthesis.
Parsing XDC File [/home/student/jwojciechowska/Desktop/projekt_cymbergaj_JW_KH-projekt_gra/fpga/constraints/clk_wiz_0.xdc]
Finished Parsing XDC File [/home/student/jwojciechowska/Desktop/projekt_cymbergaj_JW_KH-projekt_gra/fpga/constraints/clk_wiz_0.xdc]
INFO: [Project 1-236] Implementation specific constraints were found while reading constraint file [/home/student/jwojciechowska/Desktop/projekt_cymbergaj_JW_KH-projekt_gra/fpga/constraints/clk_wiz_0.xdc]. These constraints will be ignored for synthesis but will be used in implementation. Impacted constraints are listed in the file [.Xil/top_airhockey_basys3_propImpl.xdc].
Resolution: To avoid this warning, move constraints listed in [.Xil/top_airhockey_basys3_propImpl.xdc] to another XDC file and exclude this new file from synthesis with the used_in_synthesis property (File Properties dialog in GUI) and re-run elaboration/synthesis.
Parsing XDC File [/home/student/jwojciechowska/Desktop/projekt_cymbergaj_JW_KH-projekt_gra/fpga/constraints/clk_wiz_0_late.xdc]
Finished Parsing XDC File [/home/student/jwojciechowska/Desktop/projekt_cymbergaj_JW_KH-projekt_gra/fpga/constraints/clk_wiz_0_late.xdc]
INFO: [Timing 38-2] Deriving generated clocks
Completed Processing XDC Constraints

Netlist sorting complete. Time (s): cpu = 00:00:00 ; elapsed = 00:00:00 . Memory (MB): peak = 2781.730 ; gain = 0.000 ; free physical = 5837 ; free virtual = 13684
INFO: [Project 1-111] Unisim Transformation Summary:
  A total of 2 instances were transformed.
  BUFGCE => BUFGCTRL: 2 instances

Constraint Validation Runtime : Time (s): cpu = 00:00:00.02 ; elapsed = 00:00:00.02 . Memory (MB): peak = 2781.730 ; gain = 0.000 ; free physical = 5837 ; free virtual = 13684
---------------------------------------------------------------------------------
Finished Constraint Validation : Time (s): cpu = 00:00:13 ; elapsed = 00:00:18 . Memory (MB): peak = 2781.730 ; gain = 63.910 ; free physical = 5934 ; free virtual = 13781
---------------------------------------------------------------------------------
---------------------------------------------------------------------------------
Start Loading Part and Timing Information
---------------------------------------------------------------------------------
Loading part: xc7a35tcpg236-1
---------------------------------------------------------------------------------
Finished Loading Part and Timing Information : Time (s): cpu = 00:00:13 ; elapsed = 00:00:18 . Memory (MB): peak = 2781.730 ; gain = 63.910 ; free physical = 5935 ; free virtual = 13782
---------------------------------------------------------------------------------
---------------------------------------------------------------------------------
Start Applying 'set_property' XDC Constraints
---------------------------------------------------------------------------------
---------------------------------------------------------------------------------
Finished applying 'set_property' XDC Constraints : Time (s): cpu = 00:00:13 ; elapsed = 00:00:18 . Memory (MB): peak = 2781.730 ; gain = 63.910 ; free physical = 5933 ; free virtual = 13780
---------------------------------------------------------------------------------
INFO: [Synth 8-802] inferred FSM for state register 'state_reg' in module 'Ps2Interface'
INFO: [Synth 8-802] inferred FSM for state register 'state_reg' in module 'MouseCtl'
INFO: [Synth 8-802] inferred FSM for state register 'game_state_reg' in module 'game_fsm'
INFO: [Synth 8-802] inferred FSM for state register 'state_reg' in module 'uart_tx'
INFO: [Synth 8-802] inferred FSM for state register 'tx_state_reg' in module 'link_tx_ctl'
INFO: [Synth 8-802] inferred FSM for state register 'state_reg' in module 'uart_rx'
---------------------------------------------------------------------------------------------------
                   State |                     New Encoding |                Previous Encoding 
---------------------------------------------------------------------------------------------------
                    idle |                00000000000000001 |                            00000
            rx_down_edge |                00000000000000010 |                            00011
                rx_clk_l |                00000000000000100 |                            00010
                rx_clk_h |                00000000000001000 |                            00001
         rx_error_parity |                00000000000010000 |                            00100
           rx_data_ready |                00000000000100000 |                            00101
          tx_force_clk_l |                00000000001000000 |                            00110
      tx_bring_data_down |                00000000010000000 |                            00111
          tx_release_clk |                00000000100000000 |                            01000
 tx_first_wait_down_edge |                00000001000000000 |                            01001
                tx_clk_l |                00000010000000000 |                            01010
         tx_wait_up_edge |                00000100000000000 |                            01011
tx_wait_up_edge_before_ack |                00001000000000000 |                            01101
             tx_wait_ack |                00010000000000000 |                            01110
         tx_received_ack |                00100000000000000 |                            01111
         tx_error_no_ack |                01000000000000000 |                            10000
                tx_clk_h |                10000000000000000 |                            01100
---------------------------------------------------------------------------------------------------
INFO: [Synth 8-3354] encoded FSM with state register 'state_reg' using encoding 'one-hot' in module 'Ps2Interface'
---------------------------------------------------------------------------------------------------
                   State |                     New Encoding |                Previous Encoding 
---------------------------------------------------------------------------------------------------
                   reset | 0000000000000000000000000000000000001 |                           000000
          reset_wait_ack | 0000000000000000000000000000000000010 |                           000001
reset_wait_bat_completion | 0000000000000000000000000000000000100 |                           000010
           reset_wait_id | 0000000000000000000000000000000001000 |                           000011
reset_set_sample_rate_200 | 0000000000000000000000000000000010000 |                           000100
reset_set_sample_rate_200_wait_ack | 0000000000000000000000000000000100000 |                           000101
reset_send_sample_rate_200 | 0000000000000000000000000000001000000 |                           000110
reset_send_sample_rate_200_wait_ack | 0000000000000000000000000000010000000 |                           000111
reset_set_sample_rate_100 | 0000000000000000000000000000100000000 |                           001000
reset_set_sample_rate_100_wait_ack | 0000000000000000000000000001000000000 |                           001001
reset_send_sample_rate_100 | 0000000000000000000000000010000000000 |                           001010
reset_send_sample_rate_100_wait_ack | 0000000000000000000000000100000000000 |                           001011
reset_set_sample_rate_80 | 0000000000000000000000001000000000000 |                           001100
reset_set_sample_rate_80_wait_ack | 0000000000000000000000010000000000000 |                           001101
reset_send_sample_rate_80 | 0000000000000000000000100000000000000 |                           001110
reset_send_sample_rate_80_wait_ack | 0000000000000000000001000000000000000 |                           001111
           reset_read_id | 0000000000000000000010000000000000000 |                           010000
  reset_read_id_wait_ack | 0000000000000000000100000000000000000 |                           010001
   reset_read_id_wait_id | 0000000000000000001000000000000000000 |                           010010
    reset_set_resolution | 0000000000000000010000000000000000000 |                           010011
reset_set_resolution_wait_ack | 0000000000000000100000000000000000000 |                           010100
   reset_send_resolution | 0000000000000001000000000000000000000 |                           010101
reset_send_resolution_wait_ack | 0000000000000010000000000000000000000 |                           010110
reset_set_sample_rate_40 | 0000000000000100000000000000000000000 |                           010111
reset_set_sample_rate_40_wait_ack | 0000000000001000000000000000000000000 |                           011000
reset_send_sample_rate_40 | 0000000000010000000000000000000000000 |                           011001
reset_send_sample_rate_40_wait_ack | 0000000000100000000000000000000000000 |                           011010
  reset_enable_reporting | 0000000001000000000000000000000000000 |                           011011
reset_enable_reporting_wait_ack | 0000000010000000000000000000000000000 |                           011100
             read_byte_1 | 0000000100000000000000000000000000000 |                           011101
             read_byte_2 | 0000001000000000000000000000000000000 |                           011110
             read_byte_3 | 0000010000000000000000000000000000000 |                           011111
             read_byte_4 | 0000100000000000000000000000000000000 |                           100000
          mark_new_event | 0001000000000000000000000000000000000 |                           100100
           check_read_id | 0010000000000000000000000000000000000 |                           100001
  check_read_id_wait_ack | 0100000000000000000000000000000000000 |                           100010
   check_read_id_wait_id | 1000000000000000000000000000000000000 |                           100011
---------------------------------------------------------------------------------------------------
INFO: [Synth 8-3354] encoded FSM with state register 'state_reg' using encoding 'one-hot' in module 'MouseCtl'
---------------------------------------------------------------------------------------------------
                   State |                     New Encoding |                Previous Encoding 
---------------------------------------------------------------------------------------------------
                 ST_MENU |                               00 |                               00
                 ST_PLAY |                               01 |                               01
            ST_GAME_OVER |                               10 |                               10
             ST_SETTINGS |                               11 |                               11
---------------------------------------------------------------------------------------------------
INFO: [Synth 8-3354] encoded FSM with state register 'game_state_reg' using encoding 'sequential' in module 'game_fsm'
---------------------------------------------------------------------------------------------------
                   State |                     New Encoding |                Previous Encoding 
---------------------------------------------------------------------------------------------------
                    IDLE |                               00 |                               00
                   START |                               01 |                               01
                    DATA |                               10 |                               10
                    STOP |                               11 |                               11
---------------------------------------------------------------------------------------------------
INFO: [Synth 8-3354] encoded FSM with state register 'state_reg' using encoding 'sequential' in module 'uart_tx'
---------------------------------------------------------------------------------------------------
                   State |                     New Encoding |                Previous Encoding 
---------------------------------------------------------------------------------------------------
                 TX_IDLE |                              001 |                               00
                 TX_LOAD |                              010 |                               01
              TX_SENDING |                              100 |                               10
---------------------------------------------------------------------------------------------------
INFO: [Synth 8-3354] encoded FSM with state register 'tx_state_reg' using encoding 'one-hot' in module 'link_tx_ctl'
---------------------------------------------------------------------------------------------------
                   State |                     New Encoding |                Previous Encoding 
---------------------------------------------------------------------------------------------------
                    IDLE |                               00 |                               00
                   START |                               01 |                               01
                    DATA |                               10 |                               10
                    STOP |                               11 |                               11
---------------------------------------------------------------------------------------------------
INFO: [Synth 8-3354] encoded FSM with state register 'state_reg' using encoding 'sequential' in module 'uart_rx'
---------------------------------------------------------------------------------
Finished RTL Optimization Phase 2 : Time (s): cpu = 00:00:17 ; elapsed = 00:00:23 . Memory (MB): peak = 2781.730 ; gain = 63.910 ; free physical = 5921 ; free virtual = 13771
---------------------------------------------------------------------------------
---------------------------------------------------------------------------------
Start RTL Component Statistics 
---------------------------------------------------------------------------------
Detailed RTL Component Info : 
+---Adders : 
	   2 Input   26 Bit       Adders := 1     
	   2 Input   24 Bit       Adders := 2     
	   2 Input   14 Bit       Adders := 2     
	   3 Input   14 Bit       Adders := 4     
	   3 Input   13 Bit       Adders := 22    
	   2 Input   13 Bit       Adders := 14    
	   4 Input   13 Bit       Adders := 2     
	   2 Input   12 Bit       Adders := 15    
	   3 Input   12 Bit       Adders := 2     
	   2 Input   11 Bit       Adders := 6     
	   2 Input    8 Bit       Adders := 21    
	   2 Input    7 Bit       Adders := 19    
	   2 Input    4 Bit       Adders := 11    
	   3 Input    4 Bit       Adders := 2     
	   2 Input    3 Bit       Adders := 16    
	   2 Input    2 Bit       Adders := 3     
+---XORs : 
	   3 Input      8 Bit         XORs := 1     
	   9 Input      8 Bit         XORs := 1     
	   2 Input      8 Bit         XORs := 1     
+---Registers : 
	               26 Bit    Registers := 1     
	               24 Bit    Registers := 2     
	               13 Bit    Registers := 2     
	               12 Bit    Registers := 94    
	               11 Bit    Registers := 134   
	                8 Bit    Registers := 52    
	                7 Bit    Registers := 23    
	                4 Bit    Registers := 15    
	                3 Bit    Registers := 3     
	                2 Bit    Registers := 5     
	                1 Bit    Registers := 437   
+---ROMs : 
	                    ROMs := 19    
+---Muxes : 
	  37 Input   37 Bit        Muxes := 1     
	   2 Input   37 Bit        Muxes := 69    
	   2 Input   26 Bit        Muxes := 1     
	   2 Input   24 Bit        Muxes := 1     
	   3 Input   24 Bit        Muxes := 1     
	  17 Input   17 Bit        Muxes := 1     
	   2 Input   17 Bit        Muxes := 18    
	   2 Input   13 Bit        Muxes := 29    
	   2 Input   12 Bit        Muxes := 78    
	   4 Input   12 Bit        Muxes := 1     
	   6 Input   12 Bit        Muxes := 1     
	   3 Input   12 Bit        Muxes := 11    
	   2 Input   11 Bit        Muxes := 4     
	   2 Input   10 Bit        Muxes := 2     
	   3 Input   10 Bit        Muxes := 1     
	   2 Input    9 Bit        Muxes := 3     
	  37 Input    8 Bit        Muxes := 3     
	   2 Input    8 Bit        Muxes := 10    
	   4 Input    8 Bit        Muxes := 3     
	   3 Input    8 Bit        Muxes := 1     
	 257 Input    8 Bit        Muxes := 22    
	   2 Input    7 Bit        Muxes := 8     
	  37 Input    4 Bit        Muxes := 1     
	   4 Input    4 Bit        Muxes := 1     
	   2 Input    4 Bit        Muxes := 8     
	   3 Input    4 Bit        Muxes := 1     
	   2 Input    3 Bit        Muxes := 2     
	   4 Input    3 Bit        Muxes := 2     
	   2 Input    2 Bit        Muxes := 10    
	   4 Input    2 Bit        Muxes := 3     
	   2 Input    1 Bit        Muxes := 76    
	  17 Input    1 Bit        Muxes := 4     
	  37 Input    1 Bit        Muxes := 20    
	   4 Input    1 Bit        Muxes := 13    
	   3 Input    1 Bit        Muxes := 6     
---------------------------------------------------------------------------------
Finished RTL Component Statistics 
---------------------------------------------------------------------------------
---------------------------------------------------------------------------------
Start Part Resource Summary
---------------------------------------------------------------------------------
Part Resources:
DSPs: 90 (col length:60)
BRAMs: 100 (col length: RAMB18 60 RAMB36 30)
---------------------------------------------------------------------------------
Finished Part Resource Summary
---------------------------------------------------------------------------------
---------------------------------------------------------------------------------
Start Cross Boundary and Area Optimization
---------------------------------------------------------------------------------
WARNING: [Synth 8-7080] Parallel synthesis criteria is not met
DSP Report: Generating DSP cdist_sq0, operation Mode is: A*B.
DSP Report: operator cdist_sq0 is absorbed into DSP cdist_sq0.
DSP Report: Generating DSP cdist_sq, operation Mode is: PCIN+A*B.
DSP Report: operator cdist_sq is absorbed into DSP cdist_sq.
DSP Report: operator cdist_sq0 is absorbed into DSP cdist_sq.
DSP Report: Generating DSP dist_sq0, operation Mode is: A*B.
DSP Report: operator dist_sq0 is absorbed into DSP dist_sq0.
DSP Report: Generating DSP dist_sq, operation Mode is: PCIN+A*B.
DSP Report: operator dist_sq is absorbed into DSP dist_sq.
DSP Report: operator dist_sq0 is absorbed into DSP dist_sq.
DSP Report: Generating DSP hi_dist_sq0, operation Mode is: A*B.
DSP Report: operator hi_dist_sq0 is absorbed into DSP hi_dist_sq0.
DSP Report: Generating DSP hi_dist_sq, operation Mode is: PCIN+A*B.
DSP Report: operator hi_dist_sq is absorbed into DSP hi_dist_sq.
DSP Report: operator hi_dist_sq0 is absorbed into DSP hi_dist_sq.
DSP Report: Generating DSP dist_sq0, operation Mode is: A*B.
DSP Report: operator dist_sq0 is absorbed into DSP dist_sq0.
DSP Report: Generating DSP dist_sq, operation Mode is: PCIN+A*B.
DSP Report: operator dist_sq is absorbed into DSP dist_sq.
DSP Report: operator dist_sq0 is absorbed into DSP dist_sq.
DSP Report: Generating DSP hi_dist_sq0, operation Mode is: A*B.
DSP Report: operator hi_dist_sq0 is absorbed into DSP hi_dist_sq0.
DSP Report: Generating DSP hi_dist_sq, operation Mode is: PCIN+A*B.
DSP Report: operator hi_dist_sq is absorbed into DSP hi_dist_sq.
DSP Report: operator hi_dist_sq0 is absorbed into DSP hi_dist_sq.
DSP Report: Generating DSP dist_sq0, operation Mode is: A*B.
DSP Report: operator dist_sq0 is absorbed into DSP dist_sq0.
DSP Report: Generating DSP dist_sq, operation Mode is: PCIN+A*B.
DSP Report: operator dist_sq is absorbed into DSP dist_sq.
DSP Report: operator dist_sq0 is absorbed into DSP dist_sq.
DSP Report: Generating DSP hi_dist_sq0, operation Mode is: A*B.
DSP Report: operator hi_dist_sq0 is absorbed into DSP hi_dist_sq0.
DSP Report: Generating DSP hi_dist_sq, operation Mode is: PCIN+A*B.
DSP Report: operator hi_dist_sq is absorbed into DSP hi_dist_sq.
DSP Report: operator hi_dist_sq0 is absorbed into DSP hi_dist_sq.
---------------------------------------------------------------------------------
Finished Cross Boundary and Area Optimization : Time (s): cpu = 00:00:39 ; elapsed = 00:00:47 . Memory (MB): peak = 2781.730 ; gain = 63.910 ; free physical = 5884 ; free virtual = 13742
---------------------------------------------------------------------------------
---------------------------------------------------------------------------------
Start ROM, RAM, DSP, Shift Register and Retiming Reporting
---------------------------------------------------------------------------------

ROM: Preliminary Mapping Report
+--------------+------------------------------------------------+---------------+----------------+
|Module Name   | RTL Object                                     | Depth x Width | Implemented As | 
+--------------+------------------------------------------------+---------------+----------------+
|MouseDisplay  | mouserom[0]                                    | 256x2         | LUT            | 
|draw_digit    | u_font_rom/char_line_pixels_reg                | 2048x8        | Block RAM      | 
|draw_digit    | u_font_rom/char_line_pixels_reg                | 2048x8        | Block RAM      | 
|draw_digit    | u_font_rom/char_line_pixels_reg                | 2048x8        | Block RAM      | 
|draw_digit    | u_font_rom/char_line_pixels_reg                | 2048x8        | Block RAM      | 
|draw_digit    | u_font_rom/char_line_pixels_reg                | 2048x8        | Block RAM      | 
|draw_mouse    | u_mouse_display/mouserom[0]                    | 256x2         | LUT            | 
|top_airhockey | u_font_rom_title/char_line_pixels_reg          | 2048x8        | Block RAM      | 
|top_airhockey | u_font_rom_label/char_line_pixels_reg          | 2048x8        | Block RAM      | 
|top_airhockey | u_font_rom_settings_label/char_line_pixels_reg | 2048x8        | Block RAM      | 
|top_airhockey | u_font_rom_winlbl/char_line_pixels_reg         | 2048x8        | Block RAM      | 
|top_airhockey | u_font_rom_winminus/char_line_pixels_reg       | 2048x8        | Block RAM      | 
|top_airhockey | u_font_rom_winplus/char_line_pixels_reg        | 2048x8        | Block RAM      | 
|top_airhockey | u_font_rom_difflbl/char_line_pixels_reg        | 2048x8        | Block RAM      | 
|top_airhockey | u_font_rom_diffminus/char_line_pixels_reg      | 2048x8        | Block RAM      | 
|top_airhockey | u_font_rom_diffval/char_line_pixels_reg        | 2048x8        | Block RAM      | 
|top_airhockey | u_font_rom_diffplus/char_line_pixels_reg       | 2048x8        | Block RAM      | 
|top_airhockey | u_font_rom_modelbl/char_line_pixels_reg        | 2048x8        | Block RAM      | 
|top_airhockey | u_font_rom_modeminus/char_line_pixels_reg      | 2048x8        | Block RAM      | 
|top_airhockey | u_font_rom_modeval/char_line_pixels_reg        | 2048x8        | Block RAM      | 
|top_airhockey | u_font_rom_modeplus/char_line_pixels_reg       | 2048x8        | Block RAM      | 
+--------------+------------------------------------------------+---------------+----------------+


DSP: Preliminary Mapping Report (see note below. The ' indicates corresponding REG is set)
+------------+-------------+--------+--------+--------+--------+--------+------+------+------+------+-------+------+------+
|Module Name | DSP Mapping | A Size | B Size | C Size | D Size | P Size | AREG | BREG | CREG | DREG | ADREG | MREG | PREG | 
+------------+-------------+--------+--------+--------+--------+--------+------+------+------+------+-------+------+------+
|draw_rink   | A*B         | 12     | 12     | -      | -      | 24     | 0    | 0    | -    | -    | -     | 0    | 0    | 
|draw_rink   | PCIN+A*B    | 12     | 12     | -      | -      | 24     | 0    | 0    | -    | -    | -     | 0    | 0    | 
|draw_circle | A*B         | 13     | 13     | -      | -      | 26     | 0    | 0    | -    | -    | -     | 0    | 0    | 
|draw_circle | PCIN+A*B    | 13     | 13     | -      | -      | 26     | 0    | 0    | -    | -    | -     | 0    | 0    | 
|draw_circle | A*B         | 13     | 13     | -      | -      | 26     | 0    | 0    | -    | -    | -     | 0    | 0    | 
|draw_circle | PCIN+A*B    | 13     | 13     | -      | -      | 26     | 0    | 0    | -    | -    | -     | 0    | 0    | 
|draw_circle | A*B         | 13     | 13     | -      | -      | 26     | 0    | 0    | -    | -    | -     | 0    | 0    | 
|draw_circle | PCIN+A*B    | 13     | 13     | -      | -      | 26     | 0    | 0    | -    | -    | -     | 0    | 0    | 
|draw_circle | A*B         | 13     | 13     | -      | -      | 26     | 0    | 0    | -    | -    | -     | 0    | 0    | 
|draw_circle | PCIN+A*B    | 13     | 13     | -      | -      | 26     | 0    | 0    | -    | -    | -     | 0    | 0    | 
|draw_circle | A*B         | 13     | 13     | -      | -      | 26     | 0    | 0    | -    | -    | -     | 0    | 0    | 
|draw_circle | PCIN+A*B    | 13     | 13     | -      | -      | 26     | 0    | 0    | -    | -    | -     | 0    | 0    | 
|draw_circle | A*B         | 13     | 13     | -      | -      | 26     | 0    | 0    | -    | -    | -     | 0    | 0    | 
|draw_circle | PCIN+A*B    | 13     | 13     | -      | -      | 26     | 0    | 0    | -    | -    | -     | 0    | 0    | 
+------------+-------------+--------+--------+--------+--------+--------+------+------+------+------+-------+------+------+

Note: The table above is a preliminary report that shows the DSPs inferred at the current stage of the synthesis flow. Some DSP may be reimplemented as non DSP primitives later in the synthesis flow. Multiple instantiated DSPs are reported only once.
---------------------------------------------------------------------------------
Finished ROM, RAM, DSP, Shift Register and Retiming Reporting
---------------------------------------------------------------------------------
---------------------------------------------------------------------------------
Start Applying XDC Timing Constraints
---------------------------------------------------------------------------------
---------------------------------------------------------------------------------
Finished Applying XDC Timing Constraints : Time (s): cpu = 00:00:45 ; elapsed = 00:00:53 . Memory (MB): peak = 2781.730 ; gain = 63.910 ; free physical = 5733 ; free virtual = 13593
---------------------------------------------------------------------------------
---------------------------------------------------------------------------------
Start Timing Optimization
---------------------------------------------------------------------------------
---------------------------------------------------------------------------------
Finished Timing Optimization : Time (s): cpu = 00:00:47 ; elapsed = 00:00:55 . Memory (MB): peak = 2781.730 ; gain = 63.910 ; free physical = 5707 ; free virtual = 13566
---------------------------------------------------------------------------------
---------------------------------------------------------------------------------
Start Technology Mapping
---------------------------------------------------------------------------------
INFO: [Synth 8-7052] The timing for the instance u_top_airhockey/u_draw_score1_tens/u_font_rom/char_line_pixels_reg (implemented as a Block RAM) might be sub-optimal as no optional output register could be merged into the ram block. Providing additional output register may help in improving timing.
INFO: [Synth 8-7052] The timing for the instance u_top_airhockey/u_draw_score1_tens/u_font_rom/char_line_pixels_reg (implemented as a Block RAM) might be sub-optimal as no optional output register could be merged into the ram block. Providing additional output register may help in improving timing.
INFO: [Synth 8-7052] The timing for the instance u_top_airhockey/u_draw_score2_tens/u_font_rom/char_line_pixels_reg (implemented as a Block RAM) might be sub-optimal as no optional output register could be merged into the ram block. Providing additional output register may help in improving timing.
INFO: [Synth 8-7052] The timing for the instance u_top_airhockey/u_draw_score2_tens/u_font_rom/char_line_pixels_reg (implemented as a Block RAM) might be sub-optimal as no optional output register could be merged into the ram block. Providing additional output register may help in improving timing.
INFO: [Synth 8-7052] The timing for the instance u_top_airhockey/u_draw_win_value/u_font_rom/char_line_pixels_reg (implemented as a Block RAM) might be sub-optimal as no optional output register could be merged into the ram block. Providing additional output register may help in improving timing.
INFO: [Synth 8-7052] The timing for the instance u_top_airhockey/u_draw_win_value/u_font_rom/char_line_pixels_reg (implemented as a Block RAM) might be sub-optimal as no optional output register could be merged into the ram block. Providing additional output register may help in improving timing.
INFO: [Synth 8-7052] The timing for the instance u_top_airhockey/u_font_rom_label/char_line_pixels_reg (implemented as a Block RAM) might be sub-optimal as no optional output register could be merged into the ram block. Providing additional output register may help in improving timing.
INFO: [Synth 8-7052] The timing for the instance u_top_airhockey/u_font_rom_label/char_line_pixels_reg (implemented as a Block RAM) might be sub-optimal as no optional output register could be merged into the ram block. Providing additional output register may help in improving timing.
INFO: [Synth 8-7052] The timing for the instance u_top_airhockey/u_font_rom_winlbl/char_line_pixels_reg (implemented as a Block RAM) might be sub-optimal as no optional output register could be merged into the ram block. Providing additional output register may help in improving timing.
INFO: [Synth 8-7052] The timing for the instance u_top_airhockey/u_font_rom_winlbl/char_line_pixels_reg (implemented as a Block RAM) might be sub-optimal as no optional output register could be merged into the ram block. Providing additional output register may help in improving timing.
INFO: [Synth 8-7052] The timing for the instance u_top_airhockey/u_font_rom_winplus/char_line_pixels_reg (implemented as a Block RAM) might be sub-optimal as no optional output register could be merged into the ram block. Providing additional output register may help in improving timing.
INFO: [Synth 8-7052] The timing for the instance u_top_airhockey/u_font_rom_winplus/char_line_pixels_reg (implemented as a Block RAM) might be sub-optimal as no optional output register could be merged into the ram block. Providing additional output register may help in improving timing.
INFO: [Synth 8-7052] The timing for the instance u_top_airhockey/u_font_rom_diffminus/char_line_pixels_reg (implemented as a Block RAM) might be sub-optimal as no optional output register could be merged into the ram block. Providing additional output register may help in improving timing.
INFO: [Synth 8-7052] The timing for the instance u_top_airhockey/u_font_rom_diffminus/char_line_pixels_reg (implemented as a Block RAM) might be sub-optimal as no optional output register could be merged into the ram block. Providing additional output register may help in improving timing.
INFO: [Synth 8-7052] The timing for the instance u_top_airhockey/u_font_rom_diffplus/char_line_pixels_reg (implemented as a Block RAM) might be sub-optimal as no optional output register could be merged into the ram block. Providing additional output register may help in improving timing.
INFO: [Synth 8-7052] The timing for the instance u_top_airhockey/u_font_rom_diffplus/char_line_pixels_reg (implemented as a Block RAM) might be sub-optimal as no optional output register could be merged into the ram block. Providing additional output register may help in improving timing.
INFO: [Synth 8-7052] The timing for the instance u_top_airhockey/u_font_rom_modeminus/char_line_pixels_reg (implemented as a Block RAM) might be sub-optimal as no optional output register could be merged into the ram block. Providing additional output register may help in improving timing.
INFO: [Synth 8-7052] The timing for the instance u_top_airhockey/u_font_rom_modeminus/char_line_pixels_reg (implemented as a Block RAM) might be sub-optimal as no optional output register could be merged into the ram block. Providing additional output register may help in improving timing.
INFO: [Synth 8-7052] The timing for the instance u_top_airhockey/u_font_rom_modeplus/char_line_pixels_reg (implemented as a Block RAM) might be sub-optimal as no optional output register could be merged into the ram block. Providing additional output register may help in improving timing.
---------------------------------------------------------------------------------
Finished Technology Mapping : Time (s): cpu = 00:00:50 ; elapsed = 00:00:58 . Memory (MB): peak = 2781.730 ; gain = 63.910 ; free physical = 5692 ; free virtual = 13552
---------------------------------------------------------------------------------
---------------------------------------------------------------------------------
Start IO Insertion
---------------------------------------------------------------------------------
---------------------------------------------------------------------------------
Start Flattening Before IO Insertion
---------------------------------------------------------------------------------
---------------------------------------------------------------------------------
Finished Flattening Before IO Insertion
---------------------------------------------------------------------------------
---------------------------------------------------------------------------------
Start Final Netlist Cleanup
---------------------------------------------------------------------------------
---------------------------------------------------------------------------------
Finished Final Netlist Cleanup
---------------------------------------------------------------------------------
---------------------------------------------------------------------------------
Finished IO Insertion : Time (s): cpu = 00:00:53 ; elapsed = 00:01:01 . Memory (MB): peak = 2781.730 ; gain = 63.910 ; free physical = 5688 ; free virtual = 13548
---------------------------------------------------------------------------------
---------------------------------------------------------------------------------
Start Renaming Generated Instances
---------------------------------------------------------------------------------
---------------------------------------------------------------------------------
Finished Renaming Generated Instances : Time (s): cpu = 00:00:53 ; elapsed = 00:01:01 . Memory (MB): peak = 2781.730 ; gain = 63.910 ; free physical = 5688 ; free virtual = 13548
---------------------------------------------------------------------------------
---------------------------------------------------------------------------------
Start Rebuilding User Hierarchy
---------------------------------------------------------------------------------
---------------------------------------------------------------------------------
Finished Rebuilding User Hierarchy : Time (s): cpu = 00:00:54 ; elapsed = 00:01:02 . Memory (MB): peak = 2781.730 ; gain = 63.910 ; free physical = 5698 ; free virtual = 13558
---------------------------------------------------------------------------------
---------------------------------------------------------------------------------
Start Renaming Generated Ports
---------------------------------------------------------------------------------
---------------------------------------------------------------------------------
Finished Renaming Generated Ports : Time (s): cpu = 00:00:54 ; elapsed = 00:01:02 . Memory (MB): peak = 2781.730 ; gain = 63.910 ; free physical = 5698 ; free virtual = 13558
---------------------------------------------------------------------------------
---------------------------------------------------------------------------------
Start Handling Custom Attributes
---------------------------------------------------------------------------------
---------------------------------------------------------------------------------
Finished Handling Custom Attributes : Time (s): cpu = 00:00:54 ; elapsed = 00:01:02 . Memory (MB): peak = 2781.730 ; gain = 63.910 ; free physical = 5698 ; free virtual = 13558
---------------------------------------------------------------------------------
---------------------------------------------------------------------------------
Start Renaming Generated Nets
---------------------------------------------------------------------------------
---------------------------------------------------------------------------------
Finished Renaming Generated Nets : Time (s): cpu = 00:00:54 ; elapsed = 00:01:02 . Memory (MB): peak = 2781.730 ; gain = 63.910 ; free physical = 5698 ; free virtual = 13558
---------------------------------------------------------------------------------
---------------------------------------------------------------------------------
Start ROM, RAM, DSP, Shift Register and Retiming Reporting
---------------------------------------------------------------------------------

Static Shift Register Report:
+---------------------+----------------------------------------------------+--------+-------+--------------+--------------------+-------------------+--------+---------+
|Module Name          | RTL Name                                           | Length | Width | Reset Signal | Pull out first Reg | Pull out last Reg | SRL16E | SRLC32E | 
+---------------------+----------------------------------------------------+--------+-------+--------------+--------------------+-------------------+--------+---------+
|top_airhockey_basys3 | u_top_airhockey/u_draw_modeplus_label/vsync_d2_reg | 63     | 1     | YES          | NO                 | YES               | 0      | 2       | 
|top_airhockey_basys3 | u_top_airhockey/u_draw_modeplus_label/hsync_d2_reg | 64     | 1     | YES          | NO                 | YES               | 0      | 2       | 
+---------------------+----------------------------------------------------+--------+-------+--------------+--------------------+-------------------+--------+---------+

---------------------------------------------------------------------------------
Finished ROM, RAM, DSP, Shift Register and Retiming Reporting
---------------------------------------------------------------------------------
---------------------------------------------------------------------------------
Start Writing Synthesis Report
---------------------------------------------------------------------------------

Report BlackBoxes: 
+-+--------------+----------+
| |BlackBox name |Instances |
+-+--------------+----------+
+-+--------------+----------+

Report Cell Usage: 
+------+-----------+------+
|      |Cell       |Count |
+------+-----------+------+
|1     |BUFG       |     1|
|2     |BUFGCE     |     2|
|3     |BUFH       |     2|
|4     |CARRY4     |   278|
|5     |DSP48E1    |    14|
|6     |LUT1       |   190|
|7     |LUT2       |   608|
|8     |LUT3       |   380|
|9     |LUT4       |   526|
|10    |LUT5       |   396|
|11    |LUT6       |   863|
|12    |MMCME2_ADV |     1|
|13    |MUXF7      |    11|
|14    |ODDR       |     1|
|15    |RAMB18E1   |    10|
|16    |SRLC32E    |     4|
|17    |FDCE       |   115|
|18    |FDPE       |     8|
|19    |FDRE       |  3115|
|20    |FDSE       |   218|
|21    |IBUF       |     5|
|22    |IOBUF      |     2|
|23    |OBUF       |    17|
+------+-----------+------+
---------------------------------------------------------------------------------
Finished Writing Synthesis Report : Time (s): cpu = 00:00:54 ; elapsed = 00:01:02 . Memory (MB): peak = 2781.730 ; gain = 63.910 ; free physical = 5698 ; free virtual = 13558
---------------------------------------------------------------------------------
Synthesis finished with 0 errors, 0 critical warnings and 1 warnings.
Synthesis Optimization Runtime : Time (s): cpu = 00:00:52 ; elapsed = 00:01:00 . Memory (MB): peak = 2781.730 ; gain = 0.000 ; free physical = 5772 ; free virtual = 13632
Synthesis Optimization Complete : Time (s): cpu = 00:00:54 ; elapsed = 00:01:02 . Memory (MB): peak = 2781.730 ; gain = 63.910 ; free physical = 5772 ; free virtual = 13632
INFO: [Project 1-571] Translating synthesized netlist
Netlist sorting complete. Time (s): cpu = 00:00:00.06 ; elapsed = 00:00:00.06 . Memory (MB): peak = 2781.730 ; gain = 0.000 ; free physical = 5855 ; free virtual = 13715
WARNING: [Netlist 29-345] The value of SIM_DEVICE on instance 'u_clk_wiz/inst/clkout1_buf' of type 'BUFGCE' is 'ULTRASCALE'; it is being changed to match the current FPGA architecture, '7SERIES'. For functional simulation to match hardware behavior, the value of SIM_DEVICE should be changed in the source netlist. 
WARNING: [Netlist 29-345] The value of SIM_DEVICE on instance 'u_clk_wiz/inst/clkout2_buf' of type 'BUFGCE' is 'ULTRASCALE'; it is being changed to match the current FPGA architecture, '7SERIES'. For functional simulation to match hardware behavior, the value of SIM_DEVICE should be changed in the source netlist. 
INFO: [Netlist 29-17] Analyzing 319 Unisim elements for replacement
INFO: [Netlist 29-28] Unisim Transformation completed in 0 CPU seconds
INFO: [Project 1-570] Preparing netlist for logic optimization
INFO: [Opt 31-138] Pushed 0 inverter(s) to 0 load pin(s).
Netlist sorting complete. Time (s): cpu = 00:00:00 ; elapsed = 00:00:00 . Memory (MB): peak = 2781.730 ; gain = 0.000 ; free physical = 5808 ; free virtual = 13668
INFO: [Project 1-111] Unisim Transformation Summary:
  A total of 4 instances were transformed.
  BUFGCE => BUFGCTRL: 2 instances
  IOBUF => IOBUF (IBUF, OBUFT): 2 instances

Synth Design complete, checksum: 83ad6502
INFO: [Common 17-83] Releasing license: Synthesis
264 Infos, 9 Warnings, 0 Critical Warnings and 0 Errors encountered.
synth_design completed successfully
synth_design: Time (s): cpu = 00:01:03 ; elapsed = 00:01:07 . Memory (MB): peak = 2781.730 ; gain = 64.031 ; free physical = 6031 ; free virtual = 13891
INFO: [Common 17-1381] The checkpoint '/home/student/jwojciechowska/Desktop/projekt_cymbergaj_JW_KH-projekt_gra/fpga/build/airhockey_project.runs/synth_1/top_airhockey_basys3.dcp' has been generated.
INFO: [runtcl-4] Executing : report_utilization -file top_airhockey_basys3_utilization_synth.rpt -pb top_airhockey_basys3_utilization_synth.pb
INFO: [Common 17-206] Exiting Vivado at Sun Aug 30 09:01:38 2026...
[Sun Aug 30 09:01:49 2026] synth_1 finished
wait_on_runs: Time (s): cpu = 00:01:18 ; elapsed = 00:01:31 . Memory (MB): peak = 2717.809 ; gain = 0.000 ; free physical = 6912 ; free virtual = 14758
[Sun Aug 30 09:01:49 2026] Launched impl_1...
Run output will be captured here: /home/student/jwojciechowska/Desktop/projekt_cymbergaj_JW_KH-projekt_gra/fpga/build/airhockey_project.runs/impl_1/runme.log
[Sun Aug 30 09:01:49 2026] Waiting for impl_1 to finish...

*** Running vivado
    with args -log top_airhockey_basys3.vdi -applog -m64 -product Vivado -messageDb vivado.pb -mode batch -source top_airhockey_basys3.tcl -notrace


****** Vivado v2021.2 (64-bit)
  **** SW Build 3367213 on Tue Oct 19 02:47:39 MDT 2021
  **** IP Build 3369179 on Thu Oct 21 08:25:16 MDT 2021
    ** Copyright 1986-2021 Xilinx, Inc. All Rights Reserved.

source top_airhockey_basys3.tcl -notrace
Command: link_design -top top_airhockey_basys3 -part xc7a35tcpg236-1
Design is defaulting to srcset: sources_1
Design is defaulting to constrset: constrs_1
INFO: [Device 21-403] Loading part xc7a35tcpg236-1
Netlist sorting complete. Time (s): cpu = 00:00:00.03 ; elapsed = 00:00:00.04 . Memory (MB): peak = 2717.820 ; gain = 0.000 ; free physical = 6310 ; free virtual = 14157
INFO: [Netlist 29-17] Analyzing 317 Unisim elements for replacement
INFO: [Netlist 29-28] Unisim Transformation completed in 0 CPU seconds
INFO: [Project 1-479] Netlist was created with Vivado 2021.2
INFO: [Project 1-570] Preparing netlist for logic optimization
Parsing XDC File [/home/student/jwojciechowska/Desktop/projekt_cymbergaj_JW_KH-projekt_gra/fpga/constraints/top_airhockey_basys3.xdc]
Finished Parsing XDC File [/home/student/jwojciechowska/Desktop/projekt_cymbergaj_JW_KH-projekt_gra/fpga/constraints/top_airhockey_basys3.xdc]
Parsing XDC File [/home/student/jwojciechowska/Desktop/projekt_cymbergaj_JW_KH-projekt_gra/fpga/constraints/clk_wiz_0.xdc]
INFO: [Timing 38-35] Done setting XDC timing constraints. [/home/student/jwojciechowska/Desktop/projekt_cymbergaj_JW_KH-projekt_gra/fpga/constraints/clk_wiz_0.xdc:57]
INFO: [Timing 38-2] Deriving generated clocks [/home/student/jwojciechowska/Desktop/projekt_cymbergaj_JW_KH-projekt_gra/fpga/constraints/clk_wiz_0.xdc:57]
get_clocks: Time (s): cpu = 00:00:06 ; elapsed = 00:00:06 . Memory (MB): peak = 2856.602 ; gain = 82.875 ; free physical = 5844 ; free virtual = 13691
Finished Parsing XDC File [/home/student/jwojciechowska/Desktop/projekt_cymbergaj_JW_KH-projekt_gra/fpga/constraints/clk_wiz_0.xdc]
Parsing XDC File [/home/student/jwojciechowska/Desktop/projekt_cymbergaj_JW_KH-projekt_gra/fpga/constraints/clk_wiz_0_late.xdc]
Finished Parsing XDC File [/home/student/jwojciechowska/Desktop/projekt_cymbergaj_JW_KH-projekt_gra/fpga/constraints/clk_wiz_0_late.xdc]
INFO: [Opt 31-138] Pushed 0 inverter(s) to 0 load pin(s).
Netlist sorting complete. Time (s): cpu = 00:00:00 ; elapsed = 00:00:00 . Memory (MB): peak = 2856.605 ; gain = 0.000 ; free physical = 5852 ; free virtual = 13699
INFO: [Project 1-111] Unisim Transformation Summary:
  A total of 2 instances were transformed.
  IOBUF => IOBUF (IBUF, OBUFT): 2 instances

9 Infos, 0 Warnings, 0 Critical Warnings and 0 Errors encountered.
link_design completed successfully
link_design: Time (s): cpu = 00:00:11 ; elapsed = 00:00:11 . Memory (MB): peak = 2856.605 ; gain = 138.902 ; free physical = 5852 ; free virtual = 13699
Command: opt_design
Attempting to get a license for feature 'Implementation' and/or device 'xc7a35t'
INFO: [Common 17-349] Got license for feature 'Implementation' and/or device 'xc7a35t'
Running DRC as a precondition to command opt_design

Starting DRC Task
INFO: [DRC 23-27] Running DRC with 8 threads
INFO: [Project 1-461] DRC finished with 0 Errors
INFO: [Project 1-462] Please refer to the DRC report (report_drc) for more information.

Time (s): cpu = 00:00:01 ; elapsed = 00:00:00.81 . Memory (MB): peak = 2920.633 ; gain = 64.027 ; free physical = 5840 ; free virtual = 13686

Starting Cache Timing Information Task
INFO: [Timing 38-35] Done setting XDC timing constraints.
Ending Cache Timing Information Task | Checksum: 13862b1d7

Time (s): cpu = 00:00:00.58 ; elapsed = 00:00:00.23 . Memory (MB): peak = 2920.633 ; gain = 0.000 ; free physical = 5832 ; free virtual = 13679

Starting Logic Optimization Task

Phase 1 Retarget
INFO: [Opt 31-1287] Pulled Inverter u_top_airhockey/u_draw_modeminus_label/char_code[4]_i_1__10 into driver instance u_top_airhockey/u_draw_modeminus_label/char_code[6]_i_2__6, which resulted in an inversion of 4 pins
INFO: [Opt 31-1287] Pulled Inverter u_top_airhockey/u_mouse/Inst_Ps2Interface/ps2_clk_h_inv_i_1 into driver instance u_top_airhockey/u_mouse/Inst_Ps2Interface/ps2_clk_h_inv_i_2, which resulted in an inversion of 1 pins
INFO: [Opt 31-1287] Pulled Inverter u_top_airhockey/u_mouse/Inst_Ps2Interface/ps2_data_h_inv_i_1 into driver instance u_top_airhockey/u_mouse/Inst_Ps2Interface/ps2_data_h_inv_i_2, which resulted in an inversion of 1 pins
INFO: [Opt 31-1287] Pulled Inverter u_top_airhockey/u_puck_ctl/ai_x[0]_i_62 into driver instance u_top_airhockey/u_puck_ctl/ai_x[4]_i_9, which resulted in an inversion of 4 pins
INFO: [Opt 31-1287] Pulled Inverter u_top_airhockey/u_puck_ctl/ai_y[11]_i_55 into driver instance u_top_airhockey/u_puck_ctl/ai_y[9]_i_2, which resulted in an inversion of 4 pins
INFO: [Opt 31-1287] Pulled Inverter u_top_airhockey/u_puck_ctl/ai_y[11]_i_56 into driver instance u_top_airhockey/u_puck_ctl/ai_y[8]_i_2, which resulted in an inversion of 4 pins
INFO: [Opt 31-1287] Pulled Inverter u_top_airhockey/u_puck_ctl/ai_y[11]_i_68 into driver instance u_top_airhockey/u_puck_ctl/ai_y[7]_i_4, which resulted in an inversion of 4 pins
INFO: [Opt 31-1287] Pulled Inverter u_top_airhockey/u_puck_ctl/ai_y[11]_i_69 into driver instance u_top_airhockey/u_puck_ctl/ai_y[6]_i_2, which resulted in an inversion of 4 pins
INFO: [Opt 31-1287] Pulled Inverter u_top_airhockey/u_puck_ctl/ai_y[11]_i_70 into driver instance u_top_airhockey/u_puck_ctl/ai_y[5]_i_2, which resulted in an inversion of 4 pins
INFO: [Opt 31-1287] Pulled Inverter u_top_airhockey/u_puck_ctl/ai_y[11]_i_74 into driver instance u_top_airhockey/u_puck_ctl/ai_y[3]_i_4, which resulted in an inversion of 5 pins
INFO: [Opt 31-1287] Pulled Inverter u_top_airhockey/u_puck_ctl/ai_y[11]_i_75 into driver instance u_top_airhockey/u_puck_ctl/ai_y[1]_i_2, which resulted in an inversion of 5 pins
INFO: [Opt 31-1287] Pulled Inverter u_top_airhockey/u_puck_ctl/vx[12]_i_10 into driver instance u_top_airhockey/u_puck_ctl/vx[10]_i_2, which resulted in an inversion of 2 pins
INFO: [Opt 31-1287] Pulled Inverter u_top_airhockey/u_puck_ctl/vx[12]_i_11 into driver instance u_top_airhockey/u_puck_ctl/vx[9]_i_2, which resulted in an inversion of 2 pins
INFO: [Opt 31-1287] Pulled Inverter u_top_airhockey/u_puck_ctl/vx[12]_i_8 into driver instance u_top_airhockey/u_puck_ctl/vx[12]_i_7, which resulted in an inversion of 2 pins
INFO: [Opt 31-1287] Pulled Inverter u_top_airhockey/u_puck_ctl/vx[12]_i_9 into driver instance u_top_airhockey/u_puck_ctl/vx[11]_i_2, which resulted in an inversion of 2 pins
INFO: [Opt 31-1287] Pulled Inverter u_top_airhockey/u_puck_ctl/vx[4]_i_5 into driver instance u_top_airhockey/u_puck_ctl/vx[4]_i_3, which resulted in an inversion of 2 pins
INFO: [Opt 31-1287] Pulled Inverter u_top_airhockey/u_puck_ctl/vx[4]_i_6 into driver instance u_top_airhockey/u_puck_ctl/vx[3]_i_2, which resulted in an inversion of 2 pins
INFO: [Opt 31-1287] Pulled Inverter u_top_airhockey/u_puck_ctl/vx[4]_i_7 into driver instance u_top_airhockey/u_puck_ctl/vx[2]_i_2, which resulted in an inversion of 2 pins
INFO: [Opt 31-1287] Pulled Inverter u_top_airhockey/u_puck_ctl/vx[4]_i_8 into driver instance u_top_airhockey/u_puck_ctl/vx[1]_i_2, which resulted in an inversion of 2 pins
INFO: [Opt 31-1287] Pulled Inverter u_top_airhockey/u_puck_ctl/vx[8]_i_4 into driver instance u_top_airhockey/u_puck_ctl/vx[8]_i_3, which resulted in an inversion of 2 pins
INFO: [Opt 31-1287] Pulled Inverter u_top_airhockey/u_puck_ctl/vx[8]_i_5 into driver instance u_top_airhockey/u_puck_ctl/vx[7]_i_2, which resulted in an inversion of 2 pins
INFO: [Opt 31-1287] Pulled Inverter u_top_airhockey/u_puck_ctl/vx[8]_i_6 into driver instance u_top_airhockey/u_puck_ctl/vx[6]_i_2, which resulted in an inversion of 2 pins
INFO: [Opt 31-1287] Pulled Inverter u_top_airhockey/u_puck_ctl/vx[8]_i_7 into driver instance u_top_airhockey/u_puck_ctl/vx[5]_i_2, which resulted in an inversion of 2 pins
INFO: [Opt 31-138] Pushed 0 inverter(s) to 0 load pin(s).
INFO: [Opt 31-49] Retargeted 0 cell(s).
Phase 1 Retarget | Checksum: 209d5bf74

Time (s): cpu = 00:00:00.55 ; elapsed = 00:00:00.23 . Memory (MB): peak = 3132.602 ; gain = 0.004 ; free physical = 5605 ; free virtual = 13452
INFO: [Opt 31-389] Phase Retarget created 0 cells and removed 24 cells
INFO: [Opt 31-1021] In phase Retarget, 2 netlist objects are constrained preventing optimization. Please run opt_design with -debug_log to get more detail. 

Phase 2 Constant propagation
INFO: [Opt 31-138] Pushed 0 inverter(s) to 0 load pin(s).
Phase 2 Constant propagation | Checksum: 21252ea01

Time (s): cpu = 00:00:00.60 ; elapsed = 00:00:00.28 . Memory (MB): peak = 3132.602 ; gain = 0.004 ; free physical = 5605 ; free virtual = 13452
INFO: [Opt 31-389] Phase Constant propagation created 0 cells and removed 1 cells

Phase 3 Sweep
Phase 3 Sweep | Checksum: 21b128265

Time (s): cpu = 00:00:00.68 ; elapsed = 00:00:00.37 . Memory (MB): peak = 3132.602 ; gain = 0.004 ; free physical = 5605 ; free virtual = 13452
INFO: [Opt 31-389] Phase Sweep created 0 cells and removed 0 cells

Phase 4 BUFG optimization
Phase 4 BUFG optimization | Checksum: 1f0e86645

Time (s): cpu = 00:00:00.74 ; elapsed = 00:00:00.43 . Memory (MB): peak = 3132.602 ; gain = 0.004 ; free physical = 5605 ; free virtual = 13452
INFO: [Opt 31-662] Phase BUFG optimization created 0 cells of which 0 are BUFGs and removed 0 cells.

Phase 5 Shift Register Optimization
INFO: [Opt 31-1064] SRL Remap converted 0 SRLs to 0 registers and converted 0 registers of register chains to 0 SRLs
Phase 5 Shift Register Optimization | Checksum: 1f0e86645

Time (s): cpu = 00:00:00.75 ; elapsed = 00:00:00.47 . Memory (MB): peak = 3132.602 ; gain = 0.004 ; free physical = 5605 ; free virtual = 13452
INFO: [Opt 31-389] Phase Shift Register Optimization created 0 cells and removed 0 cells

Phase 6 Post Processing Netlist
Phase 6 Post Processing Netlist | Checksum: 21b128265

Time (s): cpu = 00:00:00.77 ; elapsed = 00:00:00.49 . Memory (MB): peak = 3132.602 ; gain = 0.004 ; free physical = 5605 ; free virtual = 13452
INFO: [Opt 31-389] Phase Post Processing Netlist created 0 cells and removed 0 cells
Opt_design Change Summary
=========================


-------------------------------------------------------------------------------------------------------------------------
|  Phase                        |  #Cells created  |  #Cells Removed  |  #Constrained objects preventing optimizations  |
-------------------------------------------------------------------------------------------------------------------------
|  Retarget                     |               0  |              24  |                                              2  |
|  Constant propagation         |               0  |               1  |                                              0  |
|  Sweep                        |               0  |               0  |                                              0  |
|  BUFG optimization            |               0  |               0  |                                              0  |
|  Shift Register Optimization  |               0  |               0  |                                              0  |
|  Post Processing Netlist      |               0  |               0  |                                              0  |
-------------------------------------------------------------------------------------------------------------------------



Starting Connectivity Check Task

Time (s): cpu = 00:00:00.01 ; elapsed = 00:00:00.01 . Memory (MB): peak = 3132.602 ; gain = 0.000 ; free physical = 5606 ; free virtual = 13453
Ending Logic Optimization Task | Checksum: 13b03e43d

Time (s): cpu = 00:00:00.88 ; elapsed = 00:00:00.60 . Memory (MB): peak = 3132.602 ; gain = 0.004 ; free physical = 5606 ; free virtual = 13453

Starting Power Optimization Task
INFO: [Pwropt 34-132] Skipping clock gating for clocks with a period < 2.00 ns.
INFO: [Timing 38-35] Done setting XDC timing constraints.
INFO: [Pwropt 34-9] Applying IDT optimizations ...
INFO: [Pwropt 34-10] Applying ODC optimizations ...
Running Vector-less Activity Propagation...

Finished Running Vector-less Activity Propagation


Starting PowerOpt Patch Enables Task
INFO: [Pwropt 34-162] WRITE_MODE attribute of 0 BRAM(s) out of a total of 10 has been updated to save power. Run report_power_opt to get a complete listing of the BRAMs updated.
INFO: [Pwropt 34-201] Structural ODC has moved 0 WE to EN ports
Number of BRAM Ports augmented: 0 newly gated: 19 Total Ports: 20
Ending PowerOpt Patch Enables Task | Checksum: 18636383a

Time (s): cpu = 00:00:00.05 ; elapsed = 00:00:00.06 . Memory (MB): peak = 3421.582 ; gain = 0.000 ; free physical = 5588 ; free virtual = 13435
Ending Power Optimization Task | Checksum: 18636383a

Time (s): cpu = 00:00:02 ; elapsed = 00:00:01 . Memory (MB): peak = 3421.582 ; gain = 288.980 ; free physical = 5593 ; free virtual = 13440

Starting Final Cleanup Task
Ending Final Cleanup Task | Checksum: 18636383a

Time (s): cpu = 00:00:00 ; elapsed = 00:00:00 . Memory (MB): peak = 3421.582 ; gain = 0.000 ; free physical = 5593 ; free virtual = 13440

Starting Netlist Obfuscation Task
Netlist sorting complete. Time (s): cpu = 00:00:00.01 ; elapsed = 00:00:00.01 . Memory (MB): peak = 3421.582 ; gain = 0.000 ; free physical = 5593 ; free virtual = 13440
Ending Netlist Obfuscation Task | Checksum: 148b03717

Time (s): cpu = 00:00:00.01 ; elapsed = 00:00:00.01 . Memory (MB): peak = 3421.582 ; gain = 0.000 ; free physical = 5593 ; free virtual = 13440
INFO: [Common 17-83] Releasing license: Implementation
55 Infos, 0 Warnings, 0 Critical Warnings and 0 Errors encountered.
opt_design completed successfully
INFO: [Timing 38-35] Done setting XDC timing constraints.
INFO: [Timing 38-480] Writing timing data to binary archive.
Writing placer database...
Writing XDEF routing.
Writing XDEF routing logical nets.
Writing XDEF routing special nets.
Write XDEF Complete: Time (s): cpu = 00:00:00.27 ; elapsed = 00:00:00.11 . Memory (MB): peak = 3421.582 ; gain = 0.000 ; free physical = 5581 ; free virtual = 13431
INFO: [Common 17-1381] The checkpoint '/home/student/jwojciechowska/Desktop/projekt_cymbergaj_JW_KH-projekt_gra/fpga/build/airhockey_project.runs/impl_1/top_airhockey_basys3_opt.dcp' has been generated.
INFO: [runtcl-4] Executing : report_drc -file top_airhockey_basys3_drc_opted.rpt -pb top_airhockey_basys3_drc_opted.pb -rpx top_airhockey_basys3_drc_opted.rpx
Command: report_drc -file top_airhockey_basys3_drc_opted.rpt -pb top_airhockey_basys3_drc_opted.pb -rpx top_airhockey_basys3_drc_opted.rpx
INFO: [IP_Flow 19-234] Refreshing IP repositories
INFO: [IP_Flow 19-1704] No user IP repositories specified
INFO: [IP_Flow 19-2313] Loaded Vivado IP repository '/home_local/Xilinx/Vivado/2021.2/data/ip'.
INFO: [DRC 23-27] Running DRC with 8 threads
INFO: [Vivado_Tcl 2-168] The results of DRC are in file /home/student/jwojciechowska/Desktop/projekt_cymbergaj_JW_KH-projekt_gra/fpga/build/airhockey_project.runs/impl_1/top_airhockey_basys3_drc_opted.rpt.
report_drc completed successfully
Command: place_design
Attempting to get a license for feature 'Implementation' and/or device 'xc7a35t'
INFO: [Common 17-349] Got license for feature 'Implementation' and/or device 'xc7a35t'
INFO: [DRC 23-27] Running DRC with 8 threads
INFO: [Vivado_Tcl 4-198] DRC finished with 0 Errors
INFO: [Vivado_Tcl 4-199] Please refer to the DRC report (report_drc) for more information.
Running DRC as a precondition to command place_design
INFO: [DRC 23-27] Running DRC with 8 threads
INFO: [Vivado_Tcl 4-198] DRC finished with 0 Errors
INFO: [Vivado_Tcl 4-199] Please refer to the DRC report (report_drc) for more information.

Starting Placer Task
INFO: [Place 30-611] Multithreading enabled for place_design using a maximum of 8 CPUs

Phase 1 Placer Initialization

Phase 1.1 Placer Initialization Netlist Sorting
Netlist sorting complete. Time (s): cpu = 00:00:00 ; elapsed = 00:00:00 . Memory (MB): peak = 3421.582 ; gain = 0.000 ; free physical = 5519 ; free virtual = 13368
Phase 1.1 Placer Initialization Netlist Sorting | Checksum: 1249fe8ad

Time (s): cpu = 00:00:00 ; elapsed = 00:00:00.03 . Memory (MB): peak = 3421.582 ; gain = 0.000 ; free physical = 5519 ; free virtual = 13368
Netlist sorting complete. Time (s): cpu = 00:00:00 ; elapsed = 00:00:00 . Memory (MB): peak = 3421.582 ; gain = 0.000 ; free physical = 5519 ; free virtual = 13368

Phase 1.2 IO Placement/ Clock Placement/ Build Placer Device
Phase 1.2 IO Placement/ Clock Placement/ Build Placer Device | Checksum: a3881de4

Time (s): cpu = 00:00:00.54 ; elapsed = 00:00:00.29 . Memory (MB): peak = 3421.582 ; gain = 0.000 ; free physical = 5553 ; free virtual = 13402

Phase 1.3 Build Placer Netlist Model
Phase 1.3 Build Placer Netlist Model | Checksum: 10f3b0eb7

Time (s): cpu = 00:00:03 ; elapsed = 00:00:01 . Memory (MB): peak = 3421.582 ; gain = 0.000 ; free physical = 5554 ; free virtual = 13403

Phase 1.4 Constrain Clocks/Macros
Phase 1.4 Constrain Clocks/Macros | Checksum: 10f3b0eb7

Time (s): cpu = 00:00:03 ; elapsed = 00:00:01 . Memory (MB): peak = 3421.582 ; gain = 0.000 ; free physical = 5553 ; free virtual = 13402
Phase 1 Placer Initialization | Checksum: 10f3b0eb7

Time (s): cpu = 00:00:03 ; elapsed = 00:00:01 . Memory (MB): peak = 3421.582 ; gain = 0.000 ; free physical = 5551 ; free virtual = 13400

Phase 2 Global Placement

Phase 2.1 Floorplanning
Phase 2.1 Floorplanning | Checksum: ffb0034a

Time (s): cpu = 00:00:04 ; elapsed = 00:00:02 . Memory (MB): peak = 3421.582 ; gain = 0.000 ; free physical = 5557 ; free virtual = 13406

Phase 2.2 Update Timing before SLR Path Opt
Phase 2.2 Update Timing before SLR Path Opt | Checksum: e54da8de

Time (s): cpu = 00:00:05 ; elapsed = 00:00:02 . Memory (MB): peak = 3421.582 ; gain = 0.000 ; free physical = 5557 ; free virtual = 13406

Phase 2.3 Post-Processing in Floorplanning
Phase 2.3 Post-Processing in Floorplanning | Checksum: e54da8de

Time (s): cpu = 00:00:05 ; elapsed = 00:00:02 . Memory (MB): peak = 3421.582 ; gain = 0.000 ; free physical = 5557 ; free virtual = 13406

Phase 2.4 Global Placement Core

Phase 2.4.1 Physical Synthesis In Placer
INFO: [Physopt 32-1035] Found 1 LUTNM shape to break, 157 LUT instances to create LUTNM shape
INFO: [Physopt 32-1044] Break lutnm for timing: one critical 1, two critical 0, total 1, new lutff created 0
INFO: [Physopt 32-1138] End 1 Pass. Optimized 69 nets or LUTs. Breaked 1 LUT, combined 68 existing LUTs and moved 0 existing LUT
INFO: [Physopt 32-65] No nets found for high-fanout optimization.
INFO: [Physopt 32-232] Optimized 0 net. Created 0 new instance.
INFO: [Physopt 32-775] End 1 Pass. Optimized 0 net or cell. Created 0 new cell, deleted 0 existing cell and moved 0 existing cell
INFO: [Physopt 32-456] No candidate cells for DSP register optimization found in the design.
INFO: [Physopt 32-775] End 2 Pass. Optimized 0 net or cell. Created 0 new cell, deleted 0 existing cell and moved 0 existing cell
INFO: [Physopt 32-1123] No candidate cells found for Shift Register to Pipeline optimization
INFO: [Physopt 32-775] End 1 Pass. Optimized 0 net or cell. Created 0 new cell, deleted 0 existing cell and moved 0 existing cell
INFO: [Physopt 32-677] No candidate cells for Shift Register optimization found in the design
INFO: [Physopt 32-775] End 1 Pass. Optimized 0 net or cell. Created 0 new cell, deleted 0 existing cell and moved 0 existing cell
INFO: [Physopt 32-526] No candidate cells for BRAM register optimization found in the design
INFO: [Physopt 32-775] End 1 Pass. Optimized 0 net or cell. Created 0 new cell, deleted 0 existing cell and moved 0 existing cell
INFO: [Physopt 32-846] No candidate cells for URAM register optimization found in the design
INFO: [Physopt 32-775] End 2 Pass. Optimized 0 net or cell. Created 0 new cell, deleted 0 existing cell and moved 0 existing cell
INFO: [Physopt 32-949] No candidate nets found for dynamic/static region interface net replication
INFO: [Physopt 32-775] End 1 Pass. Optimized 0 net or cell. Created 0 new cell, deleted 0 existing cell and moved 0 existing cell
Netlist sorting complete. Time (s): cpu = 00:00:00 ; elapsed = 00:00:00 . Memory (MB): peak = 3421.582 ; gain = 0.000 ; free physical = 5536 ; free virtual = 13385

Summary of Physical Synthesis Optimizations
============================================


-----------------------------------------------------------------------------------------------------------------------------------------------------------
|  Optimization                                     |  Added Cells  |  Removed Cells  |  Optimized Cells/Nets  |  Dont Touch  |  Iterations  |  Elapsed   |
-----------------------------------------------------------------------------------------------------------------------------------------------------------
|  LUT Combining                                    |            1  |             68  |                    69  |           0  |           1  |  00:00:00  |
|  Retime                                           |            0  |              0  |                     0  |           0  |           1  |  00:00:00  |
|  Very High Fanout                                 |            0  |              0  |                     0  |           0  |           1  |  00:00:00  |
|  DSP Register                                     |            0  |              0  |                     0  |           0  |           1  |  00:00:00  |
|  Shift Register to Pipeline                       |            0  |              0  |                     0  |           0  |           1  |  00:00:00  |
|  Shift Register                                   |            0  |              0  |                     0  |           0  |           1  |  00:00:00  |
|  BRAM Register                                    |            0  |              0  |                     0  |           0  |           1  |  00:00:00  |
|  URAM Register                                    |            0  |              0  |                     0  |           0  |           1  |  00:00:00  |
|  Dynamic/Static Region Interface Net Replication  |            0  |              0  |                     0  |           0  |           1  |  00:00:00  |
|  Total                                            |            1  |             68  |                    69  |           0  |           9  |  00:00:00  |
-----------------------------------------------------------------------------------------------------------------------------------------------------------


Phase 2.4.1 Physical Synthesis In Placer | Checksum: d7ccf90e

Time (s): cpu = 00:00:17 ; elapsed = 00:00:06 . Memory (MB): peak = 3421.582 ; gain = 0.000 ; free physical = 5537 ; free virtual = 13386
Phase 2.4 Global Placement Core | Checksum: fd29b903

Time (s): cpu = 00:00:17 ; elapsed = 00:00:06 . Memory (MB): peak = 3421.582 ; gain = 0.000 ; free physical = 5536 ; free virtual = 13385
Phase 2 Global Placement | Checksum: fd29b903

Time (s): cpu = 00:00:17 ; elapsed = 00:00:06 . Memory (MB): peak = 3421.582 ; gain = 0.000 ; free physical = 5537 ; free virtual = 13386

Phase 3 Detail Placement

Phase 3.1 Commit Multi Column Macros
Phase 3.1 Commit Multi Column Macros | Checksum: 97c7cf4a

Time (s): cpu = 00:00:18 ; elapsed = 00:00:06 . Memory (MB): peak = 3421.582 ; gain = 0.000 ; free physical = 5531 ; free virtual = 13380

Phase 3.2 Commit Most Macros & LUTRAMs
Phase 3.2 Commit Most Macros & LUTRAMs | Checksum: 18b6c9324

Time (s): cpu = 00:00:20 ; elapsed = 00:00:06 . Memory (MB): peak = 3421.582 ; gain = 0.000 ; free physical = 5529 ; free virtual = 13378

Phase 3.3 Area Swap Optimization
Phase 3.3 Area Swap Optimization | Checksum: 1149d4f62

Time (s): cpu = 00:00:20 ; elapsed = 00:00:07 . Memory (MB): peak = 3421.582 ; gain = 0.000 ; free physical = 5529 ; free virtual = 13378

Phase 3.4 Pipeline Register Optimization
Phase 3.4 Pipeline Register Optimization | Checksum: 1589a67b2

Time (s): cpu = 00:00:20 ; elapsed = 00:00:07 . Memory (MB): peak = 3421.582 ; gain = 0.000 ; free physical = 5529 ; free virtual = 13379

Phase 3.5 Fast Optimization
Phase 3.5 Fast Optimization | Checksum: 178b0e041

Time (s): cpu = 00:00:22 ; elapsed = 00:00:07 . Memory (MB): peak = 3421.582 ; gain = 0.000 ; free physical = 5531 ; free virtual = 13380

Phase 3.6 Small Shape Detail Placement
Phase 3.6 Small Shape Detail Placement | Checksum: 1b0f3c02d

Time (s): cpu = 00:00:23 ; elapsed = 00:00:08 . Memory (MB): peak = 3421.582 ; gain = 0.000 ; free physical = 5528 ; free virtual = 13378

Phase 3.7 Re-assign LUT pins
Phase 3.7 Re-assign LUT pins | Checksum: 1a0e97468

Time (s): cpu = 00:00:23 ; elapsed = 00:00:09 . Memory (MB): peak = 3421.582 ; gain = 0.000 ; free physical = 5516 ; free virtual = 13365

Phase 3.8 Pipeline Register Optimization
Phase 3.8 Pipeline Register Optimization | Checksum: f64c291b

Time (s): cpu = 00:00:23 ; elapsed = 00:00:09 . Memory (MB): peak = 3421.582 ; gain = 0.000 ; free physical = 5521 ; free virtual = 13370
Phase 3 Detail Placement | Checksum: f64c291b

Time (s): cpu = 00:00:23 ; elapsed = 00:00:09 . Memory (MB): peak = 3421.582 ; gain = 0.000 ; free physical = 5517 ; free virtual = 13367

Phase 4 Post Placement Optimization and Clean-Up

Phase 4.1 Post Commit Optimization
INFO: [Timing 38-35] Done setting XDC timing constraints.

Phase 4.1.1 Post Placement Optimization
Post Placement Optimization Initialization | Checksum: 193312e1b

Phase 4.1.1.1 BUFG Insertion

Starting Physical Synthesis Task

Phase 1 Physical Synthesis Initialization
INFO: [Physopt 32-721] Multithreading enabled for phys_opt_design using a maximum of 8 CPUs
INFO: [Physopt 32-619] Estimated Timing Summary | WNS=0.141 | TNS=0.000 |
Phase 1 Physical Synthesis Initialization | Checksum: 11779ee01

Time (s): cpu = 00:00:00.55 ; elapsed = 00:00:00.12 . Memory (MB): peak = 3421.582 ; gain = 0.000 ; free physical = 5522 ; free virtual = 13371
INFO: [Place 46-33] Processed net u_top_airhockey/u_rst_ctl/sync_ff[1], BUFG insertion was skipped due to placement/routing conflicts.
INFO: [Place 46-33] Processed net u_top_airhockey/u_rst_ctl/sync_ff_reg[1]_0[0], BUFG insertion was skipped due to placement/routing conflicts.
INFO: [Place 46-56] BUFG insertion identified 2 candidate nets. Inserted BUFG: 0, Replicated BUFG Driver: 0, Skipped due to Placement/Routing Conflicts: 2, Skipped due to Timing Degradation: 0, Skipped due to Illegal Netlist: 0.
Ending Physical Synthesis Task | Checksum: 12f81fb13

Time (s): cpu = 00:00:00.78 ; elapsed = 00:00:00.24 . Memory (MB): peak = 3421.582 ; gain = 0.000 ; free physical = 5522 ; free virtual = 13371
Phase 4.1.1.1 BUFG Insertion | Checksum: 193312e1b

Time (s): cpu = 00:00:27 ; elapsed = 00:00:10 . Memory (MB): peak = 3421.582 ; gain = 0.000 ; free physical = 5522 ; free virtual = 13371

Phase 4.1.1.2 Post Placement Timing Optimization
INFO: [Place 30-746] Post Placement Timing Summary WNS=0.580. For the most accurate timing information please run report_timing.
Phase 4.1.1.2 Post Placement Timing Optimization | Checksum: 1239c8182

Time (s): cpu = 00:00:27 ; elapsed = 00:00:10 . Memory (MB): peak = 3421.582 ; gain = 0.000 ; free physical = 5496 ; free virtual = 13345

Time (s): cpu = 00:00:27 ; elapsed = 00:00:10 . Memory (MB): peak = 3421.582 ; gain = 0.000 ; free physical = 5496 ; free virtual = 13345
Phase 4.1 Post Commit Optimization | Checksum: 1239c8182

Time (s): cpu = 00:00:27 ; elapsed = 00:00:10 . Memory (MB): peak = 3421.582 ; gain = 0.000 ; free physical = 5496 ; free virtual = 13345

Phase 4.2 Post Placement Cleanup
Phase 4.2 Post Placement Cleanup | Checksum: 1239c8182

Time (s): cpu = 00:00:27 ; elapsed = 00:00:10 . Memory (MB): peak = 3421.582 ; gain = 0.000 ; free physical = 5496 ; free virtual = 13345

Phase 4.3 Placer Reporting

Phase 4.3.1 Print Estimated Congestion
INFO: [Place 30-612] Post-Placement Estimated Congestion 
 ____________________________________________________
|           | Global Congestion | Short Congestion  |
| Direction | Region Size       | Region Size       |
|___________|___________________|___________________|
|      North|                1x1|                1x1|
|___________|___________________|___________________|
|      South|                1x1|                1x1|
|___________|___________________|___________________|
|       East|                1x1|                1x1|
|___________|___________________|___________________|
|       West|                1x1|                1x1|
|___________|___________________|___________________|

Phase 4.3.1 Print Estimated Congestion | Checksum: 1239c8182

Time (s): cpu = 00:00:27 ; elapsed = 00:00:10 . Memory (MB): peak = 3421.582 ; gain = 0.000 ; free physical = 5496 ; free virtual = 13345
Phase 4.3 Placer Reporting | Checksum: 1239c8182

Time (s): cpu = 00:00:27 ; elapsed = 00:00:10 . Memory (MB): peak = 3421.582 ; gain = 0.000 ; free physical = 5496 ; free virtual = 13345

Phase 4.4 Final Placement Cleanup
Netlist sorting complete. Time (s): cpu = 00:00:00 ; elapsed = 00:00:00 . Memory (MB): peak = 3421.582 ; gain = 0.000 ; free physical = 5496 ; free virtual = 13345

Time (s): cpu = 00:00:27 ; elapsed = 00:00:10 . Memory (MB): peak = 3421.582 ; gain = 0.000 ; free physical = 5496 ; free virtual = 13345
Phase 4 Post Placement Optimization and Clean-Up | Checksum: 164c5935d

Time (s): cpu = 00:00:27 ; elapsed = 00:00:10 . Memory (MB): peak = 3421.582 ; gain = 0.000 ; free physical = 5496 ; free virtual = 13345
Ending Placer Task | Checksum: cd0e6025

Time (s): cpu = 00:00:27 ; elapsed = 00:00:10 . Memory (MB): peak = 3421.582 ; gain = 0.000 ; free physical = 5496 ; free virtual = 13345
INFO: [Common 17-83] Releasing license: Implementation
99 Infos, 0 Warnings, 0 Critical Warnings and 0 Errors encountered.
place_design completed successfully
place_design: Time (s): cpu = 00:00:29 ; elapsed = 00:00:11 . Memory (MB): peak = 3421.582 ; gain = 0.000 ; free physical = 5511 ; free virtual = 13360
INFO: [Timing 38-480] Writing timing data to binary archive.
Writing placer database...
Writing XDEF routing.
Writing XDEF routing logical nets.
Writing XDEF routing special nets.
Write XDEF Complete: Time (s): cpu = 00:00:01 ; elapsed = 00:00:01 . Memory (MB): peak = 3421.582 ; gain = 0.000 ; free physical = 5505 ; free virtual = 13363
INFO: [Common 17-1381] The checkpoint '/home/student/jwojciechowska/Desktop/projekt_cymbergaj_JW_KH-projekt_gra/fpga/build/airhockey_project.runs/impl_1/top_airhockey_basys3_placed.dcp' has been generated.
INFO: [runtcl-4] Executing : report_io -file top_airhockey_basys3_io_placed.rpt
report_io: Time (s): cpu = 00:00:00.07 ; elapsed = 00:00:00.13 . Memory (MB): peak = 3421.582 ; gain = 0.000 ; free physical = 5504 ; free virtual = 13355
INFO: [runtcl-4] Executing : report_utilization -file top_airhockey_basys3_utilization_placed.rpt -pb top_airhockey_basys3_utilization_placed.pb
INFO: [runtcl-4] Executing : report_control_sets -verbose -file top_airhockey_basys3_control_sets_placed.rpt
report_control_sets: Time (s): cpu = 00:00:00.02 ; elapsed = 00:00:00.08 . Memory (MB): peak = 3421.582 ; gain = 0.000 ; free physical = 5510 ; free virtual = 13361
Command: phys_opt_design
Attempting to get a license for feature 'Implementation' and/or device 'xc7a35t'
INFO: [Common 17-349] Got license for feature 'Implementation' and/or device 'xc7a35t'
INFO: [Vivado_Tcl 4-383] Design worst setup slack (WNS) is greater than or equal to 0.000 ns. Skipping all physical synthesis optimizations.
INFO: [Vivado_Tcl 4-232] No setup violation found. The netlist was not modified.
INFO: [Common 17-83] Releasing license: Implementation
108 Infos, 0 Warnings, 0 Critical Warnings and 0 Errors encountered.
phys_opt_design completed successfully
INFO: [Timing 38-480] Writing timing data to binary archive.
Writing placer database...
Writing XDEF routing.
Writing XDEF routing logical nets.
Writing XDEF routing special nets.
Write XDEF Complete: Time (s): cpu = 00:00:02 ; elapsed = 00:00:01 . Memory (MB): peak = 3421.582 ; gain = 0.000 ; free physical = 5474 ; free virtual = 13335
INFO: [Common 17-1381] The checkpoint '/home/student/jwojciechowska/Desktop/projekt_cymbergaj_JW_KH-projekt_gra/fpga/build/airhockey_project.runs/impl_1/top_airhockey_basys3_physopt.dcp' has been generated.
Command: route_design
Attempting to get a license for feature 'Implementation' and/or device 'xc7a35t'
INFO: [Common 17-349] Got license for feature 'Implementation' and/or device 'xc7a35t'
Running DRC as a precondition to command route_design
INFO: [DRC 23-27] Running DRC with 8 threads
INFO: [Vivado_Tcl 4-198] DRC finished with 0 Errors
INFO: [Vivado_Tcl 4-199] Please refer to the DRC report (report_drc) for more information.


Starting Routing Task
INFO: [Route 35-254] Multithreading enabled for route_design using a maximum of 8 CPUs

Phase 1 Build RT Design
Checksum: PlaceDB: 203b3025 ConstDB: 0 ShapeSum: acd33000 RouteDB: 0
Post Restoration Checksum: NetGraph: d501e22d NumContArr: d62f7724 Constraints: 0 Timing: 0
Phase 1 Build RT Design | Checksum: 1ab315951

Time (s): cpu = 00:00:15 ; elapsed = 00:00:12 . Memory (MB): peak = 3421.582 ; gain = 0.000 ; free physical = 5390 ; free virtual = 13243

Phase 2 Router Initialization

Phase 2.1 Create Timer
Phase 2.1 Create Timer | Checksum: 1ab315951

Time (s): cpu = 00:00:15 ; elapsed = 00:00:12 . Memory (MB): peak = 3421.582 ; gain = 0.000 ; free physical = 5385 ; free virtual = 13237

Phase 2.2 Fix Topology Constraints
Phase 2.2 Fix Topology Constraints | Checksum: 1ab315951

Time (s): cpu = 00:00:15 ; elapsed = 00:00:12 . Memory (MB): peak = 3421.582 ; gain = 0.000 ; free physical = 5358 ; free virtual = 13211

Phase 2.3 Pre Route Cleanup
Phase 2.3 Pre Route Cleanup | Checksum: 1ab315951

Time (s): cpu = 00:00:15 ; elapsed = 00:00:12 . Memory (MB): peak = 3421.582 ; gain = 0.000 ; free physical = 5354 ; free virtual = 13207
 Number of Nodes with overlaps = 0

Phase 2.4 Update Timing
Phase 2.4 Update Timing | Checksum: 7166d67b

Time (s): cpu = 00:00:19 ; elapsed = 00:00:13 . Memory (MB): peak = 3421.582 ; gain = 0.000 ; free physical = 5349 ; free virtual = 13202
INFO: [Route 35-416] Intermediate Timing Summary | WNS=1.025  | TNS=0.000  | WHS=-0.191 | THS=-77.811|


Router Utilization Summary
  Global Vertical Routing Utilization    = 0 %
  Global Horizontal Routing Utilization  = 0 %
  Routable Net Status*
  *Does not include unroutable nets such as driverless and loadless.
  Run report_route_status for detailed report.
  Number of Failed Nets               = 6137
    (Failed Nets is the sum of unrouted and partially routed nets)
  Number of Unrouted Nets             = 6137
  Number of Partially Routed Nets     = 0
  Number of Node Overlaps             = 0

Phase 2 Router Initialization | Checksum: ab5727a9

Time (s): cpu = 00:00:20 ; elapsed = 00:00:14 . Memory (MB): peak = 3421.582 ; gain = 0.000 ; free physical = 5342 ; free virtual = 13195

Phase 3 Initial Routing

Phase 3.1 Global Routing
Phase 3.1 Global Routing | Checksum: ab5727a9

Time (s): cpu = 00:00:20 ; elapsed = 00:00:14 . Memory (MB): peak = 3421.582 ; gain = 0.000 ; free physical = 5342 ; free virtual = 13195
Phase 3 Initial Routing | Checksum: 1c83e48dc

Time (s): cpu = 00:00:23 ; elapsed = 00:00:14 . Memory (MB): peak = 3421.582 ; gain = 0.000 ; free physical = 5329 ; free virtual = 13182

Phase 4 Rip-up And Reroute

Phase 4.1 Global Iteration 0
 Number of Nodes with overlaps = 738
 Number of Nodes with overlaps = 157
 Number of Nodes with overlaps = 58
 Number of Nodes with overlaps = 28
 Number of Nodes with overlaps = 9
 Number of Nodes with overlaps = 1
 Number of Nodes with overlaps = 0
INFO: [Route 35-416] Intermediate Timing Summary | WNS=0.308  | TNS=0.000  | WHS=N/A    | THS=N/A    |

Phase 4.1 Global Iteration 0 | Checksum: ee280f30

Time (s): cpu = 00:00:29 ; elapsed = 00:00:18 . Memory (MB): peak = 3421.582 ; gain = 0.000 ; free physical = 5337 ; free virtual = 13191

Phase 4.2 Global Iteration 1
 Number of Nodes with overlaps = 0
INFO: [Route 35-416] Intermediate Timing Summary | WNS=0.308  | TNS=0.000  | WHS=N/A    | THS=N/A    |

Phase 4.2 Global Iteration 1 | Checksum: 152bf7c61

Time (s): cpu = 00:00:29 ; elapsed = 00:00:18 . Memory (MB): peak = 3421.582 ; gain = 0.000 ; free physical = 5337 ; free virtual = 13190
Phase 4 Rip-up And Reroute | Checksum: 152bf7c61

Time (s): cpu = 00:00:29 ; elapsed = 00:00:18 . Memory (MB): peak = 3421.582 ; gain = 0.000 ; free physical = 5337 ; free virtual = 13190

Phase 5 Delay and Skew Optimization

Phase 5.1 Delay CleanUp
Phase 5.1 Delay CleanUp | Checksum: 152bf7c61

Time (s): cpu = 00:00:29 ; elapsed = 00:00:18 . Memory (MB): peak = 3421.582 ; gain = 0.000 ; free physical = 5337 ; free virtual = 13190

Phase 5.2 Clock Skew Optimization
Phase 5.2 Clock Skew Optimization | Checksum: 152bf7c61

Time (s): cpu = 00:00:29 ; elapsed = 00:00:18 . Memory (MB): peak = 3421.582 ; gain = 0.000 ; free physical = 5337 ; free virtual = 13190
Phase 5 Delay and Skew Optimization | Checksum: 152bf7c61

Time (s): cpu = 00:00:29 ; elapsed = 00:00:18 . Memory (MB): peak = 3421.582 ; gain = 0.000 ; free physical = 5337 ; free virtual = 13190

Phase 6 Post Hold Fix

Phase 6.1 Hold Fix Iter

Phase 6.1.1 Update Timing
Phase 6.1.1 Update Timing | Checksum: 1b4133575

Time (s): cpu = 00:00:30 ; elapsed = 00:00:19 . Memory (MB): peak = 3421.582 ; gain = 0.000 ; free physical = 5337 ; free virtual = 13190
INFO: [Route 35-416] Intermediate Timing Summary | WNS=0.387  | TNS=0.000  | WHS=0.015  | THS=0.000  |

Phase 6.1 Hold Fix Iter | Checksum: 127127ac5

Time (s): cpu = 00:00:30 ; elapsed = 00:00:19 . Memory (MB): peak = 3421.582 ; gain = 0.000 ; free physical = 5337 ; free virtual = 13190
Phase 6 Post Hold Fix | Checksum: 127127ac5

Time (s): cpu = 00:00:30 ; elapsed = 00:00:19 . Memory (MB): peak = 3421.582 ; gain = 0.000 ; free physical = 5337 ; free virtual = 13190

Phase 7 Route finalize

Router Utilization Summary
  Global Vertical Routing Utilization    = 1.55975 %
  Global Horizontal Routing Utilization  = 1.88899 %
  Routable Net Status*
  *Does not include unroutable nets such as driverless and loadless.
  Run report_route_status for detailed report.
  Number of Failed Nets               = 0
    (Failed Nets is the sum of unrouted and partially routed nets)
  Number of Unrouted Nets             = 0
  Number of Partially Routed Nets     = 0
  Number of Node Overlaps             = 0

Phase 7 Route finalize | Checksum: 1a784e9cb

Time (s): cpu = 00:00:30 ; elapsed = 00:00:19 . Memory (MB): peak = 3421.582 ; gain = 0.000 ; free physical = 5337 ; free virtual = 13190

Phase 8 Verifying routed nets

 Verification completed successfully
Phase 8 Verifying routed nets | Checksum: 1a784e9cb

Time (s): cpu = 00:00:30 ; elapsed = 00:00:19 . Memory (MB): peak = 3421.582 ; gain = 0.000 ; free physical = 5336 ; free virtual = 13189

Phase 9 Depositing Routes
Phase 9 Depositing Routes | Checksum: 249682573

Time (s): cpu = 00:00:31 ; elapsed = 00:00:19 . Memory (MB): peak = 3421.582 ; gain = 0.000 ; free physical = 5336 ; free virtual = 13189

Phase 10 Post Router Timing
INFO: [Route 35-57] Estimated Timing Summary | WNS=0.387  | TNS=0.000  | WHS=0.015  | THS=0.000  |

INFO: [Route 35-327] The final timing numbers are based on the router estimated timing analysis. For a complete and accurate timing signoff, please run report_timing_summary.
Phase 10 Post Router Timing | Checksum: 249682573

Time (s): cpu = 00:00:32 ; elapsed = 00:00:19 . Memory (MB): peak = 3421.582 ; gain = 0.000 ; free physical = 5332 ; free virtual = 13185
INFO: [Route 35-16] Router Completed Successfully

Time (s): cpu = 00:00:32 ; elapsed = 00:00:19 . Memory (MB): peak = 3421.582 ; gain = 0.000 ; free physical = 5367 ; free virtual = 13220

Routing Is Done.
INFO: [Common 17-83] Releasing license: Implementation
123 Infos, 0 Warnings, 0 Critical Warnings and 0 Errors encountered.
route_design completed successfully
route_design: Time (s): cpu = 00:00:36 ; elapsed = 00:00:21 . Memory (MB): peak = 3421.582 ; gain = 0.000 ; free physical = 5366 ; free virtual = 13219
INFO: [Timing 38-480] Writing timing data to binary archive.
Writing placer database...
Writing XDEF routing.
Writing XDEF routing logical nets.
Writing XDEF routing special nets.
Write XDEF Complete: Time (s): cpu = 00:00:02 ; elapsed = 00:00:02 . Memory (MB): peak = 3421.582 ; gain = 0.000 ; free physical = 5362 ; free virtual = 13225
INFO: [Common 17-1381] The checkpoint '/home/student/jwojciechowska/Desktop/projekt_cymbergaj_JW_KH-projekt_gra/fpga/build/airhockey_project.runs/impl_1/top_airhockey_basys3_routed.dcp' has been generated.
INFO: [runtcl-4] Executing : report_drc -file top_airhockey_basys3_drc_routed.rpt -pb top_airhockey_basys3_drc_routed.pb -rpx top_airhockey_basys3_drc_routed.rpx
Command: report_drc -file top_airhockey_basys3_drc_routed.rpt -pb top_airhockey_basys3_drc_routed.pb -rpx top_airhockey_basys3_drc_routed.rpx
INFO: [IP_Flow 19-1839] IP Catalog is up to date.
INFO: [DRC 23-27] Running DRC with 8 threads
INFO: [Vivado_Tcl 2-168] The results of DRC are in file /home/student/jwojciechowska/Desktop/projekt_cymbergaj_JW_KH-projekt_gra/fpga/build/airhockey_project.runs/impl_1/top_airhockey_basys3_drc_routed.rpt.
report_drc completed successfully
INFO: [runtcl-4] Executing : report_methodology -file top_airhockey_basys3_methodology_drc_routed.rpt -pb top_airhockey_basys3_methodology_drc_routed.pb -rpx top_airhockey_basys3_methodology_drc_routed.rpx
Command: report_methodology -file top_airhockey_basys3_methodology_drc_routed.rpt -pb top_airhockey_basys3_methodology_drc_routed.pb -rpx top_airhockey_basys3_methodology_drc_routed.rpx
INFO: [Timing 38-35] Done setting XDC timing constraints.
INFO: [DRC 23-133] Running Methodology with 8 threads
INFO: [Vivado_Tcl 2-1520] The results of Report Methodology are in file /home/student/jwojciechowska/Desktop/projekt_cymbergaj_JW_KH-projekt_gra/fpga/build/airhockey_project.runs/impl_1/top_airhockey_basys3_methodology_drc_routed.rpt.
report_methodology completed successfully
INFO: [runtcl-4] Executing : report_power -file top_airhockey_basys3_power_routed.rpt -pb top_airhockey_basys3_power_summary_routed.pb -rpx top_airhockey_basys3_power_routed.rpx
Command: report_power -file top_airhockey_basys3_power_routed.rpt -pb top_airhockey_basys3_power_summary_routed.pb -rpx top_airhockey_basys3_power_routed.rpx
INFO: [Timing 38-35] Done setting XDC timing constraints.
Running Vector-less Activity Propagation...

Finished Running Vector-less Activity Propagation
135 Infos, 0 Warnings, 0 Critical Warnings and 0 Errors encountered.
report_power completed successfully
INFO: [runtcl-4] Executing : report_route_status -file top_airhockey_basys3_route_status.rpt -pb top_airhockey_basys3_route_status.pb
INFO: [runtcl-4] Executing : report_timing_summary -max_paths 10 -report_unconstrained -file top_airhockey_basys3_timing_summary_routed.rpt -pb top_airhockey_basys3_timing_summary_routed.pb -rpx top_airhockey_basys3_timing_summary_routed.rpx -warn_on_violation 
INFO: [Timing 38-91] UpdateTimingParams: Speed grade: -1, Delay Type: min_max.
INFO: [Timing 38-191] Multithreading enabled for timing update using a maximum of 8 CPUs
INFO: [runtcl-4] Executing : report_incremental_reuse -file top_airhockey_basys3_incremental_reuse_routed.rpt
INFO: [Vivado_Tcl 4-1062] Incremental flow is disabled. No incremental reuse Info to report.
INFO: [runtcl-4] Executing : report_clock_utilization -file top_airhockey_basys3_clock_utilization_routed.rpt
INFO: [runtcl-4] Executing : report_bus_skew -warn_on_violation -file top_airhockey_basys3_bus_skew_routed.rpt -pb top_airhockey_basys3_bus_skew_routed.pb -rpx top_airhockey_basys3_bus_skew_routed.rpx
INFO: [Timing 38-91] UpdateTimingParams: Speed grade: -1, Delay Type: min_max.
INFO: [Timing 38-191] Multithreading enabled for timing update using a maximum of 8 CPUs
Command: write_bitstream -force top_airhockey_basys3.bit
Attempting to get a license for feature 'Implementation' and/or device 'xc7a35t'
INFO: [Common 17-349] Got license for feature 'Implementation' and/or device 'xc7a35t'
Running DRC as a precondition to command write_bitstream
INFO: [IP_Flow 19-1839] IP Catalog is up to date.
INFO: [DRC 23-27] Running DRC with 8 threads
WARNING: [DRC DPIP-1] Input pipelining: DSP u_top_airhockey/u_draw_p1/dist_sq input u_top_airhockey/u_draw_p1/dist_sq/A[29:0] is not pipelined. Pipelining DSP48 input will improve performance.
WARNING: [DRC DPIP-1] Input pipelining: DSP u_top_airhockey/u_draw_p1/dist_sq input u_top_airhockey/u_draw_p1/dist_sq/B[17:0] is not pipelined. Pipelining DSP48 input will improve performance.
WARNING: [DRC DPIP-1] Input pipelining: DSP u_top_airhockey/u_draw_p1/dist_sq0 input u_top_airhockey/u_draw_p1/dist_sq0/A[29:0] is not pipelined. Pipelining DSP48 input will improve performance.
WARNING: [DRC DPIP-1] Input pipelining: DSP u_top_airhockey/u_draw_p1/dist_sq0 input u_top_airhockey/u_draw_p1/dist_sq0/B[17:0] is not pipelined. Pipelining DSP48 input will improve performance.
WARNING: [DRC DPIP-1] Input pipelining: DSP u_top_airhockey/u_draw_p1/hi_dist_sq input u_top_airhockey/u_draw_p1/hi_dist_sq/A[29:0] is not pipelined. Pipelining DSP48 input will improve performance.
WARNING: [DRC DPIP-1] Input pipelining: DSP u_top_airhockey/u_draw_p1/hi_dist_sq input u_top_airhockey/u_draw_p1/hi_dist_sq/B[17:0] is not pipelined. Pipelining DSP48 input will improve performance.
WARNING: [DRC DPIP-1] Input pipelining: DSP u_top_airhockey/u_draw_p1/hi_dist_sq0 input u_top_airhockey/u_draw_p1/hi_dist_sq0/A[29:0] is not pipelined. Pipelining DSP48 input will improve performance.
WARNING: [DRC DPIP-1] Input pipelining: DSP u_top_airhockey/u_draw_p1/hi_dist_sq0 input u_top_airhockey/u_draw_p1/hi_dist_sq0/B[17:0] is not pipelined. Pipelining DSP48 input will improve performance.
WARNING: [DRC DPIP-1] Input pipelining: DSP u_top_airhockey/u_draw_p2/dist_sq input u_top_airhockey/u_draw_p2/dist_sq/A[29:0] is not pipelined. Pipelining DSP48 input will improve performance.
WARNING: [DRC DPIP-1] Input pipelining: DSP u_top_airhockey/u_draw_p2/dist_sq input u_top_airhockey/u_draw_p2/dist_sq/B[17:0] is not pipelined. Pipelining DSP48 input will improve performance.
WARNING: [DRC DPIP-1] Input pipelining: DSP u_top_airhockey/u_draw_p2/dist_sq0 input u_top_airhockey/u_draw_p2/dist_sq0/A[29:0] is not pipelined. Pipelining DSP48 input will improve performance.
WARNING: [DRC DPIP-1] Input pipelining: DSP u_top_airhockey/u_draw_p2/dist_sq0 input u_top_airhockey/u_draw_p2/dist_sq0/B[17:0] is not pipelined. Pipelining DSP48 input will improve performance.
WARNING: [DRC DPIP-1] Input pipelining: DSP u_top_airhockey/u_draw_p2/hi_dist_sq input u_top_airhockey/u_draw_p2/hi_dist_sq/A[29:0] is not pipelined. Pipelining DSP48 input will improve performance.
WARNING: [DRC DPIP-1] Input pipelining: DSP u_top_airhockey/u_draw_p2/hi_dist_sq input u_top_airhockey/u_draw_p2/hi_dist_sq/B[17:0] is not pipelined. Pipelining DSP48 input will improve performance.
WARNING: [DRC DPIP-1] Input pipelining: DSP u_top_airhockey/u_draw_p2/hi_dist_sq0 input u_top_airhockey/u_draw_p2/hi_dist_sq0/A[29:0] is not pipelined. Pipelining DSP48 input will improve performance.
WARNING: [DRC DPIP-1] Input pipelining: DSP u_top_airhockey/u_draw_p2/hi_dist_sq0 input u_top_airhockey/u_draw_p2/hi_dist_sq0/B[17:0] is not pipelined. Pipelining DSP48 input will improve performance.
WARNING: [DRC DPIP-1] Input pipelining: DSP u_top_airhockey/u_draw_puck/dist_sq input u_top_airhockey/u_draw_puck/dist_sq/A[29:0] is not pipelined. Pipelining DSP48 input will improve performance.
WARNING: [DRC DPIP-1] Input pipelining: DSP u_top_airhockey/u_draw_puck/dist_sq input u_top_airhockey/u_draw_puck/dist_sq/B[17:0] is not pipelined. Pipelining DSP48 input will improve performance.
WARNING: [DRC DPIP-1] Input pipelining: DSP u_top_airhockey/u_draw_puck/dist_sq0 input u_top_airhockey/u_draw_puck/dist_sq0/A[29:0] is not pipelined. Pipelining DSP48 input will improve performance.
WARNING: [DRC DPIP-1] Input pipelining: DSP u_top_airhockey/u_draw_puck/dist_sq0 input u_top_airhockey/u_draw_puck/dist_sq0/B[17:0] is not pipelined. Pipelining DSP48 input will improve performance.
WARNING: [DRC DPIP-1] Input pipelining: DSP u_top_airhockey/u_draw_puck/hi_dist_sq input u_top_airhockey/u_draw_puck/hi_dist_sq/A[29:0] is not pipelined. Pipelining DSP48 input will improve performance.
WARNING: [DRC DPIP-1] Input pipelining: DSP u_top_airhockey/u_draw_puck/hi_dist_sq input u_top_airhockey/u_draw_puck/hi_dist_sq/B[17:0] is not pipelined. Pipelining DSP48 input will improve performance.
WARNING: [DRC DPIP-1] Input pipelining: DSP u_top_airhockey/u_draw_puck/hi_dist_sq0 input u_top_airhockey/u_draw_puck/hi_dist_sq0/A[29:0] is not pipelined. Pipelining DSP48 input will improve performance.
WARNING: [DRC DPIP-1] Input pipelining: DSP u_top_airhockey/u_draw_puck/hi_dist_sq0 input u_top_airhockey/u_draw_puck/hi_dist_sq0/B[17:0] is not pipelined. Pipelining DSP48 input will improve performance.
WARNING: [DRC DPIP-1] Input pipelining: DSP u_top_airhockey/u_draw_rink/cdist_sq input u_top_airhockey/u_draw_rink/cdist_sq/A[29:0] is not pipelined. Pipelining DSP48 input will improve performance.
WARNING: [DRC DPIP-1] Input pipelining: DSP u_top_airhockey/u_draw_rink/cdist_sq input u_top_airhockey/u_draw_rink/cdist_sq/B[17:0] is not pipelined. Pipelining DSP48 input will improve performance.
WARNING: [DRC DPIP-1] Input pipelining: DSP u_top_airhockey/u_draw_rink/cdist_sq0 input u_top_airhockey/u_draw_rink/cdist_sq0/A[29:0] is not pipelined. Pipelining DSP48 input will improve performance.
WARNING: [DRC DPIP-1] Input pipelining: DSP u_top_airhockey/u_draw_rink/cdist_sq0 input u_top_airhockey/u_draw_rink/cdist_sq0/B[17:0] is not pipelined. Pipelining DSP48 input will improve performance.
WARNING: [DRC DPOP-1] PREG Output pipelining: DSP u_top_airhockey/u_draw_p1/dist_sq output u_top_airhockey/u_draw_p1/dist_sq/P[47:0] is not pipelined (PREG=0). Pipelining the DSP48 output will improve performance and often saves power so it is suggested whenever possible to fully pipeline this function.  If this DSP48 function was inferred, it is suggested to describe an additional register stage after this function.  If the DSP48 was instantiated in the design, it is suggested to set the PREG attribute to 1.
WARNING: [DRC DPOP-1] PREG Output pipelining: DSP u_top_airhockey/u_draw_p1/hi_dist_sq output u_top_airhockey/u_draw_p1/hi_dist_sq/P[47:0] is not pipelined (PREG=0). Pipelining the DSP48 output will improve performance and often saves power so it is suggested whenever possible to fully pipeline this function.  If this DSP48 function was inferred, it is suggested to describe an additional register stage after this function.  If the DSP48 was instantiated in the design, it is suggested to set the PREG attribute to 1.
WARNING: [DRC DPOP-1] PREG Output pipelining: DSP u_top_airhockey/u_draw_p2/dist_sq output u_top_airhockey/u_draw_p2/dist_sq/P[47:0] is not pipelined (PREG=0). Pipelining the DSP48 output will improve performance and often saves power so it is suggested whenever possible to fully pipeline this function.  If this DSP48 function was inferred, it is suggested to describe an additional register stage after this function.  If the DSP48 was instantiated in the design, it is suggested to set the PREG attribute to 1.
WARNING: [DRC DPOP-1] PREG Output pipelining: DSP u_top_airhockey/u_draw_p2/hi_dist_sq output u_top_airhockey/u_draw_p2/hi_dist_sq/P[47:0] is not pipelined (PREG=0). Pipelining the DSP48 output will improve performance and often saves power so it is suggested whenever possible to fully pipeline this function.  If this DSP48 function was inferred, it is suggested to describe an additional register stage after this function.  If the DSP48 was instantiated in the design, it is suggested to set the PREG attribute to 1.
WARNING: [DRC DPOP-1] PREG Output pipelining: DSP u_top_airhockey/u_draw_puck/dist_sq output u_top_airhockey/u_draw_puck/dist_sq/P[47:0] is not pipelined (PREG=0). Pipelining the DSP48 output will improve performance and often saves power so it is suggested whenever possible to fully pipeline this function.  If this DSP48 function was inferred, it is suggested to describe an additional register stage after this function.  If the DSP48 was instantiated in the design, it is suggested to set the PREG attribute to 1.
WARNING: [DRC DPOP-1] PREG Output pipelining: DSP u_top_airhockey/u_draw_puck/hi_dist_sq output u_top_airhockey/u_draw_puck/hi_dist_sq/P[47:0] is not pipelined (PREG=0). Pipelining the DSP48 output will improve performance and often saves power so it is suggested whenever possible to fully pipeline this function.  If this DSP48 function was inferred, it is suggested to describe an additional register stage after this function.  If the DSP48 was instantiated in the design, it is suggested to set the PREG attribute to 1.
WARNING: [DRC DPOP-1] PREG Output pipelining: DSP u_top_airhockey/u_draw_rink/cdist_sq output u_top_airhockey/u_draw_rink/cdist_sq/P[47:0] is not pipelined (PREG=0). Pipelining the DSP48 output will improve performance and often saves power so it is suggested whenever possible to fully pipeline this function.  If this DSP48 function was inferred, it is suggested to describe an additional register stage after this function.  If the DSP48 was instantiated in the design, it is suggested to set the PREG attribute to 1.
WARNING: [DRC DPOP-2] MREG Output pipelining: DSP u_top_airhockey/u_draw_p1/dist_sq multiplier stage u_top_airhockey/u_draw_p1/dist_sq/P[47:0] is not pipelined (MREG=0). Pipelining the multiplier function will improve performance and will save significant power so it is suggested whenever possible to fully pipeline this function.  If this multiplier was inferred, it is suggested to describe an additional register stage after this function.  If there is no registered adder/accumulator following the multiply function, two pipeline stages are suggested to allow both the MREG and PREG registers to be used.  If the DSP48 was instantiated in the design, it is suggested to set both the MREG and PREG attributes to 1 when performing multiply functions.
WARNING: [DRC DPOP-2] MREG Output pipelining: DSP u_top_airhockey/u_draw_p1/hi_dist_sq multiplier stage u_top_airhockey/u_draw_p1/hi_dist_sq/P[47:0] is not pipelined (MREG=0). Pipelining the multiplier function will improve performance and will save significant power so it is suggested whenever possible to fully pipeline this function.  If this multiplier was inferred, it is suggested to describe an additional register stage after this function.  If there is no registered adder/accumulator following the multiply function, two pipeline stages are suggested to allow both the MREG and PREG registers to be used.  If the DSP48 was instantiated in the design, it is suggested to set both the MREG and PREG attributes to 1 when performing multiply functions.
WARNING: [DRC DPOP-2] MREG Output pipelining: DSP u_top_airhockey/u_draw_p2/dist_sq multiplier stage u_top_airhockey/u_draw_p2/dist_sq/P[47:0] is not pipelined (MREG=0). Pipelining the multiplier function will improve performance and will save significant power so it is suggested whenever possible to fully pipeline this function.  If this multiplier was inferred, it is suggested to describe an additional register stage after this function.  If there is no registered adder/accumulator following the multiply function, two pipeline stages are suggested to allow both the MREG and PREG registers to be used.  If the DSP48 was instantiated in the design, it is suggested to set both the MREG and PREG attributes to 1 when performing multiply functions.
WARNING: [DRC DPOP-2] MREG Output pipelining: DSP u_top_airhockey/u_draw_p2/hi_dist_sq multiplier stage u_top_airhockey/u_draw_p2/hi_dist_sq/P[47:0] is not pipelined (MREG=0). Pipelining the multiplier function will improve performance and will save significant power so it is suggested whenever possible to fully pipeline this function.  If this multiplier was inferred, it is suggested to describe an additional register stage after this function.  If there is no registered adder/accumulator following the multiply function, two pipeline stages are suggested to allow both the MREG and PREG registers to be used.  If the DSP48 was instantiated in the design, it is suggested to set both the MREG and PREG attributes to 1 when performing multiply functions.
WARNING: [DRC DPOP-2] MREG Output pipelining: DSP u_top_airhockey/u_draw_puck/dist_sq multiplier stage u_top_airhockey/u_draw_puck/dist_sq/P[47:0] is not pipelined (MREG=0). Pipelining the multiplier function will improve performance and will save significant power so it is suggested whenever possible to fully pipeline this function.  If this multiplier was inferred, it is suggested to describe an additional register stage after this function.  If there is no registered adder/accumulator following the multiply function, two pipeline stages are suggested to allow both the MREG and PREG registers to be used.  If the DSP48 was instantiated in the design, it is suggested to set both the MREG and PREG attributes to 1 when performing multiply functions.
WARNING: [DRC DPOP-2] MREG Output pipelining: DSP u_top_airhockey/u_draw_puck/hi_dist_sq multiplier stage u_top_airhockey/u_draw_puck/hi_dist_sq/P[47:0] is not pipelined (MREG=0). Pipelining the multiplier function will improve performance and will save significant power so it is suggested whenever possible to fully pipeline this function.  If this multiplier was inferred, it is suggested to describe an additional register stage after this function.  If there is no registered adder/accumulator following the multiply function, two pipeline stages are suggested to allow both the MREG and PREG registers to be used.  If the DSP48 was instantiated in the design, it is suggested to set both the MREG and PREG attributes to 1 when performing multiply functions.
WARNING: [DRC DPOP-2] MREG Output pipelining: DSP u_top_airhockey/u_draw_rink/cdist_sq multiplier stage u_top_airhockey/u_draw_rink/cdist_sq/P[47:0] is not pipelined (MREG=0). Pipelining the multiplier function will improve performance and will save significant power so it is suggested whenever possible to fully pipeline this function.  If this multiplier was inferred, it is suggested to describe an additional register stage after this function.  If there is no registered adder/accumulator following the multiply function, two pipeline stages are suggested to allow both the MREG and PREG registers to be used.  If the DSP48 was instantiated in the design, it is suggested to set both the MREG and PREG attributes to 1 when performing multiply functions.
INFO: [Vivado 12-3199] DRC finished with 0 Errors, 42 Warnings
INFO: [Vivado 12-3200] Please refer to the DRC report (report_drc) for more information.
INFO: [Designutils 20-2272] Running write_bitstream with 8 threads.
Loading data files...
Loading site data...
Loading route data...
Processing options...
Creating bitmap...
Creating bitstream...
Writing bitstream ./top_airhockey_basys3.bit...
INFO: [Vivado 12-1842] Bitgen Completed Successfully.
INFO: [Project 1-1876] WebTalk data collection is mandatory when using a ULT device. To see the specific WebTalk data collected for your design, open the usage_statistics_webtalk.html or usage_statistics_webtalk.xml file in the implementation directory.
INFO: [Common 17-83] Releasing license: Implementation
12 Infos, 42 Warnings, 0 Critical Warnings and 0 Errors encountered.
write_bitstream completed successfully
write_bitstream: Time (s): cpu = 00:00:14 ; elapsed = 00:00:18 . Memory (MB): peak = 3709.320 ; gain = 251.961 ; free physical = 5315 ; free virtual = 13178
INFO: [Common 17-206] Exiting Vivado at Sun Aug 30 09:03:23 2026...
[Sun Aug 30 09:03:24 2026] impl_1 finished
wait_on_runs: Time (s): cpu = 00:02:22 ; elapsed = 00:01:35 . Memory (MB): peak = 2717.809 ; gain = 0.000 ; free physical = 6868 ; free virtual = 14731
# exit
INFO: [Common 17-206] Exiting Vivado at Sun Aug 30 09:03:24 2026...
