Copyright 1986-2021 Xilinx, Inc. All Rights Reserved.
---------------------------------------------------------------------------------------------------------------------------------------------------------------------------------------------------------------------------------------------------------
| Tool Version : Vivado v.2021.2 (lin64) Build 3367213 Tue Oct 19 02:47:39 MDT 2021
| Date         : Sun Aug 30 09:03:05 2026
| Host         : cadence30 running 64-bit CentOS Linux release 7.9.2009 (Core)
| Command      : report_timing_summary -max_paths 10 -report_unconstrained -file top_airhockey_basys3_timing_summary_routed.rpt -pb top_airhockey_basys3_timing_summary_routed.pb -rpx top_airhockey_basys3_timing_summary_routed.rpx -warn_on_violation
| Design       : top_airhockey_basys3
| Device       : 7a35t-cpg236
| Speed File   : -1  PRODUCTION 1.23 2018-06-13
---------------------------------------------------------------------------------------------------------------------------------------------------------------------------------------------------------------------------------------------------------

Timing Summary Report

------------------------------------------------------------------------------------------------
| Timer Settings
| --------------
------------------------------------------------------------------------------------------------

  Enable Multi Corner Analysis               :  Yes
  Enable Pessimism Removal                   :  Yes
  Pessimism Removal Resolution               :  Nearest Common Node
  Enable Input Delay Default Clock           :  No
  Enable Preset / Clear Arcs                 :  No
  Disable Flight Delays                      :  No
  Ignore I/O Paths                           :  No
  Timing Early Launch at Borrowing Latches   :  No
  Borrow Time for Max Delay Exceptions       :  Yes
  Merge Timing Exceptions                    :  Yes

  Corner  Analyze    Analyze    
  Name    Max Paths  Min Paths  
  ------  ---------  ---------  
  Slow    Yes        Yes        
  Fast    Yes        Yes        


------------------------------------------------------------------------------------------------
| Report Methodology
| ------------------
------------------------------------------------------------------------------------------------

Rule       Severity  Description                    Violations  
---------  --------  -----------------------------  ----------  
SYNTH-13   Warning   combinational multiplier       12          
TIMING-18  Warning   Missing input or output delay  3           

Note: This report is based on the most recent report_methodology run and may not be up-to-date. Run report_methodology on the current design for the latest report.



check_timing report

Table of Contents
-----------------
1. checking no_clock (0)
2. checking constant_clock (0)
3. checking pulse_width_clock (0)
4. checking unconstrained_internal_endpoints (0)
5. checking no_input_delay (6)
6. checking no_output_delay (19)
7. checking multiple_clock (0)
8. checking generated_clocks (0)
9. checking loops (0)
10. checking partial_input_delay (0)
11. checking partial_output_delay (0)
12. checking latch_loops (0)

1. checking no_clock (0)
------------------------
 There are 0 register/latch pins with no clock.


2. checking constant_clock (0)
------------------------------
 There are 0 register/latch pins with constant_clock.


3. checking pulse_width_clock (0)
---------------------------------
 There are 0 register/latch pins which need pulse_width check


4. checking unconstrained_internal_endpoints (0)
------------------------------------------------
 There are 0 pins that are not constrained for maximum delay.

 There are 0 pins that are not constrained for maximum delay due to constant clock.


5. checking no_input_delay (6)
------------------------------
 There are 6 input ports with no input delay specified. (HIGH)

 There are 0 input ports with no input delay but user has a false path constraint.


6. checking no_output_delay (19)
--------------------------------
 There are 19 ports with no output delay specified. (HIGH)

 There are 0 ports with no output delay but user has a false path constraint

 There are 0 ports with no output delay but with a timing clock defined on it or propagating through it


7. checking multiple_clock (0)
------------------------------
 There are 0 register/latch pins with multiple clocks.


8. checking generated_clocks (0)
--------------------------------
 There are 0 generated clocks that are not connected to a clock source.


9. checking loops (0)
---------------------
 There are 0 combinational loops in the design.


10. checking partial_input_delay (0)
------------------------------------
 There are 0 input ports with partial input delay specified.


11. checking partial_output_delay (0)
-------------------------------------
 There are 0 ports with partial output delay specified.


12. checking latch_loops (0)
----------------------------
 There are 0 combinational latch loops in the design through latch input



------------------------------------------------------------------------------------------------
| Design Timing Summary
| ---------------------
------------------------------------------------------------------------------------------------

    WNS(ns)      TNS(ns)  TNS Failing Endpoints  TNS Total Endpoints      WHS(ns)      THS(ns)  THS Failing Endpoints  THS Total Endpoints     WPWS(ns)     TPWS(ns)  TPWS Failing Endpoints  TPWS Total Endpoints  
    -------      -------  ---------------------  -------------------      -------      -------  ---------------------  -------------------     --------     --------  ----------------------  --------------------  
      0.389        0.000                      0                 7336        0.014        0.000                      0                 7336        3.000        0.000                       0                  3490  


All user specified timing constraints are met.


------------------------------------------------------------------------------------------------
| Clock Summary
| -------------
------------------------------------------------------------------------------------------------

Clock                  Waveform(ns)       Period(ns)      Frequency(MHz)
-----                  ------------       ----------      --------------
clk                    {0.000 5.000}      10.000          100.000         
  clk100MHz_clk_wiz_0  {0.000 5.000}      10.000          100.000         
  clk_pix_clk_wiz_0    {0.000 7.692}      15.385          65.000          
  clkfbout_clk_wiz_0   {0.000 5.000}      10.000          100.000         


------------------------------------------------------------------------------------------------
| Intra Clock Table
| -----------------
------------------------------------------------------------------------------------------------

Clock                      WNS(ns)      TNS(ns)  TNS Failing Endpoints  TNS Total Endpoints      WHS(ns)      THS(ns)  THS Failing Endpoints  THS Total Endpoints     WPWS(ns)     TPWS(ns)  TPWS Failing Endpoints  TPWS Total Endpoints  
-----                      -------      -------  ---------------------  -------------------      -------      -------  ---------------------  -------------------     --------     --------  ----------------------  --------------------  
clk                                                                                                                                                                      3.000        0.000                       0                     1  
  clk100MHz_clk_wiz_0        3.691        0.000                      0                  472        0.122        0.000                      0                  472        4.500        0.000                       0                   279  
  clk_pix_clk_wiz_0          0.389        0.000                      0                 6745        0.014        0.000                      0                 6745        6.712        0.000                       0                  3207  
  clkfbout_clk_wiz_0                                                                                                                                                     7.845        0.000                       0                     3  


------------------------------------------------------------------------------------------------
| Inter Clock Table
| -----------------
------------------------------------------------------------------------------------------------

From Clock    To Clock          WNS(ns)      TNS(ns)  TNS Failing Endpoints  TNS Total Endpoints      WHS(ns)      THS(ns)  THS Failing Endpoints  THS Total Endpoints  
----------    --------          -------      -------  ---------------------  -------------------      -------      -------  ---------------------  -------------------  


------------------------------------------------------------------------------------------------
| Other Path Groups Table
| -----------------------
------------------------------------------------------------------------------------------------

Path Group           From Clock           To Clock                 WNS(ns)      TNS(ns)  TNS Failing Endpoints  TNS Total Endpoints      WHS(ns)      THS(ns)  THS Failing Endpoints  THS Total Endpoints  
----------           ----------           --------                 -------      -------  ---------------------  -------------------      -------      -------  ---------------------  -------------------  
**async_default**    clk100MHz_clk_wiz_0  clk100MHz_clk_wiz_0        7.067        0.000                      0                   80        0.674        0.000                      0                   80  
**async_default**    clk_pix_clk_wiz_0    clk_pix_clk_wiz_0          8.320        0.000                      0                   39        1.300        0.000                      0                   39  


------------------------------------------------------------------------------------------------
| User Ignored Path Table
| -----------------------
------------------------------------------------------------------------------------------------

Path Group           From Clock           To Clock           
----------           ----------           --------           
(none)               clk100MHz_clk_wiz_0  clk_pix_clk_wiz_0    


------------------------------------------------------------------------------------------------
| Unconstrained Path Table
| ------------------------
------------------------------------------------------------------------------------------------

Path Group           From Clock           To Clock           
----------           ----------           --------           
(none)               clk100MHz_clk_wiz_0                       
(none)               clk_pix_clk_wiz_0                         
(none)               clkfbout_clk_wiz_0                        
(none)                                    clk100MHz_clk_wiz_0  
(none)                                    clk_pix_clk_wiz_0    


------------------------------------------------------------------------------------------------
| Timing Details
| --------------
------------------------------------------------------------------------------------------------


---------------------------------------------------------------------------------------------------
From Clock:  clk
  To Clock:  clk

Setup :           NA  Failing Endpoints,  Worst Slack           NA  ,  Total Violation           NA
Hold  :           NA  Failing Endpoints,  Worst Slack           NA  ,  Total Violation           NA
PW    :            0  Failing Endpoints,  Worst Slack        3.000ns,  Total Violation        0.000ns
---------------------------------------------------------------------------------------------------


Pulse Width Checks
--------------------------------------------------------------------------------------
Clock Name:         clk
Waveform(ns):       { 0.000 5.000 }
Period(ns):         10.000
Sources:            { clk }

Check Type        Corner  Lib Pin            Reference Pin  Required(ns)  Actual(ns)  Slack(ns)  Location         Pin
Min Period        n/a     MMCME2_ADV/CLKIN1  n/a            1.249         10.000      8.751      MMCME2_ADV_X1Y0  u_clk_wiz/inst/mmcm_adv_inst/CLKIN1
Max Period        n/a     MMCME2_ADV/CLKIN1  n/a            100.000       10.000      90.000     MMCME2_ADV_X1Y0  u_clk_wiz/inst/mmcm_adv_inst/CLKIN1
Low Pulse Width   Slow    MMCME2_ADV/CLKIN1  n/a            2.000         5.000       3.000      MMCME2_ADV_X1Y0  u_clk_wiz/inst/mmcm_adv_inst/CLKIN1
Low Pulse Width   Fast    MMCME2_ADV/CLKIN1  n/a            2.000         5.000       3.000      MMCME2_ADV_X1Y0  u_clk_wiz/inst/mmcm_adv_inst/CLKIN1
High Pulse Width  Slow    MMCME2_ADV/CLKIN1  n/a            2.000         5.000       3.000      MMCME2_ADV_X1Y0  u_clk_wiz/inst/mmcm_adv_inst/CLKIN1
High Pulse Width  Fast    MMCME2_ADV/CLKIN1  n/a            2.000         5.000       3.000      MMCME2_ADV_X1Y0  u_clk_wiz/inst/mmcm_adv_inst/CLKIN1



---------------------------------------------------------------------------------------------------
From Clock:  clk100MHz_clk_wiz_0
  To Clock:  clk100MHz_clk_wiz_0

Setup :            0  Failing Endpoints,  Worst Slack        3.691ns,  Total Violation        0.000ns
Hold  :            0  Failing Endpoints,  Worst Slack        0.122ns,  Total Violation        0.000ns
PW    :            0  Failing Endpoints,  Worst Slack        4.500ns,  Total Violation        0.000ns
---------------------------------------------------------------------------------------------------


Max Delay Paths
--------------------------------------------------------------------------------------
Slack (MET) :             3.691ns  (required time - arrival time)
  Source:                 u_top_airhockey/u_mouse/x_overflow_reg/C
                            (rising edge-triggered cell FDCE clocked by clk100MHz_clk_wiz_0  {rise@0.000ns fall@5.000ns period=10.000ns})
  Destination:            u_top_airhockey/u_mouse/x_pos_reg[6]/D
                            (rising edge-triggered cell FDRE clocked by clk100MHz_clk_wiz_0  {rise@0.000ns fall@5.000ns period=10.000ns})
  Path Group:             clk100MHz_clk_wiz_0
  Path Type:              Setup (Max at Slow Process Corner)
  Requirement:            10.000ns  (clk100MHz_clk_wiz_0 rise@10.000ns - clk100MHz_clk_wiz_0 rise@0.000ns)
  Data Path Delay:        6.197ns  (logic 2.530ns (40.823%)  route 3.667ns (59.177%))
  Logic Levels:           7  (CARRY4=4 LUT2=1 LUT3=1 LUT5=1)
  Clock Path Skew:        -0.108ns (DCD - SCD + CPR)
    Destination Clock Delay (DCD):    -1.548ns = ( 8.452 - 10.000 ) 
    Source Clock Delay      (SCD):    -0.877ns
    Clock Pessimism Removal (CPR):    0.564ns
  Clock Uncertainty:      0.081ns  ((TSJ^2 + DJ^2)^1/2) / 2 + PE
    Total System Jitter     (TSJ):    0.071ns
    Discrete Jitter          (DJ):    0.146ns
    Phase Error              (PE):    0.000ns

    Location             Delay type                Incr(ns)  Path(ns)    Netlist Resource(s)
  -------------------------------------------------------------------    -------------------
                         (clock clk100MHz_clk_wiz_0 rise edge)
                                                      0.000     0.000 r  
    W5                                                0.000     0.000 r  clk (IN)
                         net (fo=0)                   0.000     0.000    u_clk_wiz/inst/clk
    W5                   IBUF (Prop_ibuf_I_O)         1.458     1.458 r  u_clk_wiz/inst/clkin1_ibufg/O
                         net (fo=1, routed)           1.233     2.691    u_clk_wiz/inst/clk_clk_wiz_0
    MMCME2_ADV_X1Y0      MMCME2_ADV (Prop_mmcme2_adv_CLKIN1_CLKOUT0)
                                                     -6.961    -4.269 r  u_clk_wiz/inst/mmcm_adv_inst/CLKOUT0
                         net (fo=2, routed)           1.661    -2.608    u_clk_wiz/inst/clk100MHz_clk_wiz_0
    BUFGCTRL_X0Y1        BUFGCTRL (Prop_bufgctrl_I0_O)
                                                      0.096    -2.512 r  u_clk_wiz/inst/clkout1_buf/O
                         net (fo=268, routed)         1.635    -0.877    u_top_airhockey/u_mouse/CLK
    SLICE_X3Y38          FDCE                                         r  u_top_airhockey/u_mouse/x_overflow_reg/C
  -------------------------------------------------------------------    -------------------
    SLICE_X3Y38          FDCE (Prop_fdce_C_Q)         0.456    -0.421 r  u_top_airhockey/u_mouse/x_overflow_reg/Q
                         net (fo=19, routed)          1.164     0.743    u_top_airhockey/u_mouse/x_overflow_reg_n_0
    SLICE_X6Y37          LUT3 (Prop_lut3_I1_O)        0.124     0.867 r  u_top_airhockey/u_mouse/x_pos[3]_i_10/O
                         net (fo=1, routed)           0.000     0.867    u_top_airhockey/u_mouse/x_pos[3]_i_10_n_0
    SLICE_X6Y37          CARRY4 (Prop_carry4_S[1]_CO[3])
                                                      0.533     1.400 r  u_top_airhockey/u_mouse/x_pos_reg[3]_i_3/CO[3]
                         net (fo=1, routed)           0.000     1.400    u_top_airhockey/u_mouse/x_pos_reg[3]_i_3_n_0
    SLICE_X6Y38          CARRY4 (Prop_carry4_CI_CO[3])
                                                      0.117     1.517 r  u_top_airhockey/u_mouse/x_pos_reg[7]_i_3/CO[3]
                         net (fo=1, routed)           0.000     1.517    u_top_airhockey/u_mouse/x_pos_reg[7]_i_3_n_0
    SLICE_X6Y39          CARRY4 (Prop_carry4_CI_O[0])
                                                      0.219     1.736 f  u_top_airhockey/u_mouse/x_pos_reg[11]_i_3/O[0]
                         net (fo=3, routed)           1.143     2.880    u_top_airhockey/u_mouse/plusOp4[8]
    SLICE_X4Y38          LUT2 (Prop_lut2_I0_O)        0.295     3.175 r  u_top_airhockey/u_mouse/x_pos[11]_i_6/O
                         net (fo=1, routed)           0.000     3.175    u_top_airhockey/u_mouse/x_pos[11]_i_6_n_0
    SLICE_X4Y38          CARRY4 (Prop_carry4_S[0]_CO[1])
                                                      0.457     3.632 r  u_top_airhockey/u_mouse/x_pos_reg[11]_i_2/CO[1]
                         net (fo=12, routed)          1.360     4.992    u_top_airhockey/u_mouse/gtOp
    SLICE_X8Y38          LUT5 (Prop_lut5_I3_O)        0.329     5.321 r  u_top_airhockey/u_mouse/x_pos[6]_i_1/O
                         net (fo=1, routed)           0.000     5.321    u_top_airhockey/u_mouse/x_pos[6]_i_1_n_0
    SLICE_X8Y38          FDRE                                         r  u_top_airhockey/u_mouse/x_pos_reg[6]/D
  -------------------------------------------------------------------    -------------------

                         (clock clk100MHz_clk_wiz_0 rise edge)
                                                     10.000    10.000 r  
    W5                                                0.000    10.000 r  clk (IN)
                         net (fo=0)                   0.000    10.000    u_clk_wiz/inst/clk
    W5                   IBUF (Prop_ibuf_I_O)         1.388    11.388 r  u_clk_wiz/inst/clkin1_ibufg/O
                         net (fo=1, routed)           1.162    12.550    u_clk_wiz/inst/clk_clk_wiz_0
    MMCME2_ADV_X1Y0      MMCME2_ADV (Prop_mmcme2_adv_CLKIN1_CLKOUT0)
                                                     -7.217     5.332 r  u_clk_wiz/inst/mmcm_adv_inst/CLKOUT0
                         net (fo=2, routed)           1.581     6.914    u_clk_wiz/inst/clk100MHz_clk_wiz_0
    BUFGCTRL_X0Y1        BUFGCTRL (Prop_bufgctrl_I0_O)
                                                      0.091     7.005 r  u_clk_wiz/inst/clkout1_buf/O
                         net (fo=268, routed)         1.447     8.452    u_top_airhockey/u_mouse/CLK
    SLICE_X8Y38          FDRE                                         r  u_top_airhockey/u_mouse/x_pos_reg[6]/C
                         clock pessimism              0.564     9.015    
                         clock uncertainty           -0.081     8.935    
    SLICE_X8Y38          FDRE (Setup_fdre_C_D)        0.077     9.012    u_top_airhockey/u_mouse/x_pos_reg[6]
  -------------------------------------------------------------------
                         required time                          9.012    
                         arrival time                          -5.321    
  -------------------------------------------------------------------
                         slack                                  3.691    

Slack (MET) :             3.767ns  (required time - arrival time)
  Source:                 u_top_airhockey/u_mouse/x_overflow_reg/C
                            (rising edge-triggered cell FDCE clocked by clk100MHz_clk_wiz_0  {rise@0.000ns fall@5.000ns period=10.000ns})
  Destination:            u_top_airhockey/u_mouse/x_pos_reg[7]/D
                            (rising edge-triggered cell FDRE clocked by clk100MHz_clk_wiz_0  {rise@0.000ns fall@5.000ns period=10.000ns})
  Path Group:             clk100MHz_clk_wiz_0
  Path Type:              Setup (Max at Slow Process Corner)
  Requirement:            10.000ns  (clk100MHz_clk_wiz_0 rise@10.000ns - clk100MHz_clk_wiz_0 rise@0.000ns)
  Data Path Delay:        6.125ns  (logic 2.530ns (41.308%)  route 3.595ns (58.692%))
  Logic Levels:           7  (CARRY4=4 LUT2=1 LUT3=1 LUT5=1)
  Clock Path Skew:        -0.108ns (DCD - SCD + CPR)
    Destination Clock Delay (DCD):    -1.548ns = ( 8.452 - 10.000 ) 
    Source Clock Delay      (SCD):    -0.877ns
    Clock Pessimism Removal (CPR):    0.564ns
  Clock Uncertainty:      0.081ns  ((TSJ^2 + DJ^2)^1/2) / 2 + PE
    Total System Jitter     (TSJ):    0.071ns
    Discrete Jitter          (DJ):    0.146ns
    Phase Error              (PE):    0.000ns

    Location             Delay type                Incr(ns)  Path(ns)    Netlist Resource(s)
  -------------------------------------------------------------------    -------------------
                         (clock clk100MHz_clk_wiz_0 rise edge)
                                                      0.000     0.000 r  
    W5                                                0.000     0.000 r  clk (IN)
                         net (fo=0)                   0.000     0.000    u_clk_wiz/inst/clk
    W5                   IBUF (Prop_ibuf_I_O)         1.458     1.458 r  u_clk_wiz/inst/clkin1_ibufg/O
                         net (fo=1, routed)           1.233     2.691    u_clk_wiz/inst/clk_clk_wiz_0
    MMCME2_ADV_X1Y0      MMCME2_ADV (Prop_mmcme2_adv_CLKIN1_CLKOUT0)
                                                     -6.961    -4.269 r  u_clk_wiz/inst/mmcm_adv_inst/CLKOUT0
                         net (fo=2, routed)           1.661    -2.608    u_clk_wiz/inst/clk100MHz_clk_wiz_0
    BUFGCTRL_X0Y1        BUFGCTRL (Prop_bufgctrl_I0_O)
                                                      0.096    -2.512 r  u_clk_wiz/inst/clkout1_buf/O
                         net (fo=268, routed)         1.635    -0.877    u_top_airhockey/u_mouse/CLK
    SLICE_X3Y38          FDCE                                         r  u_top_airhockey/u_mouse/x_overflow_reg/C
  -------------------------------------------------------------------    -------------------
    SLICE_X3Y38          FDCE (Prop_fdce_C_Q)         0.456    -0.421 r  u_top_airhockey/u_mouse/x_overflow_reg/Q
                         net (fo=19, routed)          1.164     0.743    u_top_airhockey/u_mouse/x_overflow_reg_n_0
    SLICE_X6Y37          LUT3 (Prop_lut3_I1_O)        0.124     0.867 r  u_top_airhockey/u_mouse/x_pos[3]_i_10/O
                         net (fo=1, routed)           0.000     0.867    u_top_airhockey/u_mouse/x_pos[3]_i_10_n_0
    SLICE_X6Y37          CARRY4 (Prop_carry4_S[1]_CO[3])
                                                      0.533     1.400 r  u_top_airhockey/u_mouse/x_pos_reg[3]_i_3/CO[3]
                         net (fo=1, routed)           0.000     1.400    u_top_airhockey/u_mouse/x_pos_reg[3]_i_3_n_0
    SLICE_X6Y38          CARRY4 (Prop_carry4_CI_CO[3])
                                                      0.117     1.517 r  u_top_airhockey/u_mouse/x_pos_reg[7]_i_3/CO[3]
                         net (fo=1, routed)           0.000     1.517    u_top_airhockey/u_mouse/x_pos_reg[7]_i_3_n_0
    SLICE_X6Y39          CARRY4 (Prop_carry4_CI_O[0])
                                                      0.219     1.736 f  u_top_airhockey/u_mouse/x_pos_reg[11]_i_3/O[0]
                         net (fo=3, routed)           1.143     2.880    u_top_airhockey/u_mouse/plusOp4[8]
    SLICE_X4Y38          LUT2 (Prop_lut2_I0_O)        0.295     3.175 r  u_top_airhockey/u_mouse/x_pos[11]_i_6/O
                         net (fo=1, routed)           0.000     3.175    u_top_airhockey/u_mouse/x_pos[11]_i_6_n_0
    SLICE_X4Y38          CARRY4 (Prop_carry4_S[0]_CO[1])
                                                      0.457     3.632 r  u_top_airhockey/u_mouse/x_pos_reg[11]_i_2/CO[1]
                         net (fo=12, routed)          1.287     4.919    u_top_airhockey/u_mouse/gtOp
    SLICE_X8Y38          LUT5 (Prop_lut5_I3_O)        0.329     5.248 r  u_top_airhockey/u_mouse/x_pos[7]_i_1/O
                         net (fo=1, routed)           0.000     5.248    u_top_airhockey/u_mouse/x_pos[7]_i_1_n_0
    SLICE_X8Y38          FDRE                                         r  u_top_airhockey/u_mouse/x_pos_reg[7]/D
  -------------------------------------------------------------------    -------------------

                         (clock clk100MHz_clk_wiz_0 rise edge)
                                                     10.000    10.000 r  
    W5                                                0.000    10.000 r  clk (IN)
                         net (fo=0)                   0.000    10.000    u_clk_wiz/inst/clk
    W5                   IBUF (Prop_ibuf_I_O)         1.388    11.388 r  u_clk_wiz/inst/clkin1_ibufg/O
                         net (fo=1, routed)           1.162    12.550    u_clk_wiz/inst/clk_clk_wiz_0
    MMCME2_ADV_X1Y0      MMCME2_ADV (Prop_mmcme2_adv_CLKIN1_CLKOUT0)
                                                     -7.217     5.332 r  u_clk_wiz/inst/mmcm_adv_inst/CLKOUT0
                         net (fo=2, routed)           1.581     6.914    u_clk_wiz/inst/clk100MHz_clk_wiz_0
    BUFGCTRL_X0Y1        BUFGCTRL (Prop_bufgctrl_I0_O)
                                                      0.091     7.005 r  u_clk_wiz/inst/clkout1_buf/O
                         net (fo=268, routed)         1.447     8.452    u_top_airhockey/u_mouse/CLK
    SLICE_X8Y38          FDRE                                         r  u_top_airhockey/u_mouse/x_pos_reg[7]/C
                         clock pessimism              0.564     9.015    
                         clock uncertainty           -0.081     8.935    
    SLICE_X8Y38          FDRE (Setup_fdre_C_D)        0.081     9.016    u_top_airhockey/u_mouse/x_pos_reg[7]
  -------------------------------------------------------------------
                         required time                          9.016    
                         arrival time                          -5.248    
  -------------------------------------------------------------------
                         slack                                  3.767    

Slack (MET) :             3.866ns  (required time - arrival time)
  Source:                 u_top_airhockey/u_mouse/x_overflow_reg/C
                            (rising edge-triggered cell FDCE clocked by clk100MHz_clk_wiz_0  {rise@0.000ns fall@5.000ns period=10.000ns})
  Destination:            u_top_airhockey/u_mouse/x_pos_reg[0]/D
                            (rising edge-triggered cell FDRE clocked by clk100MHz_clk_wiz_0  {rise@0.000ns fall@5.000ns period=10.000ns})
  Path Group:             clk100MHz_clk_wiz_0
  Path Type:              Setup (Max at Slow Process Corner)
  Requirement:            10.000ns  (clk100MHz_clk_wiz_0 rise@10.000ns - clk100MHz_clk_wiz_0 rise@0.000ns)
  Data Path Delay:        6.021ns  (logic 2.530ns (42.021%)  route 3.491ns (57.979%))
  Logic Levels:           7  (CARRY4=4 LUT2=1 LUT3=1 LUT5=1)
  Clock Path Skew:        -0.109ns (DCD - SCD + CPR)
    Destination Clock Delay (DCD):    -1.549ns = ( 8.451 - 10.000 ) 
    Source Clock Delay      (SCD):    -0.877ns
    Clock Pessimism Removal (CPR):    0.564ns
  Clock Uncertainty:      0.081ns  ((TSJ^2 + DJ^2)^1/2) / 2 + PE
    Total System Jitter     (TSJ):    0.071ns
    Discrete Jitter          (DJ):    0.146ns
    Phase Error              (PE):    0.000ns

    Location             Delay type                Incr(ns)  Path(ns)    Netlist Resource(s)
  -------------------------------------------------------------------    -------------------
                         (clock clk100MHz_clk_wiz_0 rise edge)
                                                      0.000     0.000 r  
    W5                                                0.000     0.000 r  clk (IN)
                         net (fo=0)                   0.000     0.000    u_clk_wiz/inst/clk
    W5                   IBUF (Prop_ibuf_I_O)         1.458     1.458 r  u_clk_wiz/inst/clkin1_ibufg/O
                         net (fo=1, routed)           1.233     2.691    u_clk_wiz/inst/clk_clk_wiz_0
    MMCME2_ADV_X1Y0      MMCME2_ADV (Prop_mmcme2_adv_CLKIN1_CLKOUT0)
                                                     -6.961    -4.269 r  u_clk_wiz/inst/mmcm_adv_inst/CLKOUT0
                         net (fo=2, routed)           1.661    -2.608    u_clk_wiz/inst/clk100MHz_clk_wiz_0
    BUFGCTRL_X0Y1        BUFGCTRL (Prop_bufgctrl_I0_O)
                                                      0.096    -2.512 r  u_clk_wiz/inst/clkout1_buf/O
                         net (fo=268, routed)         1.635    -0.877    u_top_airhockey/u_mouse/CLK
    SLICE_X3Y38          FDCE                                         r  u_top_airhockey/u_mouse/x_overflow_reg/C
  -------------------------------------------------------------------    -------------------
    SLICE_X3Y38          FDCE (Prop_fdce_C_Q)         0.456    -0.421 r  u_top_airhockey/u_mouse/x_overflow_reg/Q
                         net (fo=19, routed)          1.164     0.743    u_top_airhockey/u_mouse/x_overflow_reg_n_0
    SLICE_X6Y37          LUT3 (Prop_lut3_I1_O)        0.124     0.867 r  u_top_airhockey/u_mouse/x_pos[3]_i_10/O
                         net (fo=1, routed)           0.000     0.867    u_top_airhockey/u_mouse/x_pos[3]_i_10_n_0
    SLICE_X6Y37          CARRY4 (Prop_carry4_S[1]_CO[3])
                                                      0.533     1.400 r  u_top_airhockey/u_mouse/x_pos_reg[3]_i_3/CO[3]
                         net (fo=1, routed)           0.000     1.400    u_top_airhockey/u_mouse/x_pos_reg[3]_i_3_n_0
    SLICE_X6Y38          CARRY4 (Prop_carry4_CI_CO[3])
                                                      0.117     1.517 r  u_top_airhockey/u_mouse/x_pos_reg[7]_i_3/CO[3]
                         net (fo=1, routed)           0.000     1.517    u_top_airhockey/u_mouse/x_pos_reg[7]_i_3_n_0
    SLICE_X6Y39          CARRY4 (Prop_carry4_CI_O[0])
                                                      0.219     1.736 f  u_top_airhockey/u_mouse/x_pos_reg[11]_i_3/O[0]
                         net (fo=3, routed)           1.143     2.880    u_top_airhockey/u_mouse/plusOp4[8]
    SLICE_X4Y38          LUT2 (Prop_lut2_I0_O)        0.295     3.175 r  u_top_airhockey/u_mouse/x_pos[11]_i_6/O
                         net (fo=1, routed)           0.000     3.175    u_top_airhockey/u_mouse/x_pos[11]_i_6_n_0
    SLICE_X4Y38          CARRY4 (Prop_carry4_S[0]_CO[1])
                                                      0.457     3.632 r  u_top_airhockey/u_mouse/x_pos_reg[11]_i_2/CO[1]
                         net (fo=12, routed)          1.183     4.815    u_top_airhockey/u_mouse/gtOp
    SLICE_X8Y37          LUT5 (Prop_lut5_I3_O)        0.329     5.144 r  u_top_airhockey/u_mouse/x_pos[0]_i_1/O
                         net (fo=1, routed)           0.000     5.144    u_top_airhockey/u_mouse/x_pos[0]_i_1_n_0
    SLICE_X8Y37          FDRE                                         r  u_top_airhockey/u_mouse/x_pos_reg[0]/D
  -------------------------------------------------------------------    -------------------

                         (clock clk100MHz_clk_wiz_0 rise edge)
                                                     10.000    10.000 r  
    W5                                                0.000    10.000 r  clk (IN)
                         net (fo=0)                   0.000    10.000    u_clk_wiz/inst/clk
    W5                   IBUF (Prop_ibuf_I_O)         1.388    11.388 r  u_clk_wiz/inst/clkin1_ibufg/O
                         net (fo=1, routed)           1.162    12.550    u_clk_wiz/inst/clk_clk_wiz_0
    MMCME2_ADV_X1Y0      MMCME2_ADV (Prop_mmcme2_adv_CLKIN1_CLKOUT0)
                                                     -7.217     5.332 r  u_clk_wiz/inst/mmcm_adv_inst/CLKOUT0
                         net (fo=2, routed)           1.581     6.914    u_clk_wiz/inst/clk100MHz_clk_wiz_0
    BUFGCTRL_X0Y1        BUFGCTRL (Prop_bufgctrl_I0_O)
                                                      0.091     7.005 r  u_clk_wiz/inst/clkout1_buf/O
                         net (fo=268, routed)         1.446     8.451    u_top_airhockey/u_mouse/CLK
    SLICE_X8Y37          FDRE                                         r  u_top_airhockey/u_mouse/x_pos_reg[0]/C
                         clock pessimism              0.564     9.014    
                         clock uncertainty           -0.081     8.934    
    SLICE_X8Y37          FDRE (Setup_fdre_C_D)        0.077     9.011    u_top_airhockey/u_mouse/x_pos_reg[0]
  -------------------------------------------------------------------
                         required time                          9.011    
                         arrival time                          -5.144    
  -------------------------------------------------------------------
                         slack                                  3.866    

Slack (MET) :             3.974ns  (required time - arrival time)
  Source:                 u_top_airhockey/u_mouse/x_overflow_reg/C
                            (rising edge-triggered cell FDCE clocked by clk100MHz_clk_wiz_0  {rise@0.000ns fall@5.000ns period=10.000ns})
  Destination:            u_top_airhockey/u_mouse/x_pos_reg[11]/D
                            (rising edge-triggered cell FDRE clocked by clk100MHz_clk_wiz_0  {rise@0.000ns fall@5.000ns period=10.000ns})
  Path Group:             clk100MHz_clk_wiz_0
  Path Type:              Setup (Max at Slow Process Corner)
  Requirement:            10.000ns  (clk100MHz_clk_wiz_0 rise@10.000ns - clk100MHz_clk_wiz_0 rise@0.000ns)
  Data Path Delay:        5.916ns  (logic 2.530ns (42.762%)  route 3.386ns (57.238%))
  Logic Levels:           7  (CARRY4=4 LUT2=1 LUT3=2)
  Clock Path Skew:        -0.108ns (DCD - SCD + CPR)
    Destination Clock Delay (DCD):    -1.548ns = ( 8.452 - 10.000 ) 
    Source Clock Delay      (SCD):    -0.877ns
    Clock Pessimism Removal (CPR):    0.564ns
  Clock Uncertainty:      0.081ns  ((TSJ^2 + DJ^2)^1/2) / 2 + PE
    Total System Jitter     (TSJ):    0.071ns
    Discrete Jitter          (DJ):    0.146ns
    Phase Error              (PE):    0.000ns

    Location             Delay type                Incr(ns)  Path(ns)    Netlist Resource(s)
  -------------------------------------------------------------------    -------------------
                         (clock clk100MHz_clk_wiz_0 rise edge)
                                                      0.000     0.000 r  
    W5                                                0.000     0.000 r  clk (IN)
                         net (fo=0)                   0.000     0.000    u_clk_wiz/inst/clk
    W5                   IBUF (Prop_ibuf_I_O)         1.458     1.458 r  u_clk_wiz/inst/clkin1_ibufg/O
                         net (fo=1, routed)           1.233     2.691    u_clk_wiz/inst/clk_clk_wiz_0
    MMCME2_ADV_X1Y0      MMCME2_ADV (Prop_mmcme2_adv_CLKIN1_CLKOUT0)
                                                     -6.961    -4.269 r  u_clk_wiz/inst/mmcm_adv_inst/CLKOUT0
                         net (fo=2, routed)           1.661    -2.608    u_clk_wiz/inst/clk100MHz_clk_wiz_0
    BUFGCTRL_X0Y1        BUFGCTRL (Prop_bufgctrl_I0_O)
                                                      0.096    -2.512 r  u_clk_wiz/inst/clkout1_buf/O
                         net (fo=268, routed)         1.635    -0.877    u_top_airhockey/u_mouse/CLK
    SLICE_X3Y38          FDCE                                         r  u_top_airhockey/u_mouse/x_overflow_reg/C
  -------------------------------------------------------------------    -------------------
    SLICE_X3Y38          FDCE (Prop_fdce_C_Q)         0.456    -0.421 r  u_top_airhockey/u_mouse/x_overflow_reg/Q
                         net (fo=19, routed)          1.164     0.743    u_top_airhockey/u_mouse/x_overflow_reg_n_0
    SLICE_X6Y37          LUT3 (Prop_lut3_I1_O)        0.124     0.867 r  u_top_airhockey/u_mouse/x_pos[3]_i_10/O
                         net (fo=1, routed)           0.000     0.867    u_top_airhockey/u_mouse/x_pos[3]_i_10_n_0
    SLICE_X6Y37          CARRY4 (Prop_carry4_S[1]_CO[3])
                                                      0.533     1.400 r  u_top_airhockey/u_mouse/x_pos_reg[3]_i_3/CO[3]
                         net (fo=1, routed)           0.000     1.400    u_top_airhockey/u_mouse/x_pos_reg[3]_i_3_n_0
    SLICE_X6Y38          CARRY4 (Prop_carry4_CI_CO[3])
                                                      0.117     1.517 r  u_top_airhockey/u_mouse/x_pos_reg[7]_i_3/CO[3]
                         net (fo=1, routed)           0.000     1.517    u_top_airhockey/u_mouse/x_pos_reg[7]_i_3_n_0
    SLICE_X6Y39          CARRY4 (Prop_carry4_CI_O[0])
                                                      0.219     1.736 f  u_top_airhockey/u_mouse/x_pos_reg[11]_i_3/O[0]
                         net (fo=3, routed)           1.143     2.880    u_top_airhockey/u_mouse/plusOp4[8]
    SLICE_X4Y38          LUT2 (Prop_lut2_I0_O)        0.295     3.175 r  u_top_airhockey/u_mouse/x_pos[11]_i_6/O
                         net (fo=1, routed)           0.000     3.175    u_top_airhockey/u_mouse/x_pos[11]_i_6_n_0
    SLICE_X4Y38          CARRY4 (Prop_carry4_S[0]_CO[1])
                                                      0.457     3.632 f  u_top_airhockey/u_mouse/x_pos_reg[11]_i_2/CO[1]
                         net (fo=12, routed)          1.079     4.711    u_top_airhockey/u_mouse/gtOp
    SLICE_X8Y38          LUT3 (Prop_lut3_I0_O)        0.329     5.040 r  u_top_airhockey/u_mouse/x_pos[11]_i_1/O
                         net (fo=1, routed)           0.000     5.040    u_top_airhockey/u_mouse/x_pos[11]_i_1_n_0
    SLICE_X8Y38          FDRE                                         r  u_top_airhockey/u_mouse/x_pos_reg[11]/D
  -------------------------------------------------------------------    -------------------

                         (clock clk100MHz_clk_wiz_0 rise edge)
                                                     10.000    10.000 r  
    W5                                                0.000    10.000 r  clk (IN)
                         net (fo=0)                   0.000    10.000    u_clk_wiz/inst/clk
    W5                   IBUF (Prop_ibuf_I_O)         1.388    11.388 r  u_clk_wiz/inst/clkin1_ibufg/O
                         net (fo=1, routed)           1.162    12.550    u_clk_wiz/inst/clk_clk_wiz_0
    MMCME2_ADV_X1Y0      MMCME2_ADV (Prop_mmcme2_adv_CLKIN1_CLKOUT0)
                                                     -7.217     5.332 r  u_clk_wiz/inst/mmcm_adv_inst/CLKOUT0
                         net (fo=2, routed)           1.581     6.914    u_clk_wiz/inst/clk100MHz_clk_wiz_0
    BUFGCTRL_X0Y1        BUFGCTRL (Prop_bufgctrl_I0_O)
                                                      0.091     7.005 r  u_clk_wiz/inst/clkout1_buf/O
                         net (fo=268, routed)         1.447     8.452    u_top_airhockey/u_mouse/CLK
    SLICE_X8Y38          FDRE                                         r  u_top_airhockey/u_mouse/x_pos_reg[11]/C
                         clock pessimism              0.564     9.015    
                         clock uncertainty           -0.081     8.935    
    SLICE_X8Y38          FDRE (Setup_fdre_C_D)        0.079     9.014    u_top_airhockey/u_mouse/x_pos_reg[11]
  -------------------------------------------------------------------
                         required time                          9.014    
                         arrival time                          -5.040    
  -------------------------------------------------------------------
                         slack                                  3.974    

Slack (MET) :             3.984ns  (required time - arrival time)
  Source:                 u_top_airhockey/u_mouse/x_overflow_reg/C
                            (rising edge-triggered cell FDCE clocked by clk100MHz_clk_wiz_0  {rise@0.000ns fall@5.000ns period=10.000ns})
  Destination:            u_top_airhockey/u_mouse/x_pos_reg[9]/D
                            (rising edge-triggered cell FDRE clocked by clk100MHz_clk_wiz_0  {rise@0.000ns fall@5.000ns period=10.000ns})
  Path Group:             clk100MHz_clk_wiz_0
  Path Type:              Setup (Max at Slow Process Corner)
  Requirement:            10.000ns  (clk100MHz_clk_wiz_0 rise@10.000ns - clk100MHz_clk_wiz_0 rise@0.000ns)
  Data Path Delay:        5.906ns  (logic 2.530ns (42.835%)  route 3.376ns (57.165%))
  Logic Levels:           7  (CARRY4=4 LUT2=1 LUT3=1 LUT5=1)
  Clock Path Skew:        -0.108ns (DCD - SCD + CPR)
    Destination Clock Delay (DCD):    -1.548ns = ( 8.452 - 10.000 ) 
    Source Clock Delay      (SCD):    -0.877ns
    Clock Pessimism Removal (CPR):    0.564ns
  Clock Uncertainty:      0.081ns  ((TSJ^2 + DJ^2)^1/2) / 2 + PE
    Total System Jitter     (TSJ):    0.071ns
    Discrete Jitter          (DJ):    0.146ns
    Phase Error              (PE):    0.000ns

    Location             Delay type                Incr(ns)  Path(ns)    Netlist Resource(s)
  -------------------------------------------------------------------    -------------------
                         (clock clk100MHz_clk_wiz_0 rise edge)
                                                      0.000     0.000 r  
    W5                                                0.000     0.000 r  clk (IN)
                         net (fo=0)                   0.000     0.000    u_clk_wiz/inst/clk
    W5                   IBUF (Prop_ibuf_I_O)         1.458     1.458 r  u_clk_wiz/inst/clkin1_ibufg/O
                         net (fo=1, routed)           1.233     2.691    u_clk_wiz/inst/clk_clk_wiz_0
    MMCME2_ADV_X1Y0      MMCME2_ADV (Prop_mmcme2_adv_CLKIN1_CLKOUT0)
                                                     -6.961    -4.269 r  u_clk_wiz/inst/mmcm_adv_inst/CLKOUT0
                         net (fo=2, routed)           1.661    -2.608    u_clk_wiz/inst/clk100MHz_clk_wiz_0
    BUFGCTRL_X0Y1        BUFGCTRL (Prop_bufgctrl_I0_O)
                                                      0.096    -2.512 r  u_clk_wiz/inst/clkout1_buf/O
                         net (fo=268, routed)         1.635    -0.877    u_top_airhockey/u_mouse/CLK
    SLICE_X3Y38          FDCE                                         r  u_top_airhockey/u_mouse/x_overflow_reg/C
  -------------------------------------------------------------------    -------------------
    SLICE_X3Y38          FDCE (Prop_fdce_C_Q)         0.456    -0.421 r  u_top_airhockey/u_mouse/x_overflow_reg/Q
                         net (fo=19, routed)          1.164     0.743    u_top_airhockey/u_mouse/x_overflow_reg_n_0
    SLICE_X6Y37          LUT3 (Prop_lut3_I1_O)        0.124     0.867 r  u_top_airhockey/u_mouse/x_pos[3]_i_10/O
                         net (fo=1, routed)           0.000     0.867    u_top_airhockey/u_mouse/x_pos[3]_i_10_n_0
    SLICE_X6Y37          CARRY4 (Prop_carry4_S[1]_CO[3])
                                                      0.533     1.400 r  u_top_airhockey/u_mouse/x_pos_reg[3]_i_3/CO[3]
                         net (fo=1, routed)           0.000     1.400    u_top_airhockey/u_mouse/x_pos_reg[3]_i_3_n_0
    SLICE_X6Y38          CARRY4 (Prop_carry4_CI_CO[3])
                                                      0.117     1.517 r  u_top_airhockey/u_mouse/x_pos_reg[7]_i_3/CO[3]
                         net (fo=1, routed)           0.000     1.517    u_top_airhockey/u_mouse/x_pos_reg[7]_i_3_n_0
    SLICE_X6Y39          CARRY4 (Prop_carry4_CI_O[0])
                                                      0.219     1.736 f  u_top_airhockey/u_mouse/x_pos_reg[11]_i_3/O[0]
                         net (fo=3, routed)           1.143     2.880    u_top_airhockey/u_mouse/plusOp4[8]
    SLICE_X4Y38          LUT2 (Prop_lut2_I0_O)        0.295     3.175 r  u_top_airhockey/u_mouse/x_pos[11]_i_6/O
                         net (fo=1, routed)           0.000     3.175    u_top_airhockey/u_mouse/x_pos[11]_i_6_n_0
    SLICE_X4Y38          CARRY4 (Prop_carry4_S[0]_CO[1])
                                                      0.457     3.632 f  u_top_airhockey/u_mouse/x_pos_reg[11]_i_2/CO[1]
                         net (fo=12, routed)          1.069     4.701    u_top_airhockey/u_mouse/gtOp
    SLICE_X8Y38          LUT5 (Prop_lut5_I4_O)        0.329     5.030 r  u_top_airhockey/u_mouse/x_pos[9]_i_1/O
                         net (fo=1, routed)           0.000     5.030    u_top_airhockey/u_mouse/x_pos[9]_i_1_n_0
    SLICE_X8Y38          FDRE                                         r  u_top_airhockey/u_mouse/x_pos_reg[9]/D
  -------------------------------------------------------------------    -------------------

                         (clock clk100MHz_clk_wiz_0 rise edge)
                                                     10.000    10.000 r  
    W5                                                0.000    10.000 r  clk (IN)
                         net (fo=0)                   0.000    10.000    u_clk_wiz/inst/clk
    W5                   IBUF (Prop_ibuf_I_O)         1.388    11.388 r  u_clk_wiz/inst/clkin1_ibufg/O
                         net (fo=1, routed)           1.162    12.550    u_clk_wiz/inst/clk_clk_wiz_0
    MMCME2_ADV_X1Y0      MMCME2_ADV (Prop_mmcme2_adv_CLKIN1_CLKOUT0)
                                                     -7.217     5.332 r  u_clk_wiz/inst/mmcm_adv_inst/CLKOUT0
                         net (fo=2, routed)           1.581     6.914    u_clk_wiz/inst/clk100MHz_clk_wiz_0
    BUFGCTRL_X0Y1        BUFGCTRL (Prop_bufgctrl_I0_O)
                                                      0.091     7.005 r  u_clk_wiz/inst/clkout1_buf/O
                         net (fo=268, routed)         1.447     8.452    u_top_airhockey/u_mouse/CLK
    SLICE_X8Y38          FDRE                                         r  u_top_airhockey/u_mouse/x_pos_reg[9]/C
                         clock pessimism              0.564     9.015    
                         clock uncertainty           -0.081     8.935    
    SLICE_X8Y38          FDRE (Setup_fdre_C_D)        0.079     9.014    u_top_airhockey/u_mouse/x_pos_reg[9]
  -------------------------------------------------------------------
                         required time                          9.014    
                         arrival time                          -5.030    
  -------------------------------------------------------------------
                         slack                                  3.984    

Slack (MET) :             4.032ns  (required time - arrival time)
  Source:                 u_top_airhockey/u_mouse/x_overflow_reg/C
                            (rising edge-triggered cell FDCE clocked by clk100MHz_clk_wiz_0  {rise@0.000ns fall@5.000ns period=10.000ns})
  Destination:            u_top_airhockey/u_mouse/x_pos_reg[1]/D
                            (rising edge-triggered cell FDRE clocked by clk100MHz_clk_wiz_0  {rise@0.000ns fall@5.000ns period=10.000ns})
  Path Group:             clk100MHz_clk_wiz_0
  Path Type:              Setup (Max at Slow Process Corner)
  Requirement:            10.000ns  (clk100MHz_clk_wiz_0 rise@10.000ns - clk100MHz_clk_wiz_0 rise@0.000ns)
  Data Path Delay:        5.873ns  (logic 2.530ns (43.077%)  route 3.343ns (56.923%))
  Logic Levels:           7  (CARRY4=4 LUT2=1 LUT3=1 LUT5=1)
  Clock Path Skew:        -0.043ns (DCD - SCD + CPR)
    Destination Clock Delay (DCD):    -1.483ns = ( 8.517 - 10.000 ) 
    Source Clock Delay      (SCD):    -0.877ns
    Clock Pessimism Removal (CPR):    0.564ns
  Clock Uncertainty:      0.081ns  ((TSJ^2 + DJ^2)^1/2) / 2 + PE
    Total System Jitter     (TSJ):    0.071ns
    Discrete Jitter          (DJ):    0.146ns
    Phase Error              (PE):    0.000ns

    Location             Delay type                Incr(ns)  Path(ns)    Netlist Resource(s)
  -------------------------------------------------------------------    -------------------
                         (clock clk100MHz_clk_wiz_0 rise edge)
                                                      0.000     0.000 r  
    W5                                                0.000     0.000 r  clk (IN)
                         net (fo=0)                   0.000     0.000    u_clk_wiz/inst/clk
    W5                   IBUF (Prop_ibuf_I_O)         1.458     1.458 r  u_clk_wiz/inst/clkin1_ibufg/O
                         net (fo=1, routed)           1.233     2.691    u_clk_wiz/inst/clk_clk_wiz_0
    MMCME2_ADV_X1Y0      MMCME2_ADV (Prop_mmcme2_adv_CLKIN1_CLKOUT0)
                                                     -6.961    -4.269 r  u_clk_wiz/inst/mmcm_adv_inst/CLKOUT0
                         net (fo=2, routed)           1.661    -2.608    u_clk_wiz/inst/clk100MHz_clk_wiz_0
    BUFGCTRL_X0Y1        BUFGCTRL (Prop_bufgctrl_I0_O)
                                                      0.096    -2.512 r  u_clk_wiz/inst/clkout1_buf/O
                         net (fo=268, routed)         1.635    -0.877    u_top_airhockey/u_mouse/CLK
    SLICE_X3Y38          FDCE                                         r  u_top_airhockey/u_mouse/x_overflow_reg/C
  -------------------------------------------------------------------    -------------------
    SLICE_X3Y38          FDCE (Prop_fdce_C_Q)         0.456    -0.421 r  u_top_airhockey/u_mouse/x_overflow_reg/Q
                         net (fo=19, routed)          1.164     0.743    u_top_airhockey/u_mouse/x_overflow_reg_n_0
    SLICE_X6Y37          LUT3 (Prop_lut3_I1_O)        0.124     0.867 r  u_top_airhockey/u_mouse/x_pos[3]_i_10/O
                         net (fo=1, routed)           0.000     0.867    u_top_airhockey/u_mouse/x_pos[3]_i_10_n_0
    SLICE_X6Y37          CARRY4 (Prop_carry4_S[1]_CO[3])
                                                      0.533     1.400 r  u_top_airhockey/u_mouse/x_pos_reg[3]_i_3/CO[3]
                         net (fo=1, routed)           0.000     1.400    u_top_airhockey/u_mouse/x_pos_reg[3]_i_3_n_0
    SLICE_X6Y38          CARRY4 (Prop_carry4_CI_CO[3])
                                                      0.117     1.517 r  u_top_airhockey/u_mouse/x_pos_reg[7]_i_3/CO[3]
                         net (fo=1, routed)           0.000     1.517    u_top_airhockey/u_mouse/x_pos_reg[7]_i_3_n_0
    SLICE_X6Y39          CARRY4 (Prop_carry4_CI_O[0])
                                                      0.219     1.736 f  u_top_airhockey/u_mouse/x_pos_reg[11]_i_3/O[0]
                         net (fo=3, routed)           1.143     2.880    u_top_airhockey/u_mouse/plusOp4[8]
    SLICE_X4Y38          LUT2 (Prop_lut2_I0_O)        0.295     3.175 r  u_top_airhockey/u_mouse/x_pos[11]_i_6/O
                         net (fo=1, routed)           0.000     3.175    u_top_airhockey/u_mouse/x_pos[11]_i_6_n_0
    SLICE_X4Y38          CARRY4 (Prop_carry4_S[0]_CO[1])
                                                      0.457     3.632 r  u_top_airhockey/u_mouse/x_pos_reg[11]_i_2/CO[1]
                         net (fo=12, routed)          1.036     4.668    u_top_airhockey/u_mouse/gtOp
    SLICE_X7Y36          LUT5 (Prop_lut5_I3_O)        0.329     4.997 r  u_top_airhockey/u_mouse/x_pos[1]_i_1/O
                         net (fo=1, routed)           0.000     4.997    u_top_airhockey/u_mouse/x_pos[1]_i_1_n_0
    SLICE_X7Y36          FDRE                                         r  u_top_airhockey/u_mouse/x_pos_reg[1]/D
  -------------------------------------------------------------------    -------------------

                         (clock clk100MHz_clk_wiz_0 rise edge)
                                                     10.000    10.000 r  
    W5                                                0.000    10.000 r  clk (IN)
                         net (fo=0)                   0.000    10.000    u_clk_wiz/inst/clk
    W5                   IBUF (Prop_ibuf_I_O)         1.388    11.388 r  u_clk_wiz/inst/clkin1_ibufg/O
                         net (fo=1, routed)           1.162    12.550    u_clk_wiz/inst/clk_clk_wiz_0
    MMCME2_ADV_X1Y0      MMCME2_ADV (Prop_mmcme2_adv_CLKIN1_CLKOUT0)
                                                     -7.217     5.332 r  u_clk_wiz/inst/mmcm_adv_inst/CLKOUT0
                         net (fo=2, routed)           1.581     6.914    u_clk_wiz/inst/clk100MHz_clk_wiz_0
    BUFGCTRL_X0Y1        BUFGCTRL (Prop_bufgctrl_I0_O)
                                                      0.091     7.005 r  u_clk_wiz/inst/clkout1_buf/O
                         net (fo=268, routed)         1.512     8.517    u_top_airhockey/u_mouse/CLK
    SLICE_X7Y36          FDRE                                         r  u_top_airhockey/u_mouse/x_pos_reg[1]/C
                         clock pessimism              0.564     9.080    
                         clock uncertainty           -0.081     9.000    
    SLICE_X7Y36          FDRE (Setup_fdre_C_D)        0.029     9.029    u_top_airhockey/u_mouse/x_pos_reg[1]
  -------------------------------------------------------------------
                         required time                          9.029    
                         arrival time                          -4.997    
  -------------------------------------------------------------------
                         slack                                  4.032    

Slack (MET) :             4.032ns  (required time - arrival time)
  Source:                 u_top_airhockey/u_mouse/x_overflow_reg/C
                            (rising edge-triggered cell FDCE clocked by clk100MHz_clk_wiz_0  {rise@0.000ns fall@5.000ns period=10.000ns})
  Destination:            u_top_airhockey/u_mouse/x_pos_reg[3]/D
                            (rising edge-triggered cell FDRE clocked by clk100MHz_clk_wiz_0  {rise@0.000ns fall@5.000ns period=10.000ns})
  Path Group:             clk100MHz_clk_wiz_0
  Path Type:              Setup (Max at Slow Process Corner)
  Requirement:            10.000ns  (clk100MHz_clk_wiz_0 rise@10.000ns - clk100MHz_clk_wiz_0 rise@0.000ns)
  Data Path Delay:        5.875ns  (logic 2.530ns (43.063%)  route 3.345ns (56.937%))
  Logic Levels:           7  (CARRY4=4 LUT2=1 LUT3=1 LUT5=1)
  Clock Path Skew:        -0.043ns (DCD - SCD + CPR)
    Destination Clock Delay (DCD):    -1.483ns = ( 8.517 - 10.000 ) 
    Source Clock Delay      (SCD):    -0.877ns
    Clock Pessimism Removal (CPR):    0.564ns
  Clock Uncertainty:      0.081ns  ((TSJ^2 + DJ^2)^1/2) / 2 + PE
    Total System Jitter     (TSJ):    0.071ns
    Discrete Jitter          (DJ):    0.146ns
    Phase Error              (PE):    0.000ns

    Location             Delay type                Incr(ns)  Path(ns)    Netlist Resource(s)
  -------------------------------------------------------------------    -------------------
                         (clock clk100MHz_clk_wiz_0 rise edge)
                                                      0.000     0.000 r  
    W5                                                0.000     0.000 r  clk (IN)
                         net (fo=0)                   0.000     0.000    u_clk_wiz/inst/clk
    W5                   IBUF (Prop_ibuf_I_O)         1.458     1.458 r  u_clk_wiz/inst/clkin1_ibufg/O
                         net (fo=1, routed)           1.233     2.691    u_clk_wiz/inst/clk_clk_wiz_0
    MMCME2_ADV_X1Y0      MMCME2_ADV (Prop_mmcme2_adv_CLKIN1_CLKOUT0)
                                                     -6.961    -4.269 r  u_clk_wiz/inst/mmcm_adv_inst/CLKOUT0
                         net (fo=2, routed)           1.661    -2.608    u_clk_wiz/inst/clk100MHz_clk_wiz_0
    BUFGCTRL_X0Y1        BUFGCTRL (Prop_bufgctrl_I0_O)
                                                      0.096    -2.512 r  u_clk_wiz/inst/clkout1_buf/O
                         net (fo=268, routed)         1.635    -0.877    u_top_airhockey/u_mouse/CLK
    SLICE_X3Y38          FDCE                                         r  u_top_airhockey/u_mouse/x_overflow_reg/C
  -------------------------------------------------------------------    -------------------
    SLICE_X3Y38          FDCE (Prop_fdce_C_Q)         0.456    -0.421 r  u_top_airhockey/u_mouse/x_overflow_reg/Q
                         net (fo=19, routed)          1.164     0.743    u_top_airhockey/u_mouse/x_overflow_reg_n_0
    SLICE_X6Y37          LUT3 (Prop_lut3_I1_O)        0.124     0.867 r  u_top_airhockey/u_mouse/x_pos[3]_i_10/O
                         net (fo=1, routed)           0.000     0.867    u_top_airhockey/u_mouse/x_pos[3]_i_10_n_0
    SLICE_X6Y37          CARRY4 (Prop_carry4_S[1]_CO[3])
                                                      0.533     1.400 r  u_top_airhockey/u_mouse/x_pos_reg[3]_i_3/CO[3]
                         net (fo=1, routed)           0.000     1.400    u_top_airhockey/u_mouse/x_pos_reg[3]_i_3_n_0
    SLICE_X6Y38          CARRY4 (Prop_carry4_CI_CO[3])
                                                      0.117     1.517 r  u_top_airhockey/u_mouse/x_pos_reg[7]_i_3/CO[3]
                         net (fo=1, routed)           0.000     1.517    u_top_airhockey/u_mouse/x_pos_reg[7]_i_3_n_0
    SLICE_X6Y39          CARRY4 (Prop_carry4_CI_O[0])
                                                      0.219     1.736 f  u_top_airhockey/u_mouse/x_pos_reg[11]_i_3/O[0]
                         net (fo=3, routed)           1.143     2.880    u_top_airhockey/u_mouse/plusOp4[8]
    SLICE_X4Y38          LUT2 (Prop_lut2_I0_O)        0.295     3.175 r  u_top_airhockey/u_mouse/x_pos[11]_i_6/O
                         net (fo=1, routed)           0.000     3.175    u_top_airhockey/u_mouse/x_pos[11]_i_6_n_0
    SLICE_X4Y38          CARRY4 (Prop_carry4_S[0]_CO[1])
                                                      0.457     3.632 r  u_top_airhockey/u_mouse/x_pos_reg[11]_i_2/CO[1]
                         net (fo=12, routed)          1.038     4.670    u_top_airhockey/u_mouse/gtOp
    SLICE_X7Y36          LUT5 (Prop_lut5_I3_O)        0.329     4.999 r  u_top_airhockey/u_mouse/x_pos[3]_i_1/O
                         net (fo=1, routed)           0.000     4.999    u_top_airhockey/u_mouse/x_pos[3]_i_1_n_0
    SLICE_X7Y36          FDRE                                         r  u_top_airhockey/u_mouse/x_pos_reg[3]/D
  -------------------------------------------------------------------    -------------------

                         (clock clk100MHz_clk_wiz_0 rise edge)
                                                     10.000    10.000 r  
    W5                                                0.000    10.000 r  clk (IN)
                         net (fo=0)                   0.000    10.000    u_clk_wiz/inst/clk
    W5                   IBUF (Prop_ibuf_I_O)         1.388    11.388 r  u_clk_wiz/inst/clkin1_ibufg/O
                         net (fo=1, routed)           1.162    12.550    u_clk_wiz/inst/clk_clk_wiz_0
    MMCME2_ADV_X1Y0      MMCME2_ADV (Prop_mmcme2_adv_CLKIN1_CLKOUT0)
                                                     -7.217     5.332 r  u_clk_wiz/inst/mmcm_adv_inst/CLKOUT0
                         net (fo=2, routed)           1.581     6.914    u_clk_wiz/inst/clk100MHz_clk_wiz_0
    BUFGCTRL_X0Y1        BUFGCTRL (Prop_bufgctrl_I0_O)
                                                      0.091     7.005 r  u_clk_wiz/inst/clkout1_buf/O
                         net (fo=268, routed)         1.512     8.517    u_top_airhockey/u_mouse/CLK
    SLICE_X7Y36          FDRE                                         r  u_top_airhockey/u_mouse/x_pos_reg[3]/C
                         clock pessimism              0.564     9.080    
                         clock uncertainty           -0.081     9.000    
    SLICE_X7Y36          FDRE (Setup_fdre_C_D)        0.031     9.031    u_top_airhockey/u_mouse/x_pos_reg[3]
  -------------------------------------------------------------------
                         required time                          9.031    
                         arrival time                          -4.999    
  -------------------------------------------------------------------
                         slack                                  4.032    

Slack (MET) :             4.199ns  (required time - arrival time)
  Source:                 u_top_airhockey/u_mouse/x_overflow_reg/C
                            (rising edge-triggered cell FDCE clocked by clk100MHz_clk_wiz_0  {rise@0.000ns fall@5.000ns period=10.000ns})
  Destination:            u_top_airhockey/u_mouse/x_pos_reg[2]/D
                            (rising edge-triggered cell FDRE clocked by clk100MHz_clk_wiz_0  {rise@0.000ns fall@5.000ns period=10.000ns})
  Path Group:             clk100MHz_clk_wiz_0
  Path Type:              Setup (Max at Slow Process Corner)
  Requirement:            10.000ns  (clk100MHz_clk_wiz_0 rise@10.000ns - clk100MHz_clk_wiz_0 rise@0.000ns)
  Data Path Delay:        5.707ns  (logic 2.530ns (44.334%)  route 3.177ns (55.666%))
  Logic Levels:           7  (CARRY4=4 LUT2=1 LUT3=1 LUT5=1)
  Clock Path Skew:        -0.042ns (DCD - SCD + CPR)
    Destination Clock Delay (DCD):    -1.482ns = ( 8.518 - 10.000 ) 
    Source Clock Delay      (SCD):    -0.877ns
    Clock Pessimism Removal (CPR):    0.564ns
  Clock Uncertainty:      0.081ns  ((TSJ^2 + DJ^2)^1/2) / 2 + PE
    Total System Jitter     (TSJ):    0.071ns
    Discrete Jitter          (DJ):    0.146ns
    Phase Error              (PE):    0.000ns

    Location             Delay type                Incr(ns)  Path(ns)    Netlist Resource(s)
  -------------------------------------------------------------------    -------------------
                         (clock clk100MHz_clk_wiz_0 rise edge)
                                                      0.000     0.000 r  
    W5                                                0.000     0.000 r  clk (IN)
                         net (fo=0)                   0.000     0.000    u_clk_wiz/inst/clk
    W5                   IBUF (Prop_ibuf_I_O)         1.458     1.458 r  u_clk_wiz/inst/clkin1_ibufg/O
                         net (fo=1, routed)           1.233     2.691    u_clk_wiz/inst/clk_clk_wiz_0
    MMCME2_ADV_X1Y0      MMCME2_ADV (Prop_mmcme2_adv_CLKIN1_CLKOUT0)
                                                     -6.961    -4.269 r  u_clk_wiz/inst/mmcm_adv_inst/CLKOUT0
                         net (fo=2, routed)           1.661    -2.608    u_clk_wiz/inst/clk100MHz_clk_wiz_0
    BUFGCTRL_X0Y1        BUFGCTRL (Prop_bufgctrl_I0_O)
                                                      0.096    -2.512 r  u_clk_wiz/inst/clkout1_buf/O
                         net (fo=268, routed)         1.635    -0.877    u_top_airhockey/u_mouse/CLK
    SLICE_X3Y38          FDCE                                         r  u_top_airhockey/u_mouse/x_overflow_reg/C
  -------------------------------------------------------------------    -------------------
    SLICE_X3Y38          FDCE (Prop_fdce_C_Q)         0.456    -0.421 r  u_top_airhockey/u_mouse/x_overflow_reg/Q
                         net (fo=19, routed)          1.164     0.743    u_top_airhockey/u_mouse/x_overflow_reg_n_0
    SLICE_X6Y37          LUT3 (Prop_lut3_I1_O)        0.124     0.867 r  u_top_airhockey/u_mouse/x_pos[3]_i_10/O
                         net (fo=1, routed)           0.000     0.867    u_top_airhockey/u_mouse/x_pos[3]_i_10_n_0
    SLICE_X6Y37          CARRY4 (Prop_carry4_S[1]_CO[3])
                                                      0.533     1.400 r  u_top_airhockey/u_mouse/x_pos_reg[3]_i_3/CO[3]
                         net (fo=1, routed)           0.000     1.400    u_top_airhockey/u_mouse/x_pos_reg[3]_i_3_n_0
    SLICE_X6Y38          CARRY4 (Prop_carry4_CI_CO[3])
                                                      0.117     1.517 r  u_top_airhockey/u_mouse/x_pos_reg[7]_i_3/CO[3]
                         net (fo=1, routed)           0.000     1.517    u_top_airhockey/u_mouse/x_pos_reg[7]_i_3_n_0
    SLICE_X6Y39          CARRY4 (Prop_carry4_CI_O[0])
                                                      0.219     1.736 f  u_top_airhockey/u_mouse/x_pos_reg[11]_i_3/O[0]
                         net (fo=3, routed)           1.143     2.880    u_top_airhockey/u_mouse/plusOp4[8]
    SLICE_X4Y38          LUT2 (Prop_lut2_I0_O)        0.295     3.175 r  u_top_airhockey/u_mouse/x_pos[11]_i_6/O
                         net (fo=1, routed)           0.000     3.175    u_top_airhockey/u_mouse/x_pos[11]_i_6_n_0
    SLICE_X4Y38          CARRY4 (Prop_carry4_S[0]_CO[1])
                                                      0.457     3.632 r  u_top_airhockey/u_mouse/x_pos_reg[11]_i_2/CO[1]
                         net (fo=12, routed)          0.869     4.501    u_top_airhockey/u_mouse/gtOp
    SLICE_X5Y37          LUT5 (Prop_lut5_I3_O)        0.329     4.830 r  u_top_airhockey/u_mouse/x_pos[2]_i_1/O
                         net (fo=1, routed)           0.000     4.830    u_top_airhockey/u_mouse/x_pos[2]_i_1_n_0
    SLICE_X5Y37          FDRE                                         r  u_top_airhockey/u_mouse/x_pos_reg[2]/D
  -------------------------------------------------------------------    -------------------

                         (clock clk100MHz_clk_wiz_0 rise edge)
                                                     10.000    10.000 r  
    W5                                                0.000    10.000 r  clk (IN)
                         net (fo=0)                   0.000    10.000    u_clk_wiz/inst/clk
    W5                   IBUF (Prop_ibuf_I_O)         1.388    11.388 r  u_clk_wiz/inst/clkin1_ibufg/O
                         net (fo=1, routed)           1.162    12.550    u_clk_wiz/inst/clk_clk_wiz_0
    MMCME2_ADV_X1Y0      MMCME2_ADV (Prop_mmcme2_adv_CLKIN1_CLKOUT0)
                                                     -7.217     5.332 r  u_clk_wiz/inst/mmcm_adv_inst/CLKOUT0
                         net (fo=2, routed)           1.581     6.914    u_clk_wiz/inst/clk100MHz_clk_wiz_0
    BUFGCTRL_X0Y1        BUFGCTRL (Prop_bufgctrl_I0_O)
                                                      0.091     7.005 r  u_clk_wiz/inst/clkout1_buf/O
                         net (fo=268, routed)         1.513     8.518    u_top_airhockey/u_mouse/CLK
    SLICE_X5Y37          FDRE                                         r  u_top_airhockey/u_mouse/x_pos_reg[2]/C
                         clock pessimism              0.564     9.081    
                         clock uncertainty           -0.081     9.001    
    SLICE_X5Y37          FDRE (Setup_fdre_C_D)        0.029     9.030    u_top_airhockey/u_mouse/x_pos_reg[2]
  -------------------------------------------------------------------
                         required time                          9.030    
                         arrival time                          -4.830    
  -------------------------------------------------------------------
                         slack                                  4.199    

Slack (MET) :             4.436ns  (required time - arrival time)
  Source:                 u_top_airhockey/u_mouse/x_overflow_reg/C
                            (rising edge-triggered cell FDCE clocked by clk100MHz_clk_wiz_0  {rise@0.000ns fall@5.000ns period=10.000ns})
  Destination:            u_top_airhockey/u_mouse/x_pos_reg[4]/D
                            (rising edge-triggered cell FDRE clocked by clk100MHz_clk_wiz_0  {rise@0.000ns fall@5.000ns period=10.000ns})
  Path Group:             clk100MHz_clk_wiz_0
  Path Type:              Setup (Max at Slow Process Corner)
  Requirement:            10.000ns  (clk100MHz_clk_wiz_0 rise@10.000ns - clk100MHz_clk_wiz_0 rise@0.000ns)
  Data Path Delay:        5.473ns  (logic 2.530ns (46.229%)  route 2.943ns (53.771%))
  Logic Levels:           7  (CARRY4=4 LUT2=1 LUT3=1 LUT5=1)
  Clock Path Skew:        -0.041ns (DCD - SCD + CPR)
    Destination Clock Delay (DCD):    -1.481ns = ( 8.519 - 10.000 ) 
    Source Clock Delay      (SCD):    -0.877ns
    Clock Pessimism Removal (CPR):    0.564ns
  Clock Uncertainty:      0.081ns  ((TSJ^2 + DJ^2)^1/2) / 2 + PE
    Total System Jitter     (TSJ):    0.071ns
    Discrete Jitter          (DJ):    0.146ns
    Phase Error              (PE):    0.000ns

    Location             Delay type                Incr(ns)  Path(ns)    Netlist Resource(s)
  -------------------------------------------------------------------    -------------------
                         (clock clk100MHz_clk_wiz_0 rise edge)
                                                      0.000     0.000 r  
    W5                                                0.000     0.000 r  clk (IN)
                         net (fo=0)                   0.000     0.000    u_clk_wiz/inst/clk
    W5                   IBUF (Prop_ibuf_I_O)         1.458     1.458 r  u_clk_wiz/inst/clkin1_ibufg/O
                         net (fo=1, routed)           1.233     2.691    u_clk_wiz/inst/clk_clk_wiz_0
    MMCME2_ADV_X1Y0      MMCME2_ADV (Prop_mmcme2_adv_CLKIN1_CLKOUT0)
                                                     -6.961    -4.269 r  u_clk_wiz/inst/mmcm_adv_inst/CLKOUT0
                         net (fo=2, routed)           1.661    -2.608    u_clk_wiz/inst/clk100MHz_clk_wiz_0
    BUFGCTRL_X0Y1        BUFGCTRL (Prop_bufgctrl_I0_O)
                                                      0.096    -2.512 r  u_clk_wiz/inst/clkout1_buf/O
                         net (fo=268, routed)         1.635    -0.877    u_top_airhockey/u_mouse/CLK
    SLICE_X3Y38          FDCE                                         r  u_top_airhockey/u_mouse/x_overflow_reg/C
  -------------------------------------------------------------------    -------------------
    SLICE_X3Y38          FDCE (Prop_fdce_C_Q)         0.456    -0.421 r  u_top_airhockey/u_mouse/x_overflow_reg/Q
                         net (fo=19, routed)          1.164     0.743    u_top_airhockey/u_mouse/x_overflow_reg_n_0
    SLICE_X6Y37          LUT3 (Prop_lut3_I1_O)        0.124     0.867 r  u_top_airhockey/u_mouse/x_pos[3]_i_10/O
                         net (fo=1, routed)           0.000     0.867    u_top_airhockey/u_mouse/x_pos[3]_i_10_n_0
    SLICE_X6Y37          CARRY4 (Prop_carry4_S[1]_CO[3])
                                                      0.533     1.400 r  u_top_airhockey/u_mouse/x_pos_reg[3]_i_3/CO[3]
                         net (fo=1, routed)           0.000     1.400    u_top_airhockey/u_mouse/x_pos_reg[3]_i_3_n_0
    SLICE_X6Y38          CARRY4 (Prop_carry4_CI_CO[3])
                                                      0.117     1.517 r  u_top_airhockey/u_mouse/x_pos_reg[7]_i_3/CO[3]
                         net (fo=1, routed)           0.000     1.517    u_top_airhockey/u_mouse/x_pos_reg[7]_i_3_n_0
    SLICE_X6Y39          CARRY4 (Prop_carry4_CI_O[0])
                                                      0.219     1.736 f  u_top_airhockey/u_mouse/x_pos_reg[11]_i_3/O[0]
                         net (fo=3, routed)           1.143     2.880    u_top_airhockey/u_mouse/plusOp4[8]
    SLICE_X4Y38          LUT2 (Prop_lut2_I0_O)        0.295     3.175 r  u_top_airhockey/u_mouse/x_pos[11]_i_6/O
                         net (fo=1, routed)           0.000     3.175    u_top_airhockey/u_mouse/x_pos[11]_i_6_n_0
    SLICE_X4Y38          CARRY4 (Prop_carry4_S[0]_CO[1])
                                                      0.457     3.632 r  u_top_airhockey/u_mouse/x_pos_reg[11]_i_2/CO[1]
                         net (fo=12, routed)          0.635     4.267    u_top_airhockey/u_mouse/gtOp
    SLICE_X5Y38          LUT5 (Prop_lut5_I3_O)        0.329     4.596 r  u_top_airhockey/u_mouse/x_pos[4]_i_1/O
                         net (fo=1, routed)           0.000     4.596    u_top_airhockey/u_mouse/x_pos[4]_i_1_n_0
    SLICE_X5Y38          FDRE                                         r  u_top_airhockey/u_mouse/x_pos_reg[4]/D
  -------------------------------------------------------------------    -------------------

                         (clock clk100MHz_clk_wiz_0 rise edge)
                                                     10.000    10.000 r  
    W5                                                0.000    10.000 r  clk (IN)
                         net (fo=0)                   0.000    10.000    u_clk_wiz/inst/clk
    W5                   IBUF (Prop_ibuf_I_O)         1.388    11.388 r  u_clk_wiz/inst/clkin1_ibufg/O
                         net (fo=1, routed)           1.162    12.550    u_clk_wiz/inst/clk_clk_wiz_0
    MMCME2_ADV_X1Y0      MMCME2_ADV (Prop_mmcme2_adv_CLKIN1_CLKOUT0)
                                                     -7.217     5.332 r  u_clk_wiz/inst/mmcm_adv_inst/CLKOUT0
                         net (fo=2, routed)           1.581     6.914    u_clk_wiz/inst/clk100MHz_clk_wiz_0
    BUFGCTRL_X0Y1        BUFGCTRL (Prop_bufgctrl_I0_O)
                                                      0.091     7.005 r  u_clk_wiz/inst/clkout1_buf/O
                         net (fo=268, routed)         1.514     8.519    u_top_airhockey/u_mouse/CLK
    SLICE_X5Y38          FDRE                                         r  u_top_airhockey/u_mouse/x_pos_reg[4]/C
                         clock pessimism              0.564     9.082    
                         clock uncertainty           -0.081     9.002    
    SLICE_X5Y38          FDRE (Setup_fdre_C_D)        0.031     9.033    u_top_airhockey/u_mouse/x_pos_reg[4]
  -------------------------------------------------------------------
                         required time                          9.033    
                         arrival time                          -4.596    
  -------------------------------------------------------------------
                         slack                                  4.436    

Slack (MET) :             4.513ns  (required time - arrival time)
  Source:                 u_top_airhockey/u_mouse/timeout_cnt_reg[23]/C
                            (rising edge-triggered cell FDRE clocked by clk100MHz_clk_wiz_0  {rise@0.000ns fall@5.000ns period=10.000ns})
  Destination:            u_top_airhockey/u_mouse/FSM_onehot_state_reg[0]/D
                            (rising edge-triggered cell FDPE clocked by clk100MHz_clk_wiz_0  {rise@0.000ns fall@5.000ns period=10.000ns})
  Path Group:             clk100MHz_clk_wiz_0
  Path Type:              Setup (Max at Slow Process Corner)
  Requirement:            10.000ns  (clk100MHz_clk_wiz_0 rise@10.000ns - clk100MHz_clk_wiz_0 rise@0.000ns)
  Data Path Delay:        5.419ns  (logic 1.336ns (24.656%)  route 4.083ns (75.344%))
  Logic Levels:           6  (LUT4=1 LUT5=1 LUT6=4)
  Clock Path Skew:        -0.016ns (DCD - SCD + CPR)
    Destination Clock Delay (DCD):    -1.481ns = ( 8.519 - 10.000 ) 
    Source Clock Delay      (SCD):    -0.888ns
    Clock Pessimism Removal (CPR):    0.578ns
  Clock Uncertainty:      0.081ns  ((TSJ^2 + DJ^2)^1/2) / 2 + PE
    Total System Jitter     (TSJ):    0.071ns
    Discrete Jitter          (DJ):    0.146ns
    Phase Error              (PE):    0.000ns

    Location             Delay type                Incr(ns)  Path(ns)    Netlist Resource(s)
  -------------------------------------------------------------------    -------------------
                         (clock clk100MHz_clk_wiz_0 rise edge)
                                                      0.000     0.000 r  
    W5                                                0.000     0.000 r  clk (IN)
                         net (fo=0)                   0.000     0.000    u_clk_wiz/inst/clk
    W5                   IBUF (Prop_ibuf_I_O)         1.458     1.458 r  u_clk_wiz/inst/clkin1_ibufg/O
                         net (fo=1, routed)           1.233     2.691    u_clk_wiz/inst/clk_clk_wiz_0
    MMCME2_ADV_X1Y0      MMCME2_ADV (Prop_mmcme2_adv_CLKIN1_CLKOUT0)
                                                     -6.961    -4.269 r  u_clk_wiz/inst/mmcm_adv_inst/CLKOUT0
                         net (fo=2, routed)           1.661    -2.608    u_clk_wiz/inst/clk100MHz_clk_wiz_0
    BUFGCTRL_X0Y1        BUFGCTRL (Prop_bufgctrl_I0_O)
                                                      0.096    -2.512 r  u_clk_wiz/inst/clkout1_buf/O
                         net (fo=268, routed)         1.624    -0.888    u_top_airhockey/u_mouse/CLK
    SLICE_X3Y28          FDRE                                         r  u_top_airhockey/u_mouse/timeout_cnt_reg[23]/C
  -------------------------------------------------------------------    -------------------
    SLICE_X3Y28          FDRE (Prop_fdre_C_Q)         0.419    -0.469 r  u_top_airhockey/u_mouse/timeout_cnt_reg[23]/Q
                         net (fo=2, routed)           0.942     0.474    u_top_airhockey/u_mouse/timeout_cnt_reg_n_0_[23]
    SLICE_X4Y26          LUT4 (Prop_lut4_I0_O)        0.297     0.771 f  u_top_airhockey/u_mouse/FSM_onehot_state[36]_i_9/O
                         net (fo=1, routed)           0.159     0.929    u_top_airhockey/u_mouse/FSM_onehot_state[36]_i_9_n_0
    SLICE_X4Y26          LUT5 (Prop_lut5_I4_O)        0.124     1.053 f  u_top_airhockey/u_mouse/FSM_onehot_state[36]_i_8/O
                         net (fo=1, routed)           0.312     1.365    u_top_airhockey/u_mouse/FSM_onehot_state[36]_i_8_n_0
    SLICE_X3Y27          LUT6 (Prop_lut6_I5_O)        0.124     1.489 f  u_top_airhockey/u_mouse/FSM_onehot_state[36]_i_5/O
                         net (fo=1, routed)           0.650     2.140    u_top_airhockey/u_mouse/FSM_onehot_state[36]_i_5_n_0
    SLICE_X3Y26          LUT6 (Prop_lut6_I5_O)        0.124     2.264 r  u_top_airhockey/u_mouse/FSM_onehot_state[36]_i_2/O
                         net (fo=27, routed)          1.575     3.839    u_top_airhockey/u_mouse/Inst_Ps2Interface/FSM_onehot_state_reg[36]
    SLICE_X0Y36          LUT6 (Prop_lut6_I1_O)        0.124     3.963 r  u_top_airhockey/u_mouse/Inst_Ps2Interface/FSM_onehot_state[0]_i_2__0/O
                         net (fo=1, routed)           0.444     4.407    u_top_airhockey/u_mouse/Inst_Ps2Interface/FSM_onehot_state[0]_i_2__0_n_0
    SLICE_X0Y36          LUT6 (Prop_lut6_I0_O)        0.124     4.531 r  u_top_airhockey/u_mouse/Inst_Ps2Interface/FSM_onehot_state[0]_i_1__0/O
                         net (fo=1, routed)           0.000     4.531    u_top_airhockey/u_mouse/Inst_Ps2Interface_n_47
    SLICE_X0Y36          FDPE                                         r  u_top_airhockey/u_mouse/FSM_onehot_state_reg[0]/D
  -------------------------------------------------------------------    -------------------

                         (clock clk100MHz_clk_wiz_0 rise edge)
                                                     10.000    10.000 r  
    W5                                                0.000    10.000 r  clk (IN)
                         net (fo=0)                   0.000    10.000    u_clk_wiz/inst/clk
    W5                   IBUF (Prop_ibuf_I_O)         1.388    11.388 r  u_clk_wiz/inst/clkin1_ibufg/O
                         net (fo=1, routed)           1.162    12.550    u_clk_wiz/inst/clk_clk_wiz_0
    MMCME2_ADV_X1Y0      MMCME2_ADV (Prop_mmcme2_adv_CLKIN1_CLKOUT0)
                                                     -7.217     5.332 r  u_clk_wiz/inst/mmcm_adv_inst/CLKOUT0
                         net (fo=2, routed)           1.581     6.914    u_clk_wiz/inst/clk100MHz_clk_wiz_0
    BUFGCTRL_X0Y1        BUFGCTRL (Prop_bufgctrl_I0_O)
                                                      0.091     7.005 r  u_clk_wiz/inst/clkout1_buf/O
                         net (fo=268, routed)         1.514     8.519    u_top_airhockey/u_mouse/CLK
    SLICE_X0Y36          FDPE                                         r  u_top_airhockey/u_mouse/FSM_onehot_state_reg[0]/C
                         clock pessimism              0.578     9.096    
                         clock uncertainty           -0.081     9.016    
    SLICE_X0Y36          FDPE (Setup_fdpe_C_D)        0.029     9.045    u_top_airhockey/u_mouse/FSM_onehot_state_reg[0]
  -------------------------------------------------------------------
                         required time                          9.045    
                         arrival time                          -4.531    
  -------------------------------------------------------------------
                         slack                                  4.513    





Min Delay Paths
--------------------------------------------------------------------------------------
Slack (MET) :             0.122ns  (arrival time - required time)
  Source:                 u_clk_wiz/inst/seq_reg1_reg[0]/C
                            (rising edge-triggered cell FDRE clocked by clk100MHz_clk_wiz_0  {rise@0.000ns fall@5.000ns period=10.000ns})
  Destination:            u_clk_wiz/inst/seq_reg1_reg[1]/D
                            (rising edge-triggered cell FDRE clocked by clk100MHz_clk_wiz_0  {rise@0.000ns fall@5.000ns period=10.000ns})
  Path Group:             clk100MHz_clk_wiz_0
  Path Type:              Hold (Min at Fast Process Corner)
  Requirement:            0.000ns  (clk100MHz_clk_wiz_0 rise@0.000ns - clk100MHz_clk_wiz_0 rise@0.000ns)
  Data Path Delay:        0.197ns  (logic 0.141ns (71.611%)  route 0.056ns (28.389%))
  Logic Levels:           0  
  Clock Path Skew:        0.000ns (DCD - SCD - CPR)
    Destination Clock Delay (DCD):    -1.301ns
    Source Clock Delay      (SCD):    -1.035ns
    Clock Pessimism Removal (CPR):    -0.266ns

    Location             Delay type                Incr(ns)  Path(ns)    Netlist Resource(s)
  -------------------------------------------------------------------    -------------------
                         (clock clk100MHz_clk_wiz_0 rise edge)
                                                      0.000     0.000 r  
    W5                                                0.000     0.000 r  clk (IN)
                         net (fo=0)                   0.000     0.000    u_clk_wiz/inst/clk
    W5                   IBUF (Prop_ibuf_I_O)         0.226     0.226 r  u_clk_wiz/inst/clkin1_ibufg/O
                         net (fo=1, routed)           0.440     0.667    u_clk_wiz/inst/clk_clk_wiz_0
    MMCME2_ADV_X1Y0      MMCME2_ADV (Prop_mmcme2_adv_CLKIN1_CLKOUT0)
                                                     -2.360    -1.693 r  u_clk_wiz/inst/mmcm_adv_inst/CLKOUT0
                         net (fo=2, routed)           0.366    -1.327    u_clk_wiz/inst/clk100MHz_clk_wiz_0
    BUFHCE_X0Y0          BUFH (Prop_bufh_I_O)         0.020    -1.307 r  u_clk_wiz/inst/clkout1_buf_en/O
                         net (fo=8, routed)           0.272    -1.035    u_clk_wiz/inst/clk100MHz_clk_wiz_0_en_clk
    SLICE_X35Y46         FDRE                                         r  u_clk_wiz/inst/seq_reg1_reg[0]/C
  -------------------------------------------------------------------    -------------------
    SLICE_X35Y46         FDRE (Prop_fdre_C_Q)         0.141    -0.894 r  u_clk_wiz/inst/seq_reg1_reg[0]/Q
                         net (fo=1, routed)           0.056    -0.838    u_clk_wiz/inst/seq_reg1[0]
    SLICE_X35Y46         FDRE                                         r  u_clk_wiz/inst/seq_reg1_reg[1]/D
  -------------------------------------------------------------------    -------------------

                         (clock clk100MHz_clk_wiz_0 rise edge)
                                                      0.000     0.000 r  
    W5                                                0.000     0.000 r  clk (IN)
                         net (fo=0)                   0.000     0.000    u_clk_wiz/inst/clk
    W5                   IBUF (Prop_ibuf_I_O)         0.414     0.414 r  u_clk_wiz/inst/clkin1_ibufg/O
                         net (fo=1, routed)           0.480     0.894    u_clk_wiz/inst/clk_clk_wiz_0
    MMCME2_ADV_X1Y0      MMCME2_ADV (Prop_mmcme2_adv_CLKIN1_CLKOUT0)
                                                     -3.142    -2.248 r  u_clk_wiz/inst/mmcm_adv_inst/CLKOUT0
                         net (fo=2, routed)           0.407    -1.841    u_clk_wiz/inst/clk100MHz_clk_wiz_0
    BUFHCE_X0Y0          BUFH (Prop_bufh_I_O)         0.043    -1.798 r  u_clk_wiz/inst/clkout1_buf_en/O
                         net (fo=8, routed)           0.497    -1.301    u_clk_wiz/inst/clk100MHz_clk_wiz_0_en_clk
    SLICE_X35Y46         FDRE                                         r  u_clk_wiz/inst/seq_reg1_reg[1]/C
                         clock pessimism              0.266    -1.035    
    SLICE_X35Y46         FDRE (Hold_fdre_C_D)         0.075    -0.960    u_clk_wiz/inst/seq_reg1_reg[1]
  -------------------------------------------------------------------
                         required time                          0.960    
                         arrival time                          -0.838    
  -------------------------------------------------------------------
                         slack                                  0.122    

Slack (MET) :             0.131ns  (arrival time - required time)
  Source:                 u_top_airhockey/u_rst_ctl_100/sync_ff_reg[0]/C
                            (rising edge-triggered cell FDPE clocked by clk100MHz_clk_wiz_0  {rise@0.000ns fall@5.000ns period=10.000ns})
  Destination:            u_top_airhockey/u_rst_ctl_100/sync_ff_reg[1]/D
                            (rising edge-triggered cell FDPE clocked by clk100MHz_clk_wiz_0  {rise@0.000ns fall@5.000ns period=10.000ns})
  Path Group:             clk100MHz_clk_wiz_0
  Path Type:              Hold (Min at Fast Process Corner)
  Requirement:            0.000ns  (clk100MHz_clk_wiz_0 rise@0.000ns - clk100MHz_clk_wiz_0 rise@0.000ns)
  Data Path Delay:        0.206ns  (logic 0.141ns (68.336%)  route 0.065ns (31.664%))
  Logic Levels:           0  
  Clock Path Skew:        0.000ns (DCD - SCD - CPR)
    Destination Clock Delay (DCD):    -0.830ns
    Source Clock Delay      (SCD):    -0.590ns
    Clock Pessimism Removal (CPR):    -0.239ns

    Location             Delay type                Incr(ns)  Path(ns)    Netlist Resource(s)
  -------------------------------------------------------------------    -------------------
                         (clock clk100MHz_clk_wiz_0 rise edge)
                                                      0.000     0.000 r  
    W5                                                0.000     0.000 r  clk (IN)
                         net (fo=0)                   0.000     0.000    u_clk_wiz/inst/clk
    W5                   IBUF (Prop_ibuf_I_O)         0.226     0.226 r  u_clk_wiz/inst/clkin1_ibufg/O
                         net (fo=1, routed)           0.440     0.667    u_clk_wiz/inst/clk_clk_wiz_0
    MMCME2_ADV_X1Y0      MMCME2_ADV (Prop_mmcme2_adv_CLKIN1_CLKOUT0)
                                                     -2.360    -1.693 r  u_clk_wiz/inst/mmcm_adv_inst/CLKOUT0
                         net (fo=2, routed)           0.486    -1.207    u_clk_wiz/inst/clk100MHz_clk_wiz_0
    BUFGCTRL_X0Y1        BUFGCTRL (Prop_bufgctrl_I0_O)
                                                      0.026    -1.181 r  u_clk_wiz/inst/clkout1_buf/O
                         net (fo=268, routed)         0.591    -0.590    u_top_airhockey/u_rst_ctl_100/CLK
    SLICE_X0Y15          FDPE                                         r  u_top_airhockey/u_rst_ctl_100/sync_ff_reg[0]/C
  -------------------------------------------------------------------    -------------------
    SLICE_X0Y15          FDPE (Prop_fdpe_C_Q)         0.141    -0.449 r  u_top_airhockey/u_rst_ctl_100/sync_ff_reg[0]/Q
                         net (fo=1, routed)           0.065    -0.384    u_top_airhockey/u_rst_ctl_100/sync_ff[0]
    SLICE_X0Y15          FDPE                                         r  u_top_airhockey/u_rst_ctl_100/sync_ff_reg[1]/D
  -------------------------------------------------------------------    -------------------

                         (clock clk100MHz_clk_wiz_0 rise edge)
                                                      0.000     0.000 r  
    W5                                                0.000     0.000 r  clk (IN)
                         net (fo=0)                   0.000     0.000    u_clk_wiz/inst/clk
    W5                   IBUF (Prop_ibuf_I_O)         0.414     0.414 r  u_clk_wiz/inst/clkin1_ibufg/O
                         net (fo=1, routed)           0.480     0.894    u_clk_wiz/inst/clk_clk_wiz_0
    MMCME2_ADV_X1Y0      MMCME2_ADV (Prop_mmcme2_adv_CLKIN1_CLKOUT0)
                                                     -3.142    -2.248 r  u_clk_wiz/inst/mmcm_adv_inst/CLKOUT0
                         net (fo=2, routed)           0.530    -1.718    u_clk_wiz/inst/clk100MHz_clk_wiz_0
    BUFGCTRL_X0Y1        BUFGCTRL (Prop_bufgctrl_I0_O)
                                                      0.029    -1.689 r  u_clk_wiz/inst/clkout1_buf/O
                         net (fo=268, routed)         0.860    -0.830    u_top_airhockey/u_rst_ctl_100/CLK
    SLICE_X0Y15          FDPE                                         r  u_top_airhockey/u_rst_ctl_100/sync_ff_reg[1]/C
                         clock pessimism              0.239    -0.590    
    SLICE_X0Y15          FDPE (Hold_fdpe_C_D)         0.075    -0.515    u_top_airhockey/u_rst_ctl_100/sync_ff_reg[1]
  -------------------------------------------------------------------
                         required time                          0.515    
                         arrival time                          -0.384    
  -------------------------------------------------------------------
                         slack                                  0.131    

Slack (MET) :             0.161ns  (arrival time - required time)
  Source:                 u_top_airhockey/u_mouse/FSM_onehot_state_reg[32]/C
                            (rising edge-triggered cell FDCE clocked by clk100MHz_clk_wiz_0  {rise@0.000ns fall@5.000ns period=10.000ns})
  Destination:            u_top_airhockey/u_mouse/FSM_onehot_state_reg[34]/D
                            (rising edge-triggered cell FDCE clocked by clk100MHz_clk_wiz_0  {rise@0.000ns fall@5.000ns period=10.000ns})
  Path Group:             clk100MHz_clk_wiz_0
  Path Type:              Hold (Min at Fast Process Corner)
  Requirement:            0.000ns  (clk100MHz_clk_wiz_0 rise@0.000ns - clk100MHz_clk_wiz_0 rise@0.000ns)
  Data Path Delay:        0.296ns  (logic 0.186ns (62.809%)  route 0.110ns (37.191%))
  Logic Levels:           1  (LUT6=1)
  Clock Path Skew:        0.014ns (DCD - SCD - CPR)
    Destination Clock Delay (DCD):    -0.829ns
    Source Clock Delay      (SCD):    -0.589ns
    Clock Pessimism Removal (CPR):    -0.253ns

    Location             Delay type                Incr(ns)  Path(ns)    Netlist Resource(s)
  -------------------------------------------------------------------    -------------------
                         (clock clk100MHz_clk_wiz_0 rise edge)
                                                      0.000     0.000 r  
    W5                                                0.000     0.000 r  clk (IN)
                         net (fo=0)                   0.000     0.000    u_clk_wiz/inst/clk
    W5                   IBUF (Prop_ibuf_I_O)         0.226     0.226 r  u_clk_wiz/inst/clkin1_ibufg/O
                         net (fo=1, routed)           0.440     0.667    u_clk_wiz/inst/clk_clk_wiz_0
    MMCME2_ADV_X1Y0      MMCME2_ADV (Prop_mmcme2_adv_CLKIN1_CLKOUT0)
                                                     -2.360    -1.693 r  u_clk_wiz/inst/mmcm_adv_inst/CLKOUT0
                         net (fo=2, routed)           0.486    -1.207    u_clk_wiz/inst/clk100MHz_clk_wiz_0
    BUFGCTRL_X0Y1        BUFGCTRL (Prop_bufgctrl_I0_O)
                                                      0.026    -1.181 r  u_clk_wiz/inst/clkout1_buf/O
                         net (fo=268, routed)         0.592    -0.589    u_top_airhockey/u_mouse/CLK
    SLICE_X0Y37          FDCE                                         r  u_top_airhockey/u_mouse/FSM_onehot_state_reg[32]/C
  -------------------------------------------------------------------    -------------------
    SLICE_X0Y37          FDCE (Prop_fdce_C_Q)         0.141    -0.448 r  u_top_airhockey/u_mouse/FSM_onehot_state_reg[32]/Q
                         net (fo=4, routed)           0.110    -0.338    u_top_airhockey/u_mouse/Inst_Ps2Interface/Q[32]
    SLICE_X2Y36          LUT6 (Prop_lut6_I2_O)        0.045    -0.293 r  u_top_airhockey/u_mouse/Inst_Ps2Interface/FSM_onehot_state[34]_i_1/O
                         net (fo=1, routed)           0.000    -0.293    u_top_airhockey/u_mouse/Inst_Ps2Interface_n_13
    SLICE_X2Y36          FDCE                                         r  u_top_airhockey/u_mouse/FSM_onehot_state_reg[34]/D
  -------------------------------------------------------------------    -------------------

                         (clock clk100MHz_clk_wiz_0 rise edge)
                                                      0.000     0.000 r  
    W5                                                0.000     0.000 r  clk (IN)
                         net (fo=0)                   0.000     0.000    u_clk_wiz/inst/clk
    W5                   IBUF (Prop_ibuf_I_O)         0.414     0.414 r  u_clk_wiz/inst/clkin1_ibufg/O
                         net (fo=1, routed)           0.480     0.894    u_clk_wiz/inst/clk_clk_wiz_0
    MMCME2_ADV_X1Y0      MMCME2_ADV (Prop_mmcme2_adv_CLKIN1_CLKOUT0)
                                                     -3.142    -2.248 r  u_clk_wiz/inst/mmcm_adv_inst/CLKOUT0
                         net (fo=2, routed)           0.530    -1.718    u_clk_wiz/inst/clk100MHz_clk_wiz_0
    BUFGCTRL_X0Y1        BUFGCTRL (Prop_bufgctrl_I0_O)
                                                      0.029    -1.689 r  u_clk_wiz/inst/clkout1_buf/O
                         net (fo=268, routed)         0.861    -0.829    u_top_airhockey/u_mouse/CLK
    SLICE_X2Y36          FDCE                                         r  u_top_airhockey/u_mouse/FSM_onehot_state_reg[34]/C
                         clock pessimism              0.253    -0.575    
    SLICE_X2Y36          FDCE (Hold_fdce_C_D)         0.121    -0.454    u_top_airhockey/u_mouse/FSM_onehot_state_reg[34]
  -------------------------------------------------------------------
                         required time                          0.454    
                         arrival time                          -0.293    
  -------------------------------------------------------------------
                         slack                                  0.161    

Slack (MET) :             0.177ns  (arrival time - required time)
  Source:                 u_top_airhockey/u_mouse/Inst_Ps2Interface/FSM_onehot_state_reg[1]/C
                            (rising edge-triggered cell FDCE clocked by clk100MHz_clk_wiz_0  {rise@0.000ns fall@5.000ns period=10.000ns})
  Destination:            u_top_airhockey/u_mouse/Inst_Ps2Interface/ps2_data_h_reg_inv/D
                            (rising edge-triggered cell FDRE clocked by clk100MHz_clk_wiz_0  {rise@0.000ns fall@5.000ns period=10.000ns})
  Path Group:             clk100MHz_clk_wiz_0
  Path Type:              Hold (Min at Fast Process Corner)
  Requirement:            0.000ns  (clk100MHz_clk_wiz_0 rise@0.000ns - clk100MHz_clk_wiz_0 rise@0.000ns)
  Data Path Delay:        0.282ns  (logic 0.209ns (74.007%)  route 0.073ns (25.993%))
  Logic Levels:           1  (LUT6=1)
  Clock Path Skew:        0.013ns (DCD - SCD - CPR)
    Destination Clock Delay (DCD):    -0.832ns
    Source Clock Delay      (SCD):    -0.592ns
    Clock Pessimism Removal (CPR):    -0.252ns

    Location             Delay type                Incr(ns)  Path(ns)    Netlist Resource(s)
  -------------------------------------------------------------------    -------------------
                         (clock clk100MHz_clk_wiz_0 rise edge)
                                                      0.000     0.000 r  
    W5                                                0.000     0.000 r  clk (IN)
                         net (fo=0)                   0.000     0.000    u_clk_wiz/inst/clk
    W5                   IBUF (Prop_ibuf_I_O)         0.226     0.226 r  u_clk_wiz/inst/clkin1_ibufg/O
                         net (fo=1, routed)           0.440     0.667    u_clk_wiz/inst/clk_clk_wiz_0
    MMCME2_ADV_X1Y0      MMCME2_ADV (Prop_mmcme2_adv_CLKIN1_CLKOUT0)
                                                     -2.360    -1.693 r  u_clk_wiz/inst/mmcm_adv_inst/CLKOUT0
                         net (fo=2, routed)           0.486    -1.207    u_clk_wiz/inst/clk100MHz_clk_wiz_0
    BUFGCTRL_X0Y1        BUFGCTRL (Prop_bufgctrl_I0_O)
                                                      0.026    -1.181 r  u_clk_wiz/inst/clkout1_buf/O
                         net (fo=268, routed)         0.589    -0.592    u_top_airhockey/u_mouse/Inst_Ps2Interface/CLK
    SLICE_X2Y32          FDCE                                         r  u_top_airhockey/u_mouse/Inst_Ps2Interface/FSM_onehot_state_reg[1]/C
  -------------------------------------------------------------------    -------------------
    SLICE_X2Y32          FDCE (Prop_fdce_C_Q)         0.164    -0.428 r  u_top_airhockey/u_mouse/Inst_Ps2Interface/FSM_onehot_state_reg[1]/Q
                         net (fo=5, routed)           0.073    -0.355    u_top_airhockey/u_mouse/Inst_Ps2Interface/FSM_onehot_state_reg_n_0_[1]
    SLICE_X3Y32          LUT6 (Prop_lut6_I3_O)        0.045    -0.310 r  u_top_airhockey/u_mouse/Inst_Ps2Interface/ps2_data_h_inv_i_2/O
                         net (fo=1, routed)           0.000    -0.310    u_top_airhockey/u_mouse/Inst_Ps2Interface/ps2_data_h_inv_i_1_n_0
    SLICE_X3Y32          FDRE                                         r  u_top_airhockey/u_mouse/Inst_Ps2Interface/ps2_data_h_reg_inv/D
  -------------------------------------------------------------------    -------------------

                         (clock clk100MHz_clk_wiz_0 rise edge)
                                                      0.000     0.000 r  
    W5                                                0.000     0.000 r  clk (IN)
                         net (fo=0)                   0.000     0.000    u_clk_wiz/inst/clk
    W5                   IBUF (Prop_ibuf_I_O)         0.414     0.414 r  u_clk_wiz/inst/clkin1_ibufg/O
                         net (fo=1, routed)           0.480     0.894    u_clk_wiz/inst/clk_clk_wiz_0
    MMCME2_ADV_X1Y0      MMCME2_ADV (Prop_mmcme2_adv_CLKIN1_CLKOUT0)
                                                     -3.142    -2.248 r  u_clk_wiz/inst/mmcm_adv_inst/CLKOUT0
                         net (fo=2, routed)           0.530    -1.718    u_clk_wiz/inst/clk100MHz_clk_wiz_0
    BUFGCTRL_X0Y1        BUFGCTRL (Prop_bufgctrl_I0_O)
                                                      0.029    -1.689 r  u_clk_wiz/inst/clkout1_buf/O
                         net (fo=268, routed)         0.858    -0.832    u_top_airhockey/u_mouse/Inst_Ps2Interface/CLK
    SLICE_X3Y32          FDRE                                         r  u_top_airhockey/u_mouse/Inst_Ps2Interface/ps2_data_h_reg_inv/C
                         clock pessimism              0.252    -0.579    
    SLICE_X3Y32          FDRE (Hold_fdre_C_D)         0.092    -0.487    u_top_airhockey/u_mouse/Inst_Ps2Interface/ps2_data_h_reg_inv
  -------------------------------------------------------------------
                         required time                          0.487    
                         arrival time                          -0.310    
  -------------------------------------------------------------------
                         slack                                  0.177    

Slack (MET) :             0.179ns  (arrival time - required time)
  Source:                 u_top_airhockey/u_mouse/Inst_Ps2Interface/FSM_onehot_state_reg[6]/C
                            (rising edge-triggered cell FDCE clocked by clk100MHz_clk_wiz_0  {rise@0.000ns fall@5.000ns period=10.000ns})
  Destination:            u_top_airhockey/u_mouse/Inst_Ps2Interface/FSM_onehot_state_reg[7]/D
                            (rising edge-triggered cell FDCE clocked by clk100MHz_clk_wiz_0  {rise@0.000ns fall@5.000ns period=10.000ns})
  Path Group:             clk100MHz_clk_wiz_0
  Path Type:              Hold (Min at Fast Process Corner)
  Requirement:            0.000ns  (clk100MHz_clk_wiz_0 rise@0.000ns - clk100MHz_clk_wiz_0 rise@0.000ns)
  Data Path Delay:        0.313ns  (logic 0.186ns (59.500%)  route 0.127ns (40.500%))
  Logic Levels:           1  (LUT4=1)
  Clock Path Skew:        0.013ns (DCD - SCD - CPR)
    Destination Clock Delay (DCD):    -0.833ns
    Source Clock Delay      (SCD):    -0.593ns
    Clock Pessimism Removal (CPR):    -0.252ns

    Location             Delay type                Incr(ns)  Path(ns)    Netlist Resource(s)
  -------------------------------------------------------------------    -------------------
                         (clock clk100MHz_clk_wiz_0 rise edge)
                                                      0.000     0.000 r  
    W5                                                0.000     0.000 r  clk (IN)
                         net (fo=0)                   0.000     0.000    u_clk_wiz/inst/clk
    W5                   IBUF (Prop_ibuf_I_O)         0.226     0.226 r  u_clk_wiz/inst/clkin1_ibufg/O
                         net (fo=1, routed)           0.440     0.667    u_clk_wiz/inst/clk_clk_wiz_0
    MMCME2_ADV_X1Y0      MMCME2_ADV (Prop_mmcme2_adv_CLKIN1_CLKOUT0)
                                                     -2.360    -1.693 r  u_clk_wiz/inst/mmcm_adv_inst/CLKOUT0
                         net (fo=2, routed)           0.486    -1.207    u_clk_wiz/inst/clk100MHz_clk_wiz_0
    BUFGCTRL_X0Y1        BUFGCTRL (Prop_bufgctrl_I0_O)
                                                      0.026    -1.181 r  u_clk_wiz/inst/clkout1_buf/O
                         net (fo=268, routed)         0.588    -0.593    u_top_airhockey/u_mouse/Inst_Ps2Interface/CLK
    SLICE_X3Y31          FDCE                                         r  u_top_airhockey/u_mouse/Inst_Ps2Interface/FSM_onehot_state_reg[6]/C
  -------------------------------------------------------------------    -------------------
    SLICE_X3Y31          FDCE (Prop_fdce_C_Q)         0.141    -0.452 r  u_top_airhockey/u_mouse/Inst_Ps2Interface/FSM_onehot_state_reg[6]/Q
                         net (fo=6, routed)           0.127    -0.326    u_top_airhockey/u_mouse/Inst_Ps2Interface/load_tx_data
    SLICE_X2Y31          LUT4 (Prop_lut4_I0_O)        0.045    -0.281 r  u_top_airhockey/u_mouse/Inst_Ps2Interface/FSM_onehot_state[7]_i_1/O
                         net (fo=1, routed)           0.000    -0.281    u_top_airhockey/u_mouse/Inst_Ps2Interface/FSM_onehot_state[7]_i_1_n_0
    SLICE_X2Y31          FDCE                                         r  u_top_airhockey/u_mouse/Inst_Ps2Interface/FSM_onehot_state_reg[7]/D
  -------------------------------------------------------------------    -------------------

                         (clock clk100MHz_clk_wiz_0 rise edge)
                                                      0.000     0.000 r  
    W5                                                0.000     0.000 r  clk (IN)
                         net (fo=0)                   0.000     0.000    u_clk_wiz/inst/clk
    W5                   IBUF (Prop_ibuf_I_O)         0.414     0.414 r  u_clk_wiz/inst/clkin1_ibufg/O
                         net (fo=1, routed)           0.480     0.894    u_clk_wiz/inst/clk_clk_wiz_0
    MMCME2_ADV_X1Y0      MMCME2_ADV (Prop_mmcme2_adv_CLKIN1_CLKOUT0)
                                                     -3.142    -2.248 r  u_clk_wiz/inst/mmcm_adv_inst/CLKOUT0
                         net (fo=2, routed)           0.530    -1.718    u_clk_wiz/inst/clk100MHz_clk_wiz_0
    BUFGCTRL_X0Y1        BUFGCTRL (Prop_bufgctrl_I0_O)
                                                      0.029    -1.689 r  u_clk_wiz/inst/clkout1_buf/O
                         net (fo=268, routed)         0.857    -0.833    u_top_airhockey/u_mouse/Inst_Ps2Interface/CLK
    SLICE_X2Y31          FDCE                                         r  u_top_airhockey/u_mouse/Inst_Ps2Interface/FSM_onehot_state_reg[7]/C
                         clock pessimism              0.252    -0.580    
    SLICE_X2Y31          FDCE (Hold_fdce_C_D)         0.121    -0.459    u_top_airhockey/u_mouse/Inst_Ps2Interface/FSM_onehot_state_reg[7]
  -------------------------------------------------------------------
                         required time                          0.459    
                         arrival time                          -0.281    
  -------------------------------------------------------------------
                         slack                                  0.179    

Slack (MET) :             0.181ns  (arrival time - required time)
  Source:                 u_top_airhockey/u_mouse/Inst_Ps2Interface/frame_reg[4]/C
                            (rising edge-triggered cell FDRE clocked by clk100MHz_clk_wiz_0  {rise@0.000ns fall@5.000ns period=10.000ns})
  Destination:            u_top_airhockey/u_mouse/Inst_Ps2Interface/rx_data_reg[3]/D
                            (rising edge-triggered cell FDRE clocked by clk100MHz_clk_wiz_0  {rise@0.000ns fall@5.000ns period=10.000ns})
  Path Group:             clk100MHz_clk_wiz_0
  Path Type:              Hold (Min at Fast Process Corner)
  Requirement:            0.000ns  (clk100MHz_clk_wiz_0 rise@0.000ns - clk100MHz_clk_wiz_0 rise@0.000ns)
  Data Path Delay:        0.266ns  (logic 0.141ns (52.959%)  route 0.125ns (47.041%))
  Logic Levels:           0  
  Clock Path Skew:        0.015ns (DCD - SCD - CPR)
    Destination Clock Delay (DCD):    -0.831ns
    Source Clock Delay      (SCD):    -0.592ns
    Clock Pessimism Removal (CPR):    -0.253ns

    Location             Delay type                Incr(ns)  Path(ns)    Netlist Resource(s)
  -------------------------------------------------------------------    -------------------
                         (clock clk100MHz_clk_wiz_0 rise edge)
                                                      0.000     0.000 r  
    W5                                                0.000     0.000 r  clk (IN)
                         net (fo=0)                   0.000     0.000    u_clk_wiz/inst/clk
    W5                   IBUF (Prop_ibuf_I_O)         0.226     0.226 r  u_clk_wiz/inst/clkin1_ibufg/O
                         net (fo=1, routed)           0.440     0.667    u_clk_wiz/inst/clk_clk_wiz_0
    MMCME2_ADV_X1Y0      MMCME2_ADV (Prop_mmcme2_adv_CLKIN1_CLKOUT0)
                                                     -2.360    -1.693 r  u_clk_wiz/inst/mmcm_adv_inst/CLKOUT0
                         net (fo=2, routed)           0.486    -1.207    u_clk_wiz/inst/clk100MHz_clk_wiz_0
    BUFGCTRL_X0Y1        BUFGCTRL (Prop_bufgctrl_I0_O)
                                                      0.026    -1.181 r  u_clk_wiz/inst/clkout1_buf/O
                         net (fo=268, routed)         0.589    -0.592    u_top_airhockey/u_mouse/Inst_Ps2Interface/CLK
    SLICE_X5Y35          FDRE                                         r  u_top_airhockey/u_mouse/Inst_Ps2Interface/frame_reg[4]/C
  -------------------------------------------------------------------    -------------------
    SLICE_X5Y35          FDRE (Prop_fdre_C_Q)         0.141    -0.451 r  u_top_airhockey/u_mouse/Inst_Ps2Interface/frame_reg[4]/Q
                         net (fo=3, routed)           0.125    -0.326    u_top_airhockey/u_mouse/Inst_Ps2Interface/CONV_INTEGER[3]
    SLICE_X7Y35          FDRE                                         r  u_top_airhockey/u_mouse/Inst_Ps2Interface/rx_data_reg[3]/D
  -------------------------------------------------------------------    -------------------

                         (clock clk100MHz_clk_wiz_0 rise edge)
                                                      0.000     0.000 r  
    W5                                                0.000     0.000 r  clk (IN)
                         net (fo=0)                   0.000     0.000    u_clk_wiz/inst/clk
    W5                   IBUF (Prop_ibuf_I_O)         0.414     0.414 r  u_clk_wiz/inst/clkin1_ibufg/O
                         net (fo=1, routed)           0.480     0.894    u_clk_wiz/inst/clk_clk_wiz_0
    MMCME2_ADV_X1Y0      MMCME2_ADV (Prop_mmcme2_adv_CLKIN1_CLKOUT0)
                                                     -3.142    -2.248 r  u_clk_wiz/inst/mmcm_adv_inst/CLKOUT0
                         net (fo=2, routed)           0.530    -1.718    u_clk_wiz/inst/clk100MHz_clk_wiz_0
    BUFGCTRL_X0Y1        BUFGCTRL (Prop_bufgctrl_I0_O)
                                                      0.029    -1.689 r  u_clk_wiz/inst/clkout1_buf/O
                         net (fo=268, routed)         0.859    -0.831    u_top_airhockey/u_mouse/Inst_Ps2Interface/CLK
    SLICE_X7Y35          FDRE                                         r  u_top_airhockey/u_mouse/Inst_Ps2Interface/rx_data_reg[3]/C
                         clock pessimism              0.253    -0.577    
    SLICE_X7Y35          FDRE (Hold_fdre_C_D)         0.070    -0.507    u_top_airhockey/u_mouse/Inst_Ps2Interface/rx_data_reg[3]
  -------------------------------------------------------------------
                         required time                          0.507    
                         arrival time                          -0.326    
  -------------------------------------------------------------------
                         slack                                  0.181    

Slack (MET) :             0.184ns  (arrival time - required time)
  Source:                 u_top_airhockey/u_mouse/Inst_Ps2Interface/clk_count_reg[0]/C
                            (rising edge-triggered cell FDRE clocked by clk100MHz_clk_wiz_0  {rise@0.000ns fall@5.000ns period=10.000ns})
  Destination:            u_top_airhockey/u_mouse/Inst_Ps2Interface/ps2_clk_clean_reg/D
                            (rising edge-triggered cell FDRE clocked by clk100MHz_clk_wiz_0  {rise@0.000ns fall@5.000ns period=10.000ns})
  Path Group:             clk100MHz_clk_wiz_0
  Path Type:              Hold (Min at Fast Process Corner)
  Requirement:            0.000ns  (clk100MHz_clk_wiz_0 rise@0.000ns - clk100MHz_clk_wiz_0 rise@0.000ns)
  Data Path Delay:        0.289ns  (logic 0.186ns (64.416%)  route 0.103ns (35.584%))
  Logic Levels:           1  (LUT6=1)
  Clock Path Skew:        0.013ns (DCD - SCD - CPR)
    Destination Clock Delay (DCD):    -0.824ns
    Source Clock Delay      (SCD):    -0.586ns
    Clock Pessimism Removal (CPR):    -0.250ns

    Location             Delay type                Incr(ns)  Path(ns)    Netlist Resource(s)
  -------------------------------------------------------------------    -------------------
                         (clock clk100MHz_clk_wiz_0 rise edge)
                                                      0.000     0.000 r  
    W5                                                0.000     0.000 r  clk (IN)
                         net (fo=0)                   0.000     0.000    u_clk_wiz/inst/clk
    W5                   IBUF (Prop_ibuf_I_O)         0.226     0.226 r  u_clk_wiz/inst/clkin1_ibufg/O
                         net (fo=1, routed)           0.440     0.667    u_clk_wiz/inst/clk_clk_wiz_0
    MMCME2_ADV_X1Y0      MMCME2_ADV (Prop_mmcme2_adv_CLKIN1_CLKOUT0)
                                                     -2.360    -1.693 r  u_clk_wiz/inst/mmcm_adv_inst/CLKOUT0
                         net (fo=2, routed)           0.486    -1.207    u_clk_wiz/inst/clk100MHz_clk_wiz_0
    BUFGCTRL_X0Y1        BUFGCTRL (Prop_bufgctrl_I0_O)
                                                      0.026    -1.181 r  u_clk_wiz/inst/clkout1_buf/O
                         net (fo=268, routed)         0.595    -0.586    u_top_airhockey/u_mouse/Inst_Ps2Interface/CLK
    SLICE_X1Y44          FDRE                                         r  u_top_airhockey/u_mouse/Inst_Ps2Interface/clk_count_reg[0]/C
  -------------------------------------------------------------------    -------------------
    SLICE_X1Y44          FDRE (Prop_fdre_C_Q)         0.141    -0.445 r  u_top_airhockey/u_mouse/Inst_Ps2Interface/clk_count_reg[0]/Q
                         net (fo=5, routed)           0.103    -0.343    u_top_airhockey/u_mouse/Inst_Ps2Interface/clk_count_reg[0]
    SLICE_X0Y44          LUT6 (Prop_lut6_I1_O)        0.045    -0.298 r  u_top_airhockey/u_mouse/Inst_Ps2Interface/ps2_clk_clean_i_1/O
                         net (fo=1, routed)           0.000    -0.298    u_top_airhockey/u_mouse/Inst_Ps2Interface/ps2_clk_clean_i_1_n_0
    SLICE_X0Y44          FDRE                                         r  u_top_airhockey/u_mouse/Inst_Ps2Interface/ps2_clk_clean_reg/D
  -------------------------------------------------------------------    -------------------

                         (clock clk100MHz_clk_wiz_0 rise edge)
                                                      0.000     0.000 r  
    W5                                                0.000     0.000 r  clk (IN)
                         net (fo=0)                   0.000     0.000    u_clk_wiz/inst/clk
    W5                   IBUF (Prop_ibuf_I_O)         0.414     0.414 r  u_clk_wiz/inst/clkin1_ibufg/O
                         net (fo=1, routed)           0.480     0.894    u_clk_wiz/inst/clk_clk_wiz_0
    MMCME2_ADV_X1Y0      MMCME2_ADV (Prop_mmcme2_adv_CLKIN1_CLKOUT0)
                                                     -3.142    -2.248 r  u_clk_wiz/inst/mmcm_adv_inst/CLKOUT0
                         net (fo=2, routed)           0.530    -1.718    u_clk_wiz/inst/clk100MHz_clk_wiz_0
    BUFGCTRL_X0Y1        BUFGCTRL (Prop_bufgctrl_I0_O)
                                                      0.029    -1.689 r  u_clk_wiz/inst/clkout1_buf/O
                         net (fo=268, routed)         0.866    -0.824    u_top_airhockey/u_mouse/Inst_Ps2Interface/CLK
    SLICE_X0Y44          FDRE                                         r  u_top_airhockey/u_mouse/Inst_Ps2Interface/ps2_clk_clean_reg/C
                         clock pessimism              0.250    -0.573    
    SLICE_X0Y44          FDRE (Hold_fdre_C_D)         0.092    -0.481    u_top_airhockey/u_mouse/Inst_Ps2Interface/ps2_clk_clean_reg
  -------------------------------------------------------------------
                         required time                          0.481    
                         arrival time                          -0.298    
  -------------------------------------------------------------------
                         slack                                  0.184    

Slack (MET) :             0.188ns  (arrival time - required time)
  Source:                 u_top_airhockey/u_mouse/y_pos_reg[2]/C
                            (rising edge-triggered cell FDRE clocked by clk100MHz_clk_wiz_0  {rise@0.000ns fall@5.000ns period=10.000ns})
  Destination:            u_top_airhockey/u_mouse/ypos_reg[2]/D
                            (rising edge-triggered cell FDRE clocked by clk100MHz_clk_wiz_0  {rise@0.000ns fall@5.000ns period=10.000ns})
  Path Group:             clk100MHz_clk_wiz_0
  Path Type:              Hold (Min at Fast Process Corner)
  Requirement:            0.000ns  (clk100MHz_clk_wiz_0 rise@0.000ns - clk100MHz_clk_wiz_0 rise@0.000ns)
  Data Path Delay:        0.293ns  (logic 0.164ns (55.996%)  route 0.129ns (44.004%))
  Logic Levels:           0  
  Clock Path Skew:        0.035ns (DCD - SCD - CPR)
    Destination Clock Delay (DCD):    -0.827ns
    Source Clock Delay      (SCD):    -0.587ns
    Clock Pessimism Removal (CPR):    -0.274ns

    Location             Delay type                Incr(ns)  Path(ns)    Netlist Resource(s)
  -------------------------------------------------------------------    -------------------
                         (clock clk100MHz_clk_wiz_0 rise edge)
                                                      0.000     0.000 r  
    W5                                                0.000     0.000 r  clk (IN)
                         net (fo=0)                   0.000     0.000    u_clk_wiz/inst/clk
    W5                   IBUF (Prop_ibuf_I_O)         0.226     0.226 r  u_clk_wiz/inst/clkin1_ibufg/O
                         net (fo=1, routed)           0.440     0.667    u_clk_wiz/inst/clk_clk_wiz_0
    MMCME2_ADV_X1Y0      MMCME2_ADV (Prop_mmcme2_adv_CLKIN1_CLKOUT0)
                                                     -2.360    -1.693 r  u_clk_wiz/inst/mmcm_adv_inst/CLKOUT0
                         net (fo=2, routed)           0.486    -1.207    u_clk_wiz/inst/clk100MHz_clk_wiz_0
    BUFGCTRL_X0Y1        BUFGCTRL (Prop_bufgctrl_I0_O)
                                                      0.026    -1.181 r  u_clk_wiz/inst/clkout1_buf/O
                         net (fo=268, routed)         0.594    -0.587    u_top_airhockey/u_mouse/CLK
    SLICE_X2Y40          FDRE                                         r  u_top_airhockey/u_mouse/y_pos_reg[2]/C
  -------------------------------------------------------------------    -------------------
    SLICE_X2Y40          FDRE (Prop_fdre_C_Q)         0.164    -0.423 r  u_top_airhockey/u_mouse/y_pos_reg[2]/Q
                         net (fo=5, routed)           0.129    -0.294    u_top_airhockey/u_mouse/y_pos[2]
    SLICE_X4Y40          FDRE                                         r  u_top_airhockey/u_mouse/ypos_reg[2]/D
  -------------------------------------------------------------------    -------------------

                         (clock clk100MHz_clk_wiz_0 rise edge)
                                                      0.000     0.000 r  
    W5                                                0.000     0.000 r  clk (IN)
                         net (fo=0)                   0.000     0.000    u_clk_wiz/inst/clk
    W5                   IBUF (Prop_ibuf_I_O)         0.414     0.414 r  u_clk_wiz/inst/clkin1_ibufg/O
                         net (fo=1, routed)           0.480     0.894    u_clk_wiz/inst/clk_clk_wiz_0
    MMCME2_ADV_X1Y0      MMCME2_ADV (Prop_mmcme2_adv_CLKIN1_CLKOUT0)
                                                     -3.142    -2.248 r  u_clk_wiz/inst/mmcm_adv_inst/CLKOUT0
                         net (fo=2, routed)           0.530    -1.718    u_clk_wiz/inst/clk100MHz_clk_wiz_0
    BUFGCTRL_X0Y1        BUFGCTRL (Prop_bufgctrl_I0_O)
                                                      0.029    -1.689 r  u_clk_wiz/inst/clkout1_buf/O
                         net (fo=268, routed)         0.863    -0.827    u_top_airhockey/u_mouse/CLK
    SLICE_X4Y40          FDRE                                         r  u_top_airhockey/u_mouse/ypos_reg[2]/C
                         clock pessimism              0.274    -0.552    
    SLICE_X4Y40          FDRE (Hold_fdre_C_D)         0.070    -0.482    u_top_airhockey/u_mouse/ypos_reg[2]
  -------------------------------------------------------------------
                         required time                          0.482    
                         arrival time                          -0.294    
  -------------------------------------------------------------------
                         slack                                  0.188    

Slack (MET) :             0.189ns  (arrival time - required time)
  Source:                 u_clk_wiz/inst/seq_reg1_reg[6]/C
                            (rising edge-triggered cell FDRE clocked by clk100MHz_clk_wiz_0  {rise@0.000ns fall@5.000ns period=10.000ns})
  Destination:            u_clk_wiz/inst/seq_reg1_reg[7]/D
                            (rising edge-triggered cell FDRE clocked by clk100MHz_clk_wiz_0  {rise@0.000ns fall@5.000ns period=10.000ns})
  Path Group:             clk100MHz_clk_wiz_0
  Path Type:              Hold (Min at Fast Process Corner)
  Requirement:            0.000ns  (clk100MHz_clk_wiz_0 rise@0.000ns - clk100MHz_clk_wiz_0 rise@0.000ns)
  Data Path Delay:        0.183ns  (logic 0.128ns (69.867%)  route 0.055ns (30.133%))
  Logic Levels:           0  
  Clock Path Skew:        0.000ns (DCD - SCD - CPR)
    Destination Clock Delay (DCD):    -1.301ns
    Source Clock Delay      (SCD):    -1.035ns
    Clock Pessimism Removal (CPR):    -0.266ns

    Location             Delay type                Incr(ns)  Path(ns)    Netlist Resource(s)
  -------------------------------------------------------------------    -------------------
                         (clock clk100MHz_clk_wiz_0 rise edge)
                                                      0.000     0.000 r  
    W5                                                0.000     0.000 r  clk (IN)
                         net (fo=0)                   0.000     0.000    u_clk_wiz/inst/clk
    W5                   IBUF (Prop_ibuf_I_O)         0.226     0.226 r  u_clk_wiz/inst/clkin1_ibufg/O
                         net (fo=1, routed)           0.440     0.667    u_clk_wiz/inst/clk_clk_wiz_0
    MMCME2_ADV_X1Y0      MMCME2_ADV (Prop_mmcme2_adv_CLKIN1_CLKOUT0)
                                                     -2.360    -1.693 r  u_clk_wiz/inst/mmcm_adv_inst/CLKOUT0
                         net (fo=2, routed)           0.366    -1.327    u_clk_wiz/inst/clk100MHz_clk_wiz_0
    BUFHCE_X0Y0          BUFH (Prop_bufh_I_O)         0.020    -1.307 r  u_clk_wiz/inst/clkout1_buf_en/O
                         net (fo=8, routed)           0.272    -1.035    u_clk_wiz/inst/clk100MHz_clk_wiz_0_en_clk
    SLICE_X35Y46         FDRE                                         r  u_clk_wiz/inst/seq_reg1_reg[6]/C
  -------------------------------------------------------------------    -------------------
    SLICE_X35Y46         FDRE (Prop_fdre_C_Q)         0.128    -0.907 r  u_clk_wiz/inst/seq_reg1_reg[6]/Q
                         net (fo=1, routed)           0.055    -0.852    u_clk_wiz/inst/seq_reg1[6]
    SLICE_X35Y46         FDRE                                         r  u_clk_wiz/inst/seq_reg1_reg[7]/D
  -------------------------------------------------------------------    -------------------

                         (clock clk100MHz_clk_wiz_0 rise edge)
                                                      0.000     0.000 r  
    W5                                                0.000     0.000 r  clk (IN)
                         net (fo=0)                   0.000     0.000    u_clk_wiz/inst/clk
    W5                   IBUF (Prop_ibuf_I_O)         0.414     0.414 r  u_clk_wiz/inst/clkin1_ibufg/O
                         net (fo=1, routed)           0.480     0.894    u_clk_wiz/inst/clk_clk_wiz_0
    MMCME2_ADV_X1Y0      MMCME2_ADV (Prop_mmcme2_adv_CLKIN1_CLKOUT0)
                                                     -3.142    -2.248 r  u_clk_wiz/inst/mmcm_adv_inst/CLKOUT0
                         net (fo=2, routed)           0.407    -1.841    u_clk_wiz/inst/clk100MHz_clk_wiz_0
    BUFHCE_X0Y0          BUFH (Prop_bufh_I_O)         0.043    -1.798 r  u_clk_wiz/inst/clkout1_buf_en/O
                         net (fo=8, routed)           0.497    -1.301    u_clk_wiz/inst/clk100MHz_clk_wiz_0_en_clk
    SLICE_X35Y46         FDRE                                         r  u_clk_wiz/inst/seq_reg1_reg[7]/C
                         clock pessimism              0.266    -1.035    
    SLICE_X35Y46         FDRE (Hold_fdre_C_D)        -0.006    -1.041    u_clk_wiz/inst/seq_reg1_reg[7]
  -------------------------------------------------------------------
                         required time                          1.041    
                         arrival time                          -0.852    
  -------------------------------------------------------------------
                         slack                                  0.189    

Slack (MET) :             0.192ns  (arrival time - required time)
  Source:                 u_top_airhockey/u_mouse/x_pos_reg[5]/C
                            (rising edge-triggered cell FDRE clocked by clk100MHz_clk_wiz_0  {rise@0.000ns fall@5.000ns period=10.000ns})
  Destination:            u_top_airhockey/u_mouse/xpos_reg[5]/D
                            (rising edge-triggered cell FDRE clocked by clk100MHz_clk_wiz_0  {rise@0.000ns fall@5.000ns period=10.000ns})
  Path Group:             clk100MHz_clk_wiz_0
  Path Type:              Hold (Min at Fast Process Corner)
  Requirement:            0.000ns  (clk100MHz_clk_wiz_0 rise@0.000ns - clk100MHz_clk_wiz_0 rise@0.000ns)
  Data Path Delay:        0.260ns  (logic 0.141ns (54.214%)  route 0.119ns (45.786%))
  Logic Levels:           0  
  Clock Path Skew:        0.016ns (DCD - SCD - CPR)
    Destination Clock Delay (DCD):    -0.828ns
    Source Clock Delay      (SCD):    -0.590ns
    Clock Pessimism Removal (CPR):    -0.253ns

    Location             Delay type                Incr(ns)  Path(ns)    Netlist Resource(s)
  -------------------------------------------------------------------    -------------------
                         (clock clk100MHz_clk_wiz_0 rise edge)
                                                      0.000     0.000 r  
    W5                                                0.000     0.000 r  clk (IN)
                         net (fo=0)                   0.000     0.000    u_clk_wiz/inst/clk
    W5                   IBUF (Prop_ibuf_I_O)         0.226     0.226 r  u_clk_wiz/inst/clkin1_ibufg/O
                         net (fo=1, routed)           0.440     0.667    u_clk_wiz/inst/clk_clk_wiz_0
    MMCME2_ADV_X1Y0      MMCME2_ADV (Prop_mmcme2_adv_CLKIN1_CLKOUT0)
                                                     -2.360    -1.693 r  u_clk_wiz/inst/mmcm_adv_inst/CLKOUT0
                         net (fo=2, routed)           0.486    -1.207    u_clk_wiz/inst/clk100MHz_clk_wiz_0
    BUFGCTRL_X0Y1        BUFGCTRL (Prop_bufgctrl_I0_O)
                                                      0.026    -1.181 r  u_clk_wiz/inst/clkout1_buf/O
                         net (fo=268, routed)         0.591    -0.590    u_top_airhockey/u_mouse/CLK
    SLICE_X5Y38          FDRE                                         r  u_top_airhockey/u_mouse/x_pos_reg[5]/C
  -------------------------------------------------------------------    -------------------
    SLICE_X5Y38          FDRE (Prop_fdre_C_Q)         0.141    -0.449 r  u_top_airhockey/u_mouse/x_pos_reg[5]/Q
                         net (fo=5, routed)           0.119    -0.330    u_top_airhockey/u_mouse/x_pos[5]
    SLICE_X6Y38          FDRE                                         r  u_top_airhockey/u_mouse/xpos_reg[5]/D
  -------------------------------------------------------------------    -------------------

                         (clock clk100MHz_clk_wiz_0 rise edge)
                                                      0.000     0.000 r  
    W5                                                0.000     0.000 r  clk (IN)
                         net (fo=0)                   0.000     0.000    u_clk_wiz/inst/clk
    W5                   IBUF (Prop_ibuf_I_O)         0.414     0.414 r  u_clk_wiz/inst/clkin1_ibufg/O
                         net (fo=1, routed)           0.480     0.894    u_clk_wiz/inst/clk_clk_wiz_0
    MMCME2_ADV_X1Y0      MMCME2_ADV (Prop_mmcme2_adv_CLKIN1_CLKOUT0)
                                                     -3.142    -2.248 r  u_clk_wiz/inst/mmcm_adv_inst/CLKOUT0
                         net (fo=2, routed)           0.530    -1.718    u_clk_wiz/inst/clk100MHz_clk_wiz_0
    BUFGCTRL_X0Y1        BUFGCTRL (Prop_bufgctrl_I0_O)
                                                      0.029    -1.689 r  u_clk_wiz/inst/clkout1_buf/O
                         net (fo=268, routed)         0.862    -0.828    u_top_airhockey/u_mouse/CLK
    SLICE_X6Y38          FDRE                                         r  u_top_airhockey/u_mouse/xpos_reg[5]/C
                         clock pessimism              0.253    -0.574    
    SLICE_X6Y38          FDRE (Hold_fdre_C_D)         0.052    -0.522    u_top_airhockey/u_mouse/xpos_reg[5]
  -------------------------------------------------------------------
                         required time                          0.522    
                         arrival time                          -0.330    
  -------------------------------------------------------------------
                         slack                                  0.192    





Pulse Width Checks
--------------------------------------------------------------------------------------
Clock Name:         clk100MHz_clk_wiz_0
Waveform(ns):       { 0.000 5.000 }
Period(ns):         10.000
Sources:            { u_clk_wiz/inst/mmcm_adv_inst/CLKOUT0 }

Check Type        Corner  Lib Pin             Reference Pin  Required(ns)  Actual(ns)  Slack(ns)  Location         Pin
Min Period        n/a     BUFGCTRL/I0         n/a            2.155         10.000      7.845      BUFGCTRL_X0Y1    u_clk_wiz/inst/clkout1_buf/I0
Min Period        n/a     BUFH/I              n/a            2.155         10.000      7.845      BUFHCE_X0Y0      u_clk_wiz/inst/clkout1_buf_en/I
Min Period        n/a     MMCME2_ADV/CLKOUT0  n/a            1.249         10.000      8.751      MMCME2_ADV_X1Y0  u_clk_wiz/inst/mmcm_adv_inst/CLKOUT0
Min Period        n/a     FDRE/C              n/a            1.000         10.000      9.000      SLICE_X35Y46     u_clk_wiz/inst/seq_reg1_reg[0]/C
Min Period        n/a     FDRE/C              n/a            1.000         10.000      9.000      SLICE_X35Y46     u_clk_wiz/inst/seq_reg1_reg[1]/C
Min Period        n/a     FDRE/C              n/a            1.000         10.000      9.000      SLICE_X35Y46     u_clk_wiz/inst/seq_reg1_reg[2]/C
Min Period        n/a     FDRE/C              n/a            1.000         10.000      9.000      SLICE_X35Y46     u_clk_wiz/inst/seq_reg1_reg[3]/C
Min Period        n/a     FDRE/C              n/a            1.000         10.000      9.000      SLICE_X35Y46     u_clk_wiz/inst/seq_reg1_reg[4]/C
Min Period        n/a     FDRE/C              n/a            1.000         10.000      9.000      SLICE_X35Y46     u_clk_wiz/inst/seq_reg1_reg[5]/C
Min Period        n/a     FDRE/C              n/a            1.000         10.000      9.000      SLICE_X35Y46     u_clk_wiz/inst/seq_reg1_reg[6]/C
Max Period        n/a     MMCME2_ADV/CLKOUT0  n/a            213.360       10.000      203.360    MMCME2_ADV_X1Y0  u_clk_wiz/inst/mmcm_adv_inst/CLKOUT0
Low Pulse Width   Slow    FDRE/C              n/a            0.500         5.000       4.500      SLICE_X35Y46     u_clk_wiz/inst/seq_reg1_reg[0]/C
Low Pulse Width   Fast    FDRE/C              n/a            0.500         5.000       4.500      SLICE_X35Y46     u_clk_wiz/inst/seq_reg1_reg[0]/C
Low Pulse Width   Slow    FDRE/C              n/a            0.500         5.000       4.500      SLICE_X35Y46     u_clk_wiz/inst/seq_reg1_reg[1]/C
Low Pulse Width   Fast    FDRE/C              n/a            0.500         5.000       4.500      SLICE_X35Y46     u_clk_wiz/inst/seq_reg1_reg[1]/C
Low Pulse Width   Slow    FDRE/C              n/a            0.500         5.000       4.500      SLICE_X35Y46     u_clk_wiz/inst/seq_reg1_reg[2]/C
Low Pulse Width   Fast    FDRE/C              n/a            0.500         5.000       4.500      SLICE_X35Y46     u_clk_wiz/inst/seq_reg1_reg[2]/C
Low Pulse Width   Slow    FDRE/C              n/a            0.500         5.000       4.500      SLICE_X35Y46     u_clk_wiz/inst/seq_reg1_reg[3]/C
Low Pulse Width   Fast    FDRE/C              n/a            0.500         5.000       4.500      SLICE_X35Y46     u_clk_wiz/inst/seq_reg1_reg[3]/C
Low Pulse Width   Slow    FDRE/C              n/a            0.500         5.000       4.500      SLICE_X35Y46     u_clk_wiz/inst/seq_reg1_reg[4]/C
Low Pulse Width   Fast    FDRE/C              n/a            0.500         5.000       4.500      SLICE_X35Y46     u_clk_wiz/inst/seq_reg1_reg[4]/C
High Pulse Width  Slow    FDRE/C              n/a            0.500         5.000       4.500      SLICE_X35Y46     u_clk_wiz/inst/seq_reg1_reg[0]/C
High Pulse Width  Fast    FDRE/C              n/a            0.500         5.000       4.500      SLICE_X35Y46     u_clk_wiz/inst/seq_reg1_reg[0]/C
High Pulse Width  Slow    FDRE/C              n/a            0.500         5.000       4.500      SLICE_X35Y46     u_clk_wiz/inst/seq_reg1_reg[1]/C
High Pulse Width  Fast    FDRE/C              n/a            0.500         5.000       4.500      SLICE_X35Y46     u_clk_wiz/inst/seq_reg1_reg[1]/C
High Pulse Width  Slow    FDRE/C              n/a            0.500         5.000       4.500      SLICE_X35Y46     u_clk_wiz/inst/seq_reg1_reg[2]/C
High Pulse Width  Fast    FDRE/C              n/a            0.500         5.000       4.500      SLICE_X35Y46     u_clk_wiz/inst/seq_reg1_reg[2]/C
High Pulse Width  Slow    FDRE/C              n/a            0.500         5.000       4.500      SLICE_X35Y46     u_clk_wiz/inst/seq_reg1_reg[3]/C
High Pulse Width  Fast    FDRE/C              n/a            0.500         5.000       4.500      SLICE_X35Y46     u_clk_wiz/inst/seq_reg1_reg[3]/C
High Pulse Width  Slow    FDRE/C              n/a            0.500         5.000       4.500      SLICE_X35Y46     u_clk_wiz/inst/seq_reg1_reg[4]/C
High Pulse Width  Fast    FDRE/C              n/a            0.500         5.000       4.500      SLICE_X35Y46     u_clk_wiz/inst/seq_reg1_reg[4]/C



---------------------------------------------------------------------------------------------------
From Clock:  clk_pix_clk_wiz_0
  To Clock:  clk_pix_clk_wiz_0

Setup :            0  Failing Endpoints,  Worst Slack        0.389ns,  Total Violation        0.000ns
Hold  :            0  Failing Endpoints,  Worst Slack        0.014ns,  Total Violation        0.000ns
PW    :            0  Failing Endpoints,  Worst Slack        6.712ns,  Total Violation        0.000ns
---------------------------------------------------------------------------------------------------


Max Delay Paths
--------------------------------------------------------------------------------------
Slack (MET) :             0.389ns  (required time - arrival time)
  Source:                 u_top_airhockey/u_puck_ctl/puck_y_reg[1]/C
                            (rising edge-triggered cell FDRE clocked by clk_pix_clk_wiz_0  {rise@0.000ns fall@7.692ns period=15.385ns})
  Destination:            u_top_airhockey/u_puck_ctl/vy_reg[12]/R
                            (rising edge-triggered cell FDRE clocked by clk_pix_clk_wiz_0  {rise@0.000ns fall@7.692ns period=15.385ns})
  Path Group:             clk_pix_clk_wiz_0
  Path Type:              Setup (Max at Slow Process Corner)
  Requirement:            15.385ns  (clk_pix_clk_wiz_0 rise@15.385ns - clk_pix_clk_wiz_0 rise@0.000ns)
  Data Path Delay:        14.444ns  (logic 6.540ns (45.279%)  route 7.904ns (54.721%))
  Logic Levels:           19  (CARRY4=10 LUT2=3 LUT3=1 LUT5=3 LUT6=2)
  Clock Path Skew:        -0.036ns (DCD - SCD + CPR)
    Destination Clock Delay (DCD):    -1.565ns = ( 13.820 - 15.385 ) 
    Source Clock Delay      (SCD):    -0.966ns
    Clock Pessimism Removal (CPR):    0.564ns
  Clock Uncertainty:      0.087ns  ((TSJ^2 + DJ^2)^1/2) / 2 + PE
    Total System Jitter     (TSJ):    0.071ns
    Discrete Jitter          (DJ):    0.159ns
    Phase Error              (PE):    0.000ns

    Location             Delay type                Incr(ns)  Path(ns)    Netlist Resource(s)
  -------------------------------------------------------------------    -------------------
                         (clock clk_pix_clk_wiz_0 rise edge)
                                                      0.000     0.000 r  
    W5                                                0.000     0.000 r  clk (IN)
                         net (fo=0)                   0.000     0.000    u_clk_wiz/inst/clk
    W5                   IBUF (Prop_ibuf_I_O)         1.458     1.458 r  u_clk_wiz/inst/clkin1_ibufg/O
                         net (fo=1, routed)           1.233     2.691    u_clk_wiz/inst/clk_clk_wiz_0
    MMCME2_ADV_X1Y0      MMCME2_ADV (Prop_mmcme2_adv_CLKIN1_CLKOUT1)
                                                     -6.961    -4.269 r  u_clk_wiz/inst/mmcm_adv_inst/CLKOUT1
                         net (fo=2, routed)           1.661    -2.608    u_clk_wiz/inst/clk_pix_clk_wiz_0
    BUFGCTRL_X0Y0        BUFGCTRL (Prop_bufgctrl_I0_O)
                                                      0.096    -2.512 r  u_clk_wiz/inst/clkout2_buf/O
                         net (fo=3196, routed)        1.546    -0.966    u_top_airhockey/u_puck_ctl/clk_pix
    SLICE_X35Y23         FDRE                                         r  u_top_airhockey/u_puck_ctl/puck_y_reg[1]/C
  -------------------------------------------------------------------    -------------------
    SLICE_X35Y23         FDRE (Prop_fdre_C_Q)         0.419    -0.547 r  u_top_airhockey/u_puck_ctl/puck_y_reg[1]/Q
                         net (fo=13, routed)          0.725     0.178    u_top_airhockey/u_puck_ctl/local_puck_y[1]
    SLICE_X34Y24         LUT2 (Prop_lut2_I0_O)        0.299     0.477 r  u_top_airhockey/u_puck_ctl/puck_y[3]_i_5/O
                         net (fo=1, routed)           0.000     0.477    u_top_airhockey/u_puck_ctl/puck_y[3]_i_5_n_0
    SLICE_X34Y24         CARRY4 (Prop_carry4_S[1]_CO[3])
                                                      0.533     1.010 r  u_top_airhockey/u_puck_ctl/puck_y_reg[3]_i_2/CO[3]
                         net (fo=1, routed)           0.009     1.019    u_top_airhockey/u_puck_ctl/puck_y_reg[3]_i_2_n_0
    SLICE_X34Y25         CARRY4 (Prop_carry4_CI_O[1])
                                                      0.323     1.342 r  u_top_airhockey/u_puck_ctl/puck_y_reg[7]_i_2/O[1]
                         net (fo=21, routed)          0.738     2.081    u_puck_ctl/ny2[5]
    SLICE_X35Y24         LUT2 (Prop_lut2_I0_O)        0.306     2.387 r  vy[12]_i_49/O
                         net (fo=1, routed)           0.000     2.387    vy[12]_i_49_n_0
    SLICE_X35Y24         CARRY4 (Prop_carry4_S[1]_CO[3])
                                                      0.550     2.937 r  vy_reg[12]_i_17/CO[3]
                         net (fo=1, routed)           0.009     2.946    vy_reg[12]_i_17_n_0
    SLICE_X35Y25         CARRY4 (Prop_carry4_CI_CO[1])
                                                      0.157     3.103 f  vy_reg[12]_i_5/CO[1]
                         net (fo=130, routed)         0.951     4.053    vy_reg[12]_i_5_n_2
    SLICE_X36Y26         LUT3 (Prop_lut3_I2_O)        0.329     4.382 r  vx[0]_i_213/O
                         net (fo=1, routed)           0.000     4.382    vx[0]_i_213_n_0
    SLICE_X36Y26         CARRY4 (Prop_carry4_S[1]_CO[3])
                                                      0.550     4.932 r  vx_reg[0]_i_187/CO[3]
                         net (fo=1, routed)           0.000     4.932    vx_reg[0]_i_187_n_0
    SLICE_X36Y27         CARRY4 (Prop_carry4_CI_CO[3])
                                                      0.114     5.046 r  vx_reg[0]_i_148/CO[3]
                         net (fo=1, routed)           0.000     5.046    vx_reg[0]_i_148_n_0
    SLICE_X36Y28         CARRY4 (Prop_carry4_CI_O[1])
                                                      0.334     5.380 f  vx_reg[0]_i_75/O[1]
                         net (fo=4, routed)           0.622     6.003    u_top_airhockey/u_puck_ctl/vx_reg[0]_i_29[1]
    SLICE_X38Y28         LUT2 (Prop_lut2_I0_O)        0.303     6.306 r  u_top_airhockey/u_puck_ctl/vx[0]_i_79/O
                         net (fo=1, routed)           0.000     6.306    u_top_airhockey/u_paddle_local_p1zone/vy[3]_i_4_3[0]
    SLICE_X38Y28         CARRY4 (Prop_carry4_S[1]_CO[2])
                                                      0.574     6.880 r  u_top_airhockey/u_paddle_local_p1zone/vx_reg[0]_i_29/CO[2]
                         net (fo=3, routed)           1.030     7.910    u_top_airhockey/u_paddle_local_p1zone/u_puck_ctl/paddle_hit_return014_in
    SLICE_X29Y34         LUT5 (Prop_lut5_I4_O)        0.310     8.220 r  u_top_airhockey/u_paddle_local_p1zone/vx[0]_i_5/O
                         net (fo=95, routed)          0.906     9.125    u_top_airhockey/u_paddle_local_p1zone/p1_overlap_prev_reg_1
    SLICE_X33Y32         LUT5 (Prop_lut5_I1_O)        0.124     9.249 r  u_top_airhockey/u_paddle_local_p1zone/puck_x[1]_i_1/O
                         net (fo=5, routed)           0.480     9.729    u_top_airhockey/u_paddle_local_p1zone/paddle_x_reg[1]_0
    SLICE_X32Y32         LUT6 (Prop_lut6_I5_O)        0.124     9.853 r  u_top_airhockey/u_paddle_local_p1zone/vx[12]_i_26/O
                         net (fo=2, routed)           0.333    10.186    u_top_airhockey/u_paddle_local_p1zone/vx[12]_i_26_n_0
    SLICE_X31Y32         CARRY4 (Prop_carry4_DI[0]_CO[3])
                                                      0.526    10.712 r  u_top_airhockey/u_paddle_local_p1zone/goal_p1_reg_i_4/CO[3]
                         net (fo=1, routed)           0.000    10.712    u_top_airhockey/u_paddle_local_p1zone/goal_p1_reg_i_4_n_0
    SLICE_X31Y33         CARRY4 (Prop_carry4_CI_CO[2])
                                                      0.228    10.940 r  u_top_airhockey/u_paddle_local_p1zone/goal_p1_reg_i_2/CO[2]
                         net (fo=3, routed)           0.447    11.387    u_top_airhockey/u_game_fsm/puck_x_reg[11]_2[0]
    SLICE_X33Y33         LUT6 (Prop_lut6_I4_O)        0.313    11.700 f  u_top_airhockey/u_game_fsm/vx[12]_i_5/O
                         net (fo=28, routed)          0.700    12.400    u_top_airhockey/u_game_fsm/FSM_sequential_game_state_reg[0]_0
    SLICE_X32Y29         LUT5 (Prop_lut5_I4_O)        0.124    12.524 r  u_top_airhockey/u_game_fsm/vy[12]_i_1/O
                         net (fo=11, routed)          0.955    13.478    u_top_airhockey/u_puck_ctl/vy_reg[1]_0
    SLICE_X33Y23         FDRE                                         r  u_top_airhockey/u_puck_ctl/vy_reg[12]/R
  -------------------------------------------------------------------    -------------------

                         (clock clk_pix_clk_wiz_0 rise edge)
                                                     15.385    15.385 r  
    W5                                                0.000    15.385 r  clk (IN)
                         net (fo=0)                   0.000    15.385    u_clk_wiz/inst/clk
    W5                   IBUF (Prop_ibuf_I_O)         1.388    16.773 r  u_clk_wiz/inst/clkin1_ibufg/O
                         net (fo=1, routed)           1.162    17.935    u_clk_wiz/inst/clk_clk_wiz_0
    MMCME2_ADV_X1Y0      MMCME2_ADV (Prop_mmcme2_adv_CLKIN1_CLKOUT1)
                                                     -7.217    10.717 r  u_clk_wiz/inst/mmcm_adv_inst/CLKOUT1
                         net (fo=2, routed)           1.581    12.298    u_clk_wiz/inst/clk_pix_clk_wiz_0
    BUFGCTRL_X0Y0        BUFGCTRL (Prop_bufgctrl_I0_O)
                                                      0.091    12.389 r  u_clk_wiz/inst/clkout2_buf/O
                         net (fo=3196, routed)        1.430    13.820    u_top_airhockey/u_puck_ctl/clk_pix
    SLICE_X33Y23         FDRE                                         r  u_top_airhockey/u_puck_ctl/vy_reg[12]/C
                         clock pessimism              0.564    14.383    
                         clock uncertainty           -0.087    14.296    
    SLICE_X33Y23         FDRE (Setup_fdre_C_R)       -0.429    13.867    u_top_airhockey/u_puck_ctl/vy_reg[12]
  -------------------------------------------------------------------
                         required time                         13.867    
                         arrival time                         -13.478    
  -------------------------------------------------------------------
                         slack                                  0.389    

Slack (MET) :             0.389ns  (required time - arrival time)
  Source:                 u_top_airhockey/u_puck_ctl/puck_y_reg[1]/C
                            (rising edge-triggered cell FDRE clocked by clk_pix_clk_wiz_0  {rise@0.000ns fall@7.692ns period=15.385ns})
  Destination:            u_top_airhockey/u_puck_ctl/vy_reg[1]/R
                            (rising edge-triggered cell FDRE clocked by clk_pix_clk_wiz_0  {rise@0.000ns fall@7.692ns period=15.385ns})
  Path Group:             clk_pix_clk_wiz_0
  Path Type:              Setup (Max at Slow Process Corner)
  Requirement:            15.385ns  (clk_pix_clk_wiz_0 rise@15.385ns - clk_pix_clk_wiz_0 rise@0.000ns)
  Data Path Delay:        14.444ns  (logic 6.540ns (45.279%)  route 7.904ns (54.721%))
  Logic Levels:           19  (CARRY4=10 LUT2=3 LUT3=1 LUT5=3 LUT6=2)
  Clock Path Skew:        -0.036ns (DCD - SCD + CPR)
    Destination Clock Delay (DCD):    -1.565ns = ( 13.820 - 15.385 ) 
    Source Clock Delay      (SCD):    -0.966ns
    Clock Pessimism Removal (CPR):    0.564ns
  Clock Uncertainty:      0.087ns  ((TSJ^2 + DJ^2)^1/2) / 2 + PE
    Total System Jitter     (TSJ):    0.071ns
    Discrete Jitter          (DJ):    0.159ns
    Phase Error              (PE):    0.000ns

    Location             Delay type                Incr(ns)  Path(ns)    Netlist Resource(s)
  -------------------------------------------------------------------    -------------------
                         (clock clk_pix_clk_wiz_0 rise edge)
                                                      0.000     0.000 r  
    W5                                                0.000     0.000 r  clk (IN)
                         net (fo=0)                   0.000     0.000    u_clk_wiz/inst/clk
    W5                   IBUF (Prop_ibuf_I_O)         1.458     1.458 r  u_clk_wiz/inst/clkin1_ibufg/O
                         net (fo=1, routed)           1.233     2.691    u_clk_wiz/inst/clk_clk_wiz_0
    MMCME2_ADV_X1Y0      MMCME2_ADV (Prop_mmcme2_adv_CLKIN1_CLKOUT1)
                                                     -6.961    -4.269 r  u_clk_wiz/inst/mmcm_adv_inst/CLKOUT1
                         net (fo=2, routed)           1.661    -2.608    u_clk_wiz/inst/clk_pix_clk_wiz_0
    BUFGCTRL_X0Y0        BUFGCTRL (Prop_bufgctrl_I0_O)
                                                      0.096    -2.512 r  u_clk_wiz/inst/clkout2_buf/O
                         net (fo=3196, routed)        1.546    -0.966    u_top_airhockey/u_puck_ctl/clk_pix
    SLICE_X35Y23         FDRE                                         r  u_top_airhockey/u_puck_ctl/puck_y_reg[1]/C
  -------------------------------------------------------------------    -------------------
    SLICE_X35Y23         FDRE (Prop_fdre_C_Q)         0.419    -0.547 r  u_top_airhockey/u_puck_ctl/puck_y_reg[1]/Q
                         net (fo=13, routed)          0.725     0.178    u_top_airhockey/u_puck_ctl/local_puck_y[1]
    SLICE_X34Y24         LUT2 (Prop_lut2_I0_O)        0.299     0.477 r  u_top_airhockey/u_puck_ctl/puck_y[3]_i_5/O
                         net (fo=1, routed)           0.000     0.477    u_top_airhockey/u_puck_ctl/puck_y[3]_i_5_n_0
    SLICE_X34Y24         CARRY4 (Prop_carry4_S[1]_CO[3])
                                                      0.533     1.010 r  u_top_airhockey/u_puck_ctl/puck_y_reg[3]_i_2/CO[3]
                         net (fo=1, routed)           0.009     1.019    u_top_airhockey/u_puck_ctl/puck_y_reg[3]_i_2_n_0
    SLICE_X34Y25         CARRY4 (Prop_carry4_CI_O[1])
                                                      0.323     1.342 r  u_top_airhockey/u_puck_ctl/puck_y_reg[7]_i_2/O[1]
                         net (fo=21, routed)          0.738     2.081    u_puck_ctl/ny2[5]
    SLICE_X35Y24         LUT2 (Prop_lut2_I0_O)        0.306     2.387 r  vy[12]_i_49/O
                         net (fo=1, routed)           0.000     2.387    vy[12]_i_49_n_0
    SLICE_X35Y24         CARRY4 (Prop_carry4_S[1]_CO[3])
                                                      0.550     2.937 r  vy_reg[12]_i_17/CO[3]
                         net (fo=1, routed)           0.009     2.946    vy_reg[12]_i_17_n_0
    SLICE_X35Y25         CARRY4 (Prop_carry4_CI_CO[1])
                                                      0.157     3.103 f  vy_reg[12]_i_5/CO[1]
                         net (fo=130, routed)         0.951     4.053    vy_reg[12]_i_5_n_2
    SLICE_X36Y26         LUT3 (Prop_lut3_I2_O)        0.329     4.382 r  vx[0]_i_213/O
                         net (fo=1, routed)           0.000     4.382    vx[0]_i_213_n_0
    SLICE_X36Y26         CARRY4 (Prop_carry4_S[1]_CO[3])
                                                      0.550     4.932 r  vx_reg[0]_i_187/CO[3]
                         net (fo=1, routed)           0.000     4.932    vx_reg[0]_i_187_n_0
    SLICE_X36Y27         CARRY4 (Prop_carry4_CI_CO[3])
                                                      0.114     5.046 r  vx_reg[0]_i_148/CO[3]
                         net (fo=1, routed)           0.000     5.046    vx_reg[0]_i_148_n_0
    SLICE_X36Y28         CARRY4 (Prop_carry4_CI_O[1])
                                                      0.334     5.380 f  vx_reg[0]_i_75/O[1]
                         net (fo=4, routed)           0.622     6.003    u_top_airhockey/u_puck_ctl/vx_reg[0]_i_29[1]
    SLICE_X38Y28         LUT2 (Prop_lut2_I0_O)        0.303     6.306 r  u_top_airhockey/u_puck_ctl/vx[0]_i_79/O
                         net (fo=1, routed)           0.000     6.306    u_top_airhockey/u_paddle_local_p1zone/vy[3]_i_4_3[0]
    SLICE_X38Y28         CARRY4 (Prop_carry4_S[1]_CO[2])
                                                      0.574     6.880 r  u_top_airhockey/u_paddle_local_p1zone/vx_reg[0]_i_29/CO[2]
                         net (fo=3, routed)           1.030     7.910    u_top_airhockey/u_paddle_local_p1zone/u_puck_ctl/paddle_hit_return014_in
    SLICE_X29Y34         LUT5 (Prop_lut5_I4_O)        0.310     8.220 r  u_top_airhockey/u_paddle_local_p1zone/vx[0]_i_5/O
                         net (fo=95, routed)          0.906     9.125    u_top_airhockey/u_paddle_local_p1zone/p1_overlap_prev_reg_1
    SLICE_X33Y32         LUT5 (Prop_lut5_I1_O)        0.124     9.249 r  u_top_airhockey/u_paddle_local_p1zone/puck_x[1]_i_1/O
                         net (fo=5, routed)           0.480     9.729    u_top_airhockey/u_paddle_local_p1zone/paddle_x_reg[1]_0
    SLICE_X32Y32         LUT6 (Prop_lut6_I5_O)        0.124     9.853 r  u_top_airhockey/u_paddle_local_p1zone/vx[12]_i_26/O
                         net (fo=2, routed)           0.333    10.186    u_top_airhockey/u_paddle_local_p1zone/vx[12]_i_26_n_0
    SLICE_X31Y32         CARRY4 (Prop_carry4_DI[0]_CO[3])
                                                      0.526    10.712 r  u_top_airhockey/u_paddle_local_p1zone/goal_p1_reg_i_4/CO[3]
                         net (fo=1, routed)           0.000    10.712    u_top_airhockey/u_paddle_local_p1zone/goal_p1_reg_i_4_n_0
    SLICE_X31Y33         CARRY4 (Prop_carry4_CI_CO[2])
                                                      0.228    10.940 r  u_top_airhockey/u_paddle_local_p1zone/goal_p1_reg_i_2/CO[2]
                         net (fo=3, routed)           0.447    11.387    u_top_airhockey/u_game_fsm/puck_x_reg[11]_2[0]
    SLICE_X33Y33         LUT6 (Prop_lut6_I4_O)        0.313    11.700 f  u_top_airhockey/u_game_fsm/vx[12]_i_5/O
                         net (fo=28, routed)          0.700    12.400    u_top_airhockey/u_game_fsm/FSM_sequential_game_state_reg[0]_0
    SLICE_X32Y29         LUT5 (Prop_lut5_I4_O)        0.124    12.524 r  u_top_airhockey/u_game_fsm/vy[12]_i_1/O
                         net (fo=11, routed)          0.955    13.478    u_top_airhockey/u_puck_ctl/vy_reg[1]_0
    SLICE_X33Y23         FDRE                                         r  u_top_airhockey/u_puck_ctl/vy_reg[1]/R
  -------------------------------------------------------------------    -------------------

                         (clock clk_pix_clk_wiz_0 rise edge)
                                                     15.385    15.385 r  
    W5                                                0.000    15.385 r  clk (IN)
                         net (fo=0)                   0.000    15.385    u_clk_wiz/inst/clk
    W5                   IBUF (Prop_ibuf_I_O)         1.388    16.773 r  u_clk_wiz/inst/clkin1_ibufg/O
                         net (fo=1, routed)           1.162    17.935    u_clk_wiz/inst/clk_clk_wiz_0
    MMCME2_ADV_X1Y0      MMCME2_ADV (Prop_mmcme2_adv_CLKIN1_CLKOUT1)
                                                     -7.217    10.717 r  u_clk_wiz/inst/mmcm_adv_inst/CLKOUT1
                         net (fo=2, routed)           1.581    12.298    u_clk_wiz/inst/clk_pix_clk_wiz_0
    BUFGCTRL_X0Y0        BUFGCTRL (Prop_bufgctrl_I0_O)
                                                      0.091    12.389 r  u_clk_wiz/inst/clkout2_buf/O
                         net (fo=3196, routed)        1.430    13.820    u_top_airhockey/u_puck_ctl/clk_pix
    SLICE_X33Y23         FDRE                                         r  u_top_airhockey/u_puck_ctl/vy_reg[1]/C
                         clock pessimism              0.564    14.383    
                         clock uncertainty           -0.087    14.296    
    SLICE_X33Y23         FDRE (Setup_fdre_C_R)       -0.429    13.867    u_top_airhockey/u_puck_ctl/vy_reg[1]
  -------------------------------------------------------------------
                         required time                         13.867    
                         arrival time                         -13.478    
  -------------------------------------------------------------------
                         slack                                  0.389    

Slack (MET) :             0.389ns  (required time - arrival time)
  Source:                 u_top_airhockey/u_puck_ctl/puck_y_reg[1]/C
                            (rising edge-triggered cell FDRE clocked by clk_pix_clk_wiz_0  {rise@0.000ns fall@7.692ns period=15.385ns})
  Destination:            u_top_airhockey/u_puck_ctl/vy_reg[2]/R
                            (rising edge-triggered cell FDRE clocked by clk_pix_clk_wiz_0  {rise@0.000ns fall@7.692ns period=15.385ns})
  Path Group:             clk_pix_clk_wiz_0
  Path Type:              Setup (Max at Slow Process Corner)
  Requirement:            15.385ns  (clk_pix_clk_wiz_0 rise@15.385ns - clk_pix_clk_wiz_0 rise@0.000ns)
  Data Path Delay:        14.444ns  (logic 6.540ns (45.279%)  route 7.904ns (54.721%))
  Logic Levels:           19  (CARRY4=10 LUT2=3 LUT3=1 LUT5=3 LUT6=2)
  Clock Path Skew:        -0.036ns (DCD - SCD + CPR)
    Destination Clock Delay (DCD):    -1.565ns = ( 13.820 - 15.385 ) 
    Source Clock Delay      (SCD):    -0.966ns
    Clock Pessimism Removal (CPR):    0.564ns
  Clock Uncertainty:      0.087ns  ((TSJ^2 + DJ^2)^1/2) / 2 + PE
    Total System Jitter     (TSJ):    0.071ns
    Discrete Jitter          (DJ):    0.159ns
    Phase Error              (PE):    0.000ns

    Location             Delay type                Incr(ns)  Path(ns)    Netlist Resource(s)
  -------------------------------------------------------------------    -------------------
                         (clock clk_pix_clk_wiz_0 rise edge)
                                                      0.000     0.000 r  
    W5                                                0.000     0.000 r  clk (IN)
                         net (fo=0)                   0.000     0.000    u_clk_wiz/inst/clk
    W5                   IBUF (Prop_ibuf_I_O)         1.458     1.458 r  u_clk_wiz/inst/clkin1_ibufg/O
                         net (fo=1, routed)           1.233     2.691    u_clk_wiz/inst/clk_clk_wiz_0
    MMCME2_ADV_X1Y0      MMCME2_ADV (Prop_mmcme2_adv_CLKIN1_CLKOUT1)
                                                     -6.961    -4.269 r  u_clk_wiz/inst/mmcm_adv_inst/CLKOUT1
                         net (fo=2, routed)           1.661    -2.608    u_clk_wiz/inst/clk_pix_clk_wiz_0
    BUFGCTRL_X0Y0        BUFGCTRL (Prop_bufgctrl_I0_O)
                                                      0.096    -2.512 r  u_clk_wiz/inst/clkout2_buf/O
                         net (fo=3196, routed)        1.546    -0.966    u_top_airhockey/u_puck_ctl/clk_pix
    SLICE_X35Y23         FDRE                                         r  u_top_airhockey/u_puck_ctl/puck_y_reg[1]/C
  -------------------------------------------------------------------    -------------------
    SLICE_X35Y23         FDRE (Prop_fdre_C_Q)         0.419    -0.547 r  u_top_airhockey/u_puck_ctl/puck_y_reg[1]/Q
                         net (fo=13, routed)          0.725     0.178    u_top_airhockey/u_puck_ctl/local_puck_y[1]
    SLICE_X34Y24         LUT2 (Prop_lut2_I0_O)        0.299     0.477 r  u_top_airhockey/u_puck_ctl/puck_y[3]_i_5/O
                         net (fo=1, routed)           0.000     0.477    u_top_airhockey/u_puck_ctl/puck_y[3]_i_5_n_0
    SLICE_X34Y24         CARRY4 (Prop_carry4_S[1]_CO[3])
                                                      0.533     1.010 r  u_top_airhockey/u_puck_ctl/puck_y_reg[3]_i_2/CO[3]
                         net (fo=1, routed)           0.009     1.019    u_top_airhockey/u_puck_ctl/puck_y_reg[3]_i_2_n_0
    SLICE_X34Y25         CARRY4 (Prop_carry4_CI_O[1])
                                                      0.323     1.342 r  u_top_airhockey/u_puck_ctl/puck_y_reg[7]_i_2/O[1]
                         net (fo=21, routed)          0.738     2.081    u_puck_ctl/ny2[5]
    SLICE_X35Y24         LUT2 (Prop_lut2_I0_O)        0.306     2.387 r  vy[12]_i_49/O
                         net (fo=1, routed)           0.000     2.387    vy[12]_i_49_n_0
    SLICE_X35Y24         CARRY4 (Prop_carry4_S[1]_CO[3])
                                                      0.550     2.937 r  vy_reg[12]_i_17/CO[3]
                         net (fo=1, routed)           0.009     2.946    vy_reg[12]_i_17_n_0
    SLICE_X35Y25         CARRY4 (Prop_carry4_CI_CO[1])
                                                      0.157     3.103 f  vy_reg[12]_i_5/CO[1]
                         net (fo=130, routed)         0.951     4.053    vy_reg[12]_i_5_n_2
    SLICE_X36Y26         LUT3 (Prop_lut3_I2_O)        0.329     4.382 r  vx[0]_i_213/O
                         net (fo=1, routed)           0.000     4.382    vx[0]_i_213_n_0
    SLICE_X36Y26         CARRY4 (Prop_carry4_S[1]_CO[3])
                                                      0.550     4.932 r  vx_reg[0]_i_187/CO[3]
                         net (fo=1, routed)           0.000     4.932    vx_reg[0]_i_187_n_0
    SLICE_X36Y27         CARRY4 (Prop_carry4_CI_CO[3])
                                                      0.114     5.046 r  vx_reg[0]_i_148/CO[3]
                         net (fo=1, routed)           0.000     5.046    vx_reg[0]_i_148_n_0
    SLICE_X36Y28         CARRY4 (Prop_carry4_CI_O[1])
                                                      0.334     5.380 f  vx_reg[0]_i_75/O[1]
                         net (fo=4, routed)           0.622     6.003    u_top_airhockey/u_puck_ctl/vx_reg[0]_i_29[1]
    SLICE_X38Y28         LUT2 (Prop_lut2_I0_O)        0.303     6.306 r  u_top_airhockey/u_puck_ctl/vx[0]_i_79/O
                         net (fo=1, routed)           0.000     6.306    u_top_airhockey/u_paddle_local_p1zone/vy[3]_i_4_3[0]
    SLICE_X38Y28         CARRY4 (Prop_carry4_S[1]_CO[2])
                                                      0.574     6.880 r  u_top_airhockey/u_paddle_local_p1zone/vx_reg[0]_i_29/CO[2]
                         net (fo=3, routed)           1.030     7.910    u_top_airhockey/u_paddle_local_p1zone/u_puck_ctl/paddle_hit_return014_in
    SLICE_X29Y34         LUT5 (Prop_lut5_I4_O)        0.310     8.220 r  u_top_airhockey/u_paddle_local_p1zone/vx[0]_i_5/O
                         net (fo=95, routed)          0.906     9.125    u_top_airhockey/u_paddle_local_p1zone/p1_overlap_prev_reg_1
    SLICE_X33Y32         LUT5 (Prop_lut5_I1_O)        0.124     9.249 r  u_top_airhockey/u_paddle_local_p1zone/puck_x[1]_i_1/O
                         net (fo=5, routed)           0.480     9.729    u_top_airhockey/u_paddle_local_p1zone/paddle_x_reg[1]_0
    SLICE_X32Y32         LUT6 (Prop_lut6_I5_O)        0.124     9.853 r  u_top_airhockey/u_paddle_local_p1zone/vx[12]_i_26/O
                         net (fo=2, routed)           0.333    10.186    u_top_airhockey/u_paddle_local_p1zone/vx[12]_i_26_n_0
    SLICE_X31Y32         CARRY4 (Prop_carry4_DI[0]_CO[3])
                                                      0.526    10.712 r  u_top_airhockey/u_paddle_local_p1zone/goal_p1_reg_i_4/CO[3]
                         net (fo=1, routed)           0.000    10.712    u_top_airhockey/u_paddle_local_p1zone/goal_p1_reg_i_4_n_0
    SLICE_X31Y33         CARRY4 (Prop_carry4_CI_CO[2])
                                                      0.228    10.940 r  u_top_airhockey/u_paddle_local_p1zone/goal_p1_reg_i_2/CO[2]
                         net (fo=3, routed)           0.447    11.387    u_top_airhockey/u_game_fsm/puck_x_reg[11]_2[0]
    SLICE_X33Y33         LUT6 (Prop_lut6_I4_O)        0.313    11.700 f  u_top_airhockey/u_game_fsm/vx[12]_i_5/O
                         net (fo=28, routed)          0.700    12.400    u_top_airhockey/u_game_fsm/FSM_sequential_game_state_reg[0]_0
    SLICE_X32Y29         LUT5 (Prop_lut5_I4_O)        0.124    12.524 r  u_top_airhockey/u_game_fsm/vy[12]_i_1/O
                         net (fo=11, routed)          0.955    13.478    u_top_airhockey/u_puck_ctl/vy_reg[1]_0
    SLICE_X33Y23         FDRE                                         r  u_top_airhockey/u_puck_ctl/vy_reg[2]/R
  -------------------------------------------------------------------    -------------------

                         (clock clk_pix_clk_wiz_0 rise edge)
                                                     15.385    15.385 r  
    W5                                                0.000    15.385 r  clk (IN)
                         net (fo=0)                   0.000    15.385    u_clk_wiz/inst/clk
    W5                   IBUF (Prop_ibuf_I_O)         1.388    16.773 r  u_clk_wiz/inst/clkin1_ibufg/O
                         net (fo=1, routed)           1.162    17.935    u_clk_wiz/inst/clk_clk_wiz_0
    MMCME2_ADV_X1Y0      MMCME2_ADV (Prop_mmcme2_adv_CLKIN1_CLKOUT1)
                                                     -7.217    10.717 r  u_clk_wiz/inst/mmcm_adv_inst/CLKOUT1
                         net (fo=2, routed)           1.581    12.298    u_clk_wiz/inst/clk_pix_clk_wiz_0
    BUFGCTRL_X0Y0        BUFGCTRL (Prop_bufgctrl_I0_O)
                                                      0.091    12.389 r  u_clk_wiz/inst/clkout2_buf/O
                         net (fo=3196, routed)        1.430    13.820    u_top_airhockey/u_puck_ctl/clk_pix
    SLICE_X33Y23         FDRE                                         r  u_top_airhockey/u_puck_ctl/vy_reg[2]/C
                         clock pessimism              0.564    14.383    
                         clock uncertainty           -0.087    14.296    
    SLICE_X33Y23         FDRE (Setup_fdre_C_R)       -0.429    13.867    u_top_airhockey/u_puck_ctl/vy_reg[2]
  -------------------------------------------------------------------
                         required time                         13.867    
                         arrival time                         -13.478    
  -------------------------------------------------------------------
                         slack                                  0.389    

Slack (MET) :             0.389ns  (required time - arrival time)
  Source:                 u_top_airhockey/u_puck_ctl/puck_y_reg[1]/C
                            (rising edge-triggered cell FDRE clocked by clk_pix_clk_wiz_0  {rise@0.000ns fall@7.692ns period=15.385ns})
  Destination:            u_top_airhockey/u_puck_ctl/vy_reg[8]/R
                            (rising edge-triggered cell FDRE clocked by clk_pix_clk_wiz_0  {rise@0.000ns fall@7.692ns period=15.385ns})
  Path Group:             clk_pix_clk_wiz_0
  Path Type:              Setup (Max at Slow Process Corner)
  Requirement:            15.385ns  (clk_pix_clk_wiz_0 rise@15.385ns - clk_pix_clk_wiz_0 rise@0.000ns)
  Data Path Delay:        14.444ns  (logic 6.540ns (45.279%)  route 7.904ns (54.721%))
  Logic Levels:           19  (CARRY4=10 LUT2=3 LUT3=1 LUT5=3 LUT6=2)
  Clock Path Skew:        -0.036ns (DCD - SCD + CPR)
    Destination Clock Delay (DCD):    -1.565ns = ( 13.820 - 15.385 ) 
    Source Clock Delay      (SCD):    -0.966ns
    Clock Pessimism Removal (CPR):    0.564ns
  Clock Uncertainty:      0.087ns  ((TSJ^2 + DJ^2)^1/2) / 2 + PE
    Total System Jitter     (TSJ):    0.071ns
    Discrete Jitter          (DJ):    0.159ns
    Phase Error              (PE):    0.000ns

    Location             Delay type                Incr(ns)  Path(ns)    Netlist Resource(s)
  -------------------------------------------------------------------    -------------------
                         (clock clk_pix_clk_wiz_0 rise edge)
                                                      0.000     0.000 r  
    W5                                                0.000     0.000 r  clk (IN)
                         net (fo=0)                   0.000     0.000    u_clk_wiz/inst/clk
    W5                   IBUF (Prop_ibuf_I_O)         1.458     1.458 r  u_clk_wiz/inst/clkin1_ibufg/O
                         net (fo=1, routed)           1.233     2.691    u_clk_wiz/inst/clk_clk_wiz_0
    MMCME2_ADV_X1Y0      MMCME2_ADV (Prop_mmcme2_adv_CLKIN1_CLKOUT1)
                                                     -6.961    -4.269 r  u_clk_wiz/inst/mmcm_adv_inst/CLKOUT1
                         net (fo=2, routed)           1.661    -2.608    u_clk_wiz/inst/clk_pix_clk_wiz_0
    BUFGCTRL_X0Y0        BUFGCTRL (Prop_bufgctrl_I0_O)
                                                      0.096    -2.512 r  u_clk_wiz/inst/clkout2_buf/O
                         net (fo=3196, routed)        1.546    -0.966    u_top_airhockey/u_puck_ctl/clk_pix
    SLICE_X35Y23         FDRE                                         r  u_top_airhockey/u_puck_ctl/puck_y_reg[1]/C
  -------------------------------------------------------------------    -------------------
    SLICE_X35Y23         FDRE (Prop_fdre_C_Q)         0.419    -0.547 r  u_top_airhockey/u_puck_ctl/puck_y_reg[1]/Q
                         net (fo=13, routed)          0.725     0.178    u_top_airhockey/u_puck_ctl/local_puck_y[1]
    SLICE_X34Y24         LUT2 (Prop_lut2_I0_O)        0.299     0.477 r  u_top_airhockey/u_puck_ctl/puck_y[3]_i_5/O
                         net (fo=1, routed)           0.000     0.477    u_top_airhockey/u_puck_ctl/puck_y[3]_i_5_n_0
    SLICE_X34Y24         CARRY4 (Prop_carry4_S[1]_CO[3])
                                                      0.533     1.010 r  u_top_airhockey/u_puck_ctl/puck_y_reg[3]_i_2/CO[3]
                         net (fo=1, routed)           0.009     1.019    u_top_airhockey/u_puck_ctl/puck_y_reg[3]_i_2_n_0
    SLICE_X34Y25         CARRY4 (Prop_carry4_CI_O[1])
                                                      0.323     1.342 r  u_top_airhockey/u_puck_ctl/puck_y_reg[7]_i_2/O[1]
                         net (fo=21, routed)          0.738     2.081    u_puck_ctl/ny2[5]
    SLICE_X35Y24         LUT2 (Prop_lut2_I0_O)        0.306     2.387 r  vy[12]_i_49/O
                         net (fo=1, routed)           0.000     2.387    vy[12]_i_49_n_0
    SLICE_X35Y24         CARRY4 (Prop_carry4_S[1]_CO[3])
                                                      0.550     2.937 r  vy_reg[12]_i_17/CO[3]
                         net (fo=1, routed)           0.009     2.946    vy_reg[12]_i_17_n_0
    SLICE_X35Y25         CARRY4 (Prop_carry4_CI_CO[1])
                                                      0.157     3.103 f  vy_reg[12]_i_5/CO[1]
                         net (fo=130, routed)         0.951     4.053    vy_reg[12]_i_5_n_2
    SLICE_X36Y26         LUT3 (Prop_lut3_I2_O)        0.329     4.382 r  vx[0]_i_213/O
                         net (fo=1, routed)           0.000     4.382    vx[0]_i_213_n_0
    SLICE_X36Y26         CARRY4 (Prop_carry4_S[1]_CO[3])
                                                      0.550     4.932 r  vx_reg[0]_i_187/CO[3]
                         net (fo=1, routed)           0.000     4.932    vx_reg[0]_i_187_n_0
    SLICE_X36Y27         CARRY4 (Prop_carry4_CI_CO[3])
                                                      0.114     5.046 r  vx_reg[0]_i_148/CO[3]
                         net (fo=1, routed)           0.000     5.046    vx_reg[0]_i_148_n_0
    SLICE_X36Y28         CARRY4 (Prop_carry4_CI_O[1])
                                                      0.334     5.380 f  vx_reg[0]_i_75/O[1]
                         net (fo=4, routed)           0.622     6.003    u_top_airhockey/u_puck_ctl/vx_reg[0]_i_29[1]
    SLICE_X38Y28         LUT2 (Prop_lut2_I0_O)        0.303     6.306 r  u_top_airhockey/u_puck_ctl/vx[0]_i_79/O
                         net (fo=1, routed)           0.000     6.306    u_top_airhockey/u_paddle_local_p1zone/vy[3]_i_4_3[0]
    SLICE_X38Y28         CARRY4 (Prop_carry4_S[1]_CO[2])
                                                      0.574     6.880 r  u_top_airhockey/u_paddle_local_p1zone/vx_reg[0]_i_29/CO[2]
                         net (fo=3, routed)           1.030     7.910    u_top_airhockey/u_paddle_local_p1zone/u_puck_ctl/paddle_hit_return014_in
    SLICE_X29Y34         LUT5 (Prop_lut5_I4_O)        0.310     8.220 r  u_top_airhockey/u_paddle_local_p1zone/vx[0]_i_5/O
                         net (fo=95, routed)          0.906     9.125    u_top_airhockey/u_paddle_local_p1zone/p1_overlap_prev_reg_1
    SLICE_X33Y32         LUT5 (Prop_lut5_I1_O)        0.124     9.249 r  u_top_airhockey/u_paddle_local_p1zone/puck_x[1]_i_1/O
                         net (fo=5, routed)           0.480     9.729    u_top_airhockey/u_paddle_local_p1zone/paddle_x_reg[1]_0
    SLICE_X32Y32         LUT6 (Prop_lut6_I5_O)        0.124     9.853 r  u_top_airhockey/u_paddle_local_p1zone/vx[12]_i_26/O
                         net (fo=2, routed)           0.333    10.186    u_top_airhockey/u_paddle_local_p1zone/vx[12]_i_26_n_0
    SLICE_X31Y32         CARRY4 (Prop_carry4_DI[0]_CO[3])
                                                      0.526    10.712 r  u_top_airhockey/u_paddle_local_p1zone/goal_p1_reg_i_4/CO[3]
                         net (fo=1, routed)           0.000    10.712    u_top_airhockey/u_paddle_local_p1zone/goal_p1_reg_i_4_n_0
    SLICE_X31Y33         CARRY4 (Prop_carry4_CI_CO[2])
                                                      0.228    10.940 r  u_top_airhockey/u_paddle_local_p1zone/goal_p1_reg_i_2/CO[2]
                         net (fo=3, routed)           0.447    11.387    u_top_airhockey/u_game_fsm/puck_x_reg[11]_2[0]
    SLICE_X33Y33         LUT6 (Prop_lut6_I4_O)        0.313    11.700 f  u_top_airhockey/u_game_fsm/vx[12]_i_5/O
                         net (fo=28, routed)          0.700    12.400    u_top_airhockey/u_game_fsm/FSM_sequential_game_state_reg[0]_0
    SLICE_X32Y29         LUT5 (Prop_lut5_I4_O)        0.124    12.524 r  u_top_airhockey/u_game_fsm/vy[12]_i_1/O
                         net (fo=11, routed)          0.955    13.478    u_top_airhockey/u_puck_ctl/vy_reg[1]_0
    SLICE_X33Y23         FDRE                                         r  u_top_airhockey/u_puck_ctl/vy_reg[8]/R
  -------------------------------------------------------------------    -------------------

                         (clock clk_pix_clk_wiz_0 rise edge)
                                                     15.385    15.385 r  
    W5                                                0.000    15.385 r  clk (IN)
                         net (fo=0)                   0.000    15.385    u_clk_wiz/inst/clk
    W5                   IBUF (Prop_ibuf_I_O)         1.388    16.773 r  u_clk_wiz/inst/clkin1_ibufg/O
                         net (fo=1, routed)           1.162    17.935    u_clk_wiz/inst/clk_clk_wiz_0
    MMCME2_ADV_X1Y0      MMCME2_ADV (Prop_mmcme2_adv_CLKIN1_CLKOUT1)
                                                     -7.217    10.717 r  u_clk_wiz/inst/mmcm_adv_inst/CLKOUT1
                         net (fo=2, routed)           1.581    12.298    u_clk_wiz/inst/clk_pix_clk_wiz_0
    BUFGCTRL_X0Y0        BUFGCTRL (Prop_bufgctrl_I0_O)
                                                      0.091    12.389 r  u_clk_wiz/inst/clkout2_buf/O
                         net (fo=3196, routed)        1.430    13.820    u_top_airhockey/u_puck_ctl/clk_pix
    SLICE_X33Y23         FDRE                                         r  u_top_airhockey/u_puck_ctl/vy_reg[8]/C
                         clock pessimism              0.564    14.383    
                         clock uncertainty           -0.087    14.296    
    SLICE_X33Y23         FDRE (Setup_fdre_C_R)       -0.429    13.867    u_top_airhockey/u_puck_ctl/vy_reg[8]
  -------------------------------------------------------------------
                         required time                         13.867    
                         arrival time                         -13.478    
  -------------------------------------------------------------------
                         slack                                  0.389    

Slack (MET) :             0.502ns  (required time - arrival time)
  Source:                 u_top_airhockey/u_puck_ctl/puck_y_reg[1]/C
                            (rising edge-triggered cell FDRE clocked by clk_pix_clk_wiz_0  {rise@0.000ns fall@7.692ns period=15.385ns})
  Destination:            u_top_airhockey/u_puck_ctl/puck_y_reg[4]/S
                            (rising edge-triggered cell FDSE clocked by clk_pix_clk_wiz_0  {rise@0.000ns fall@7.692ns period=15.385ns})
  Path Group:             clk_pix_clk_wiz_0
  Path Type:              Setup (Max at Slow Process Corner)
  Requirement:            15.385ns  (clk_pix_clk_wiz_0 rise@15.385ns - clk_pix_clk_wiz_0 rise@0.000ns)
  Data Path Delay:        14.233ns  (logic 6.540ns (45.950%)  route 7.693ns (54.050%))
  Logic Levels:           19  (CARRY4=10 LUT2=3 LUT3=1 LUT5=3 LUT6=2)
  Clock Path Skew:        -0.039ns (DCD - SCD + CPR)
    Destination Clock Delay (DCD):    -1.568ns = ( 13.817 - 15.385 ) 
    Source Clock Delay      (SCD):    -0.966ns
    Clock Pessimism Removal (CPR):    0.564ns
  Clock Uncertainty:      0.087ns  ((TSJ^2 + DJ^2)^1/2) / 2 + PE
    Total System Jitter     (TSJ):    0.071ns
    Discrete Jitter          (DJ):    0.159ns
    Phase Error              (PE):    0.000ns

    Location             Delay type                Incr(ns)  Path(ns)    Netlist Resource(s)
  -------------------------------------------------------------------    -------------------
                         (clock clk_pix_clk_wiz_0 rise edge)
                                                      0.000     0.000 r  
    W5                                                0.000     0.000 r  clk (IN)
                         net (fo=0)                   0.000     0.000    u_clk_wiz/inst/clk
    W5                   IBUF (Prop_ibuf_I_O)         1.458     1.458 r  u_clk_wiz/inst/clkin1_ibufg/O
                         net (fo=1, routed)           1.233     2.691    u_clk_wiz/inst/clk_clk_wiz_0
    MMCME2_ADV_X1Y0      MMCME2_ADV (Prop_mmcme2_adv_CLKIN1_CLKOUT1)
                                                     -6.961    -4.269 r  u_clk_wiz/inst/mmcm_adv_inst/CLKOUT1
                         net (fo=2, routed)           1.661    -2.608    u_clk_wiz/inst/clk_pix_clk_wiz_0
    BUFGCTRL_X0Y0        BUFGCTRL (Prop_bufgctrl_I0_O)
                                                      0.096    -2.512 r  u_clk_wiz/inst/clkout2_buf/O
                         net (fo=3196, routed)        1.546    -0.966    u_top_airhockey/u_puck_ctl/clk_pix
    SLICE_X35Y23         FDRE                                         r  u_top_airhockey/u_puck_ctl/puck_y_reg[1]/C
  -------------------------------------------------------------------    -------------------
    SLICE_X35Y23         FDRE (Prop_fdre_C_Q)         0.419    -0.547 r  u_top_airhockey/u_puck_ctl/puck_y_reg[1]/Q
                         net (fo=13, routed)          0.725     0.178    u_top_airhockey/u_puck_ctl/local_puck_y[1]
    SLICE_X34Y24         LUT2 (Prop_lut2_I0_O)        0.299     0.477 r  u_top_airhockey/u_puck_ctl/puck_y[3]_i_5/O
                         net (fo=1, routed)           0.000     0.477    u_top_airhockey/u_puck_ctl/puck_y[3]_i_5_n_0
    SLICE_X34Y24         CARRY4 (Prop_carry4_S[1]_CO[3])
                                                      0.533     1.010 r  u_top_airhockey/u_puck_ctl/puck_y_reg[3]_i_2/CO[3]
                         net (fo=1, routed)           0.009     1.019    u_top_airhockey/u_puck_ctl/puck_y_reg[3]_i_2_n_0
    SLICE_X34Y25         CARRY4 (Prop_carry4_CI_O[1])
                                                      0.323     1.342 r  u_top_airhockey/u_puck_ctl/puck_y_reg[7]_i_2/O[1]
                         net (fo=21, routed)          0.738     2.081    u_puck_ctl/ny2[5]
    SLICE_X35Y24         LUT2 (Prop_lut2_I0_O)        0.306     2.387 r  vy[12]_i_49/O
                         net (fo=1, routed)           0.000     2.387    vy[12]_i_49_n_0
    SLICE_X35Y24         CARRY4 (Prop_carry4_S[1]_CO[3])
                                                      0.550     2.937 r  vy_reg[12]_i_17/CO[3]
                         net (fo=1, routed)           0.009     2.946    vy_reg[12]_i_17_n_0
    SLICE_X35Y25         CARRY4 (Prop_carry4_CI_CO[1])
                                                      0.157     3.103 f  vy_reg[12]_i_5/CO[1]
                         net (fo=130, routed)         0.951     4.053    vy_reg[12]_i_5_n_2
    SLICE_X36Y26         LUT3 (Prop_lut3_I2_O)        0.329     4.382 r  vx[0]_i_213/O
                         net (fo=1, routed)           0.000     4.382    vx[0]_i_213_n_0
    SLICE_X36Y26         CARRY4 (Prop_carry4_S[1]_CO[3])
                                                      0.550     4.932 r  vx_reg[0]_i_187/CO[3]
                         net (fo=1, routed)           0.000     4.932    vx_reg[0]_i_187_n_0
    SLICE_X36Y27         CARRY4 (Prop_carry4_CI_CO[3])
                                                      0.114     5.046 r  vx_reg[0]_i_148/CO[3]
                         net (fo=1, routed)           0.000     5.046    vx_reg[0]_i_148_n_0
    SLICE_X36Y28         CARRY4 (Prop_carry4_CI_O[1])
                                                      0.334     5.380 f  vx_reg[0]_i_75/O[1]
                         net (fo=4, routed)           0.622     6.003    u_top_airhockey/u_puck_ctl/vx_reg[0]_i_29[1]
    SLICE_X38Y28         LUT2 (Prop_lut2_I0_O)        0.303     6.306 r  u_top_airhockey/u_puck_ctl/vx[0]_i_79/O
                         net (fo=1, routed)           0.000     6.306    u_top_airhockey/u_paddle_local_p1zone/vy[3]_i_4_3[0]
    SLICE_X38Y28         CARRY4 (Prop_carry4_S[1]_CO[2])
                                                      0.574     6.880 r  u_top_airhockey/u_paddle_local_p1zone/vx_reg[0]_i_29/CO[2]
                         net (fo=3, routed)           1.030     7.910    u_top_airhockey/u_paddle_local_p1zone/u_puck_ctl/paddle_hit_return014_in
    SLICE_X29Y34         LUT5 (Prop_lut5_I4_O)        0.310     8.220 r  u_top_airhockey/u_paddle_local_p1zone/vx[0]_i_5/O
                         net (fo=95, routed)          0.906     9.125    u_top_airhockey/u_paddle_local_p1zone/p1_overlap_prev_reg_1
    SLICE_X33Y32         LUT5 (Prop_lut5_I1_O)        0.124     9.249 r  u_top_airhockey/u_paddle_local_p1zone/puck_x[1]_i_1/O
                         net (fo=5, routed)           0.480     9.729    u_top_airhockey/u_paddle_local_p1zone/paddle_x_reg[1]_0
    SLICE_X32Y32         LUT6 (Prop_lut6_I5_O)        0.124     9.853 r  u_top_airhockey/u_paddle_local_p1zone/vx[12]_i_26/O
                         net (fo=2, routed)           0.333    10.186    u_top_airhockey/u_paddle_local_p1zone/vx[12]_i_26_n_0
    SLICE_X31Y32         CARRY4 (Prop_carry4_DI[0]_CO[3])
                                                      0.526    10.712 r  u_top_airhockey/u_paddle_local_p1zone/goal_p1_reg_i_4/CO[3]
                         net (fo=1, routed)           0.000    10.712    u_top_airhockey/u_paddle_local_p1zone/goal_p1_reg_i_4_n_0
    SLICE_X31Y33         CARRY4 (Prop_carry4_CI_CO[2])
                                                      0.228    10.940 r  u_top_airhockey/u_paddle_local_p1zone/goal_p1_reg_i_2/CO[2]
                         net (fo=3, routed)           0.447    11.387    u_top_airhockey/u_game_fsm/puck_x_reg[11]_2[0]
    SLICE_X33Y33         LUT6 (Prop_lut6_I4_O)        0.313    11.700 f  u_top_airhockey/u_game_fsm/vx[12]_i_5/O
                         net (fo=28, routed)          0.583    12.282    u_top_airhockey/u_game_fsm/FSM_sequential_game_state_reg[0]_0
    SLICE_X35Y27         LUT5 (Prop_lut5_I4_O)        0.124    12.406 r  u_top_airhockey/u_game_fsm/puck_y[11]_i_1/O
                         net (fo=12, routed)          0.861    13.267    u_top_airhockey/u_puck_ctl/puck_y_reg[2]_0
    SLICE_X34Y25         FDSE                                         r  u_top_airhockey/u_puck_ctl/puck_y_reg[4]/S
  -------------------------------------------------------------------    -------------------

                         (clock clk_pix_clk_wiz_0 rise edge)
                                                     15.385    15.385 r  
    W5                                                0.000    15.385 r  clk (IN)
                         net (fo=0)                   0.000    15.385    u_clk_wiz/inst/clk
    W5                   IBUF (Prop_ibuf_I_O)         1.388    16.773 r  u_clk_wiz/inst/clkin1_ibufg/O
                         net (fo=1, routed)           1.162    17.935    u_clk_wiz/inst/clk_clk_wiz_0
    MMCME2_ADV_X1Y0      MMCME2_ADV (Prop_mmcme2_adv_CLKIN1_CLKOUT1)
                                                     -7.217    10.717 r  u_clk_wiz/inst/mmcm_adv_inst/CLKOUT1
                         net (fo=2, routed)           1.581    12.298    u_clk_wiz/inst/clk_pix_clk_wiz_0
    BUFGCTRL_X0Y0        BUFGCTRL (Prop_bufgctrl_I0_O)
                                                      0.091    12.389 r  u_clk_wiz/inst/clkout2_buf/O
                         net (fo=3196, routed)        1.427    13.817    u_top_airhockey/u_puck_ctl/clk_pix
    SLICE_X34Y25         FDSE                                         r  u_top_airhockey/u_puck_ctl/puck_y_reg[4]/C
                         clock pessimism              0.564    14.380    
                         clock uncertainty           -0.087    14.293    
    SLICE_X34Y25         FDSE (Setup_fdse_C_S)       -0.524    13.769    u_top_airhockey/u_puck_ctl/puck_y_reg[4]
  -------------------------------------------------------------------
                         required time                         13.769    
                         arrival time                         -13.267    
  -------------------------------------------------------------------
                         slack                                  0.502    

Slack (MET) :             0.547ns  (required time - arrival time)
  Source:                 u_top_airhockey/u_puck_ctl/puck_y_reg[1]/C
                            (rising edge-triggered cell FDRE clocked by clk_pix_clk_wiz_0  {rise@0.000ns fall@7.692ns period=15.385ns})
  Destination:            u_top_airhockey/u_puck_ctl/vy_reg[4]/R
                            (rising edge-triggered cell FDRE clocked by clk_pix_clk_wiz_0  {rise@0.000ns fall@7.692ns period=15.385ns})
  Path Group:             clk_pix_clk_wiz_0
  Path Type:              Setup (Max at Slow Process Corner)
  Requirement:            15.385ns  (clk_pix_clk_wiz_0 rise@15.385ns - clk_pix_clk_wiz_0 rise@0.000ns)
  Data Path Delay:        14.287ns  (logic 6.540ns (45.777%)  route 7.747ns (54.223%))
  Logic Levels:           19  (CARRY4=10 LUT2=3 LUT3=1 LUT5=3 LUT6=2)
  Clock Path Skew:        -0.035ns (DCD - SCD + CPR)
    Destination Clock Delay (DCD):    -1.564ns = ( 13.821 - 15.385 ) 
    Source Clock Delay      (SCD):    -0.966ns
    Clock Pessimism Removal (CPR):    0.564ns
  Clock Uncertainty:      0.087ns  ((TSJ^2 + DJ^2)^1/2) / 2 + PE
    Total System Jitter     (TSJ):    0.071ns
    Discrete Jitter          (DJ):    0.159ns
    Phase Error              (PE):    0.000ns

    Location             Delay type                Incr(ns)  Path(ns)    Netlist Resource(s)
  -------------------------------------------------------------------    -------------------
                         (clock clk_pix_clk_wiz_0 rise edge)
                                                      0.000     0.000 r  
    W5                                                0.000     0.000 r  clk (IN)
                         net (fo=0)                   0.000     0.000    u_clk_wiz/inst/clk
    W5                   IBUF (Prop_ibuf_I_O)         1.458     1.458 r  u_clk_wiz/inst/clkin1_ibufg/O
                         net (fo=1, routed)           1.233     2.691    u_clk_wiz/inst/clk_clk_wiz_0
    MMCME2_ADV_X1Y0      MMCME2_ADV (Prop_mmcme2_adv_CLKIN1_CLKOUT1)
                                                     -6.961    -4.269 r  u_clk_wiz/inst/mmcm_adv_inst/CLKOUT1
                         net (fo=2, routed)           1.661    -2.608    u_clk_wiz/inst/clk_pix_clk_wiz_0
    BUFGCTRL_X0Y0        BUFGCTRL (Prop_bufgctrl_I0_O)
                                                      0.096    -2.512 r  u_clk_wiz/inst/clkout2_buf/O
                         net (fo=3196, routed)        1.546    -0.966    u_top_airhockey/u_puck_ctl/clk_pix
    SLICE_X35Y23         FDRE                                         r  u_top_airhockey/u_puck_ctl/puck_y_reg[1]/C
  -------------------------------------------------------------------    -------------------
    SLICE_X35Y23         FDRE (Prop_fdre_C_Q)         0.419    -0.547 r  u_top_airhockey/u_puck_ctl/puck_y_reg[1]/Q
                         net (fo=13, routed)          0.725     0.178    u_top_airhockey/u_puck_ctl/local_puck_y[1]
    SLICE_X34Y24         LUT2 (Prop_lut2_I0_O)        0.299     0.477 r  u_top_airhockey/u_puck_ctl/puck_y[3]_i_5/O
                         net (fo=1, routed)           0.000     0.477    u_top_airhockey/u_puck_ctl/puck_y[3]_i_5_n_0
    SLICE_X34Y24         CARRY4 (Prop_carry4_S[1]_CO[3])
                                                      0.533     1.010 r  u_top_airhockey/u_puck_ctl/puck_y_reg[3]_i_2/CO[3]
                         net (fo=1, routed)           0.009     1.019    u_top_airhockey/u_puck_ctl/puck_y_reg[3]_i_2_n_0
    SLICE_X34Y25         CARRY4 (Prop_carry4_CI_O[1])
                                                      0.323     1.342 r  u_top_airhockey/u_puck_ctl/puck_y_reg[7]_i_2/O[1]
                         net (fo=21, routed)          0.738     2.081    u_puck_ctl/ny2[5]
    SLICE_X35Y24         LUT2 (Prop_lut2_I0_O)        0.306     2.387 r  vy[12]_i_49/O
                         net (fo=1, routed)           0.000     2.387    vy[12]_i_49_n_0
    SLICE_X35Y24         CARRY4 (Prop_carry4_S[1]_CO[3])
                                                      0.550     2.937 r  vy_reg[12]_i_17/CO[3]
                         net (fo=1, routed)           0.009     2.946    vy_reg[12]_i_17_n_0
    SLICE_X35Y25         CARRY4 (Prop_carry4_CI_CO[1])
                                                      0.157     3.103 f  vy_reg[12]_i_5/CO[1]
                         net (fo=130, routed)         0.951     4.053    vy_reg[12]_i_5_n_2
    SLICE_X36Y26         LUT3 (Prop_lut3_I2_O)        0.329     4.382 r  vx[0]_i_213/O
                         net (fo=1, routed)           0.000     4.382    vx[0]_i_213_n_0
    SLICE_X36Y26         CARRY4 (Prop_carry4_S[1]_CO[3])
                                                      0.550     4.932 r  vx_reg[0]_i_187/CO[3]
                         net (fo=1, routed)           0.000     4.932    vx_reg[0]_i_187_n_0
    SLICE_X36Y27         CARRY4 (Prop_carry4_CI_CO[3])
                                                      0.114     5.046 r  vx_reg[0]_i_148/CO[3]
                         net (fo=1, routed)           0.000     5.046    vx_reg[0]_i_148_n_0
    SLICE_X36Y28         CARRY4 (Prop_carry4_CI_O[1])
                                                      0.334     5.380 f  vx_reg[0]_i_75/O[1]
                         net (fo=4, routed)           0.622     6.003    u_top_airhockey/u_puck_ctl/vx_reg[0]_i_29[1]
    SLICE_X38Y28         LUT2 (Prop_lut2_I0_O)        0.303     6.306 r  u_top_airhockey/u_puck_ctl/vx[0]_i_79/O
                         net (fo=1, routed)           0.000     6.306    u_top_airhockey/u_paddle_local_p1zone/vy[3]_i_4_3[0]
    SLICE_X38Y28         CARRY4 (Prop_carry4_S[1]_CO[2])
                                                      0.574     6.880 r  u_top_airhockey/u_paddle_local_p1zone/vx_reg[0]_i_29/CO[2]
                         net (fo=3, routed)           1.030     7.910    u_top_airhockey/u_paddle_local_p1zone/u_puck_ctl/paddle_hit_return014_in
    SLICE_X29Y34         LUT5 (Prop_lut5_I4_O)        0.310     8.220 r  u_top_airhockey/u_paddle_local_p1zone/vx[0]_i_5/O
                         net (fo=95, routed)          0.906     9.125    u_top_airhockey/u_paddle_local_p1zone/p1_overlap_prev_reg_1
    SLICE_X33Y32         LUT5 (Prop_lut5_I1_O)        0.124     9.249 r  u_top_airhockey/u_paddle_local_p1zone/puck_x[1]_i_1/O
                         net (fo=5, routed)           0.480     9.729    u_top_airhockey/u_paddle_local_p1zone/paddle_x_reg[1]_0
    SLICE_X32Y32         LUT6 (Prop_lut6_I5_O)        0.124     9.853 r  u_top_airhockey/u_paddle_local_p1zone/vx[12]_i_26/O
                         net (fo=2, routed)           0.333    10.186    u_top_airhockey/u_paddle_local_p1zone/vx[12]_i_26_n_0
    SLICE_X31Y32         CARRY4 (Prop_carry4_DI[0]_CO[3])
                                                      0.526    10.712 r  u_top_airhockey/u_paddle_local_p1zone/goal_p1_reg_i_4/CO[3]
                         net (fo=1, routed)           0.000    10.712    u_top_airhockey/u_paddle_local_p1zone/goal_p1_reg_i_4_n_0
    SLICE_X31Y33         CARRY4 (Prop_carry4_CI_CO[2])
                                                      0.228    10.940 r  u_top_airhockey/u_paddle_local_p1zone/goal_p1_reg_i_2/CO[2]
                         net (fo=3, routed)           0.447    11.387    u_top_airhockey/u_game_fsm/puck_x_reg[11]_2[0]
    SLICE_X33Y33         LUT6 (Prop_lut6_I4_O)        0.313    11.700 f  u_top_airhockey/u_game_fsm/vx[12]_i_5/O
                         net (fo=28, routed)          0.700    12.400    u_top_airhockey/u_game_fsm/FSM_sequential_game_state_reg[0]_0
    SLICE_X32Y29         LUT5 (Prop_lut5_I4_O)        0.124    12.524 r  u_top_airhockey/u_game_fsm/vy[12]_i_1/O
                         net (fo=11, routed)          0.798    13.321    u_top_airhockey/u_puck_ctl/vy_reg[1]_0
    SLICE_X33Y22         FDRE                                         r  u_top_airhockey/u_puck_ctl/vy_reg[4]/R
  -------------------------------------------------------------------    -------------------

                         (clock clk_pix_clk_wiz_0 rise edge)
                                                     15.385    15.385 r  
    W5                                                0.000    15.385 r  clk (IN)
                         net (fo=0)                   0.000    15.385    u_clk_wiz/inst/clk
    W5                   IBUF (Prop_ibuf_I_O)         1.388    16.773 r  u_clk_wiz/inst/clkin1_ibufg/O
                         net (fo=1, routed)           1.162    17.935    u_clk_wiz/inst/clk_clk_wiz_0
    MMCME2_ADV_X1Y0      MMCME2_ADV (Prop_mmcme2_adv_CLKIN1_CLKOUT1)
                                                     -7.217    10.717 r  u_clk_wiz/inst/mmcm_adv_inst/CLKOUT1
                         net (fo=2, routed)           1.581    12.298    u_clk_wiz/inst/clk_pix_clk_wiz_0
    BUFGCTRL_X0Y0        BUFGCTRL (Prop_bufgctrl_I0_O)
                                                      0.091    12.389 r  u_clk_wiz/inst/clkout2_buf/O
                         net (fo=3196, routed)        1.431    13.821    u_top_airhockey/u_puck_ctl/clk_pix
    SLICE_X33Y22         FDRE                                         r  u_top_airhockey/u_puck_ctl/vy_reg[4]/C
                         clock pessimism              0.564    14.384    
                         clock uncertainty           -0.087    14.297    
    SLICE_X33Y22         FDRE (Setup_fdre_C_R)       -0.429    13.868    u_top_airhockey/u_puck_ctl/vy_reg[4]
  -------------------------------------------------------------------
                         required time                         13.868    
                         arrival time                         -13.321    
  -------------------------------------------------------------------
                         slack                                  0.547    

Slack (MET) :             0.547ns  (required time - arrival time)
  Source:                 u_top_airhockey/u_puck_ctl/puck_y_reg[1]/C
                            (rising edge-triggered cell FDRE clocked by clk_pix_clk_wiz_0  {rise@0.000ns fall@7.692ns period=15.385ns})
  Destination:            u_top_airhockey/u_puck_ctl/vy_reg[5]/R
                            (rising edge-triggered cell FDRE clocked by clk_pix_clk_wiz_0  {rise@0.000ns fall@7.692ns period=15.385ns})
  Path Group:             clk_pix_clk_wiz_0
  Path Type:              Setup (Max at Slow Process Corner)
  Requirement:            15.385ns  (clk_pix_clk_wiz_0 rise@15.385ns - clk_pix_clk_wiz_0 rise@0.000ns)
  Data Path Delay:        14.287ns  (logic 6.540ns (45.777%)  route 7.747ns (54.223%))
  Logic Levels:           19  (CARRY4=10 LUT2=3 LUT3=1 LUT5=3 LUT6=2)
  Clock Path Skew:        -0.035ns (DCD - SCD + CPR)
    Destination Clock Delay (DCD):    -1.564ns = ( 13.821 - 15.385 ) 
    Source Clock Delay      (SCD):    -0.966ns
    Clock Pessimism Removal (CPR):    0.564ns
  Clock Uncertainty:      0.087ns  ((TSJ^2 + DJ^2)^1/2) / 2 + PE
    Total System Jitter     (TSJ):    0.071ns
    Discrete Jitter          (DJ):    0.159ns
    Phase Error              (PE):    0.000ns

    Location             Delay type                Incr(ns)  Path(ns)    Netlist Resource(s)
  -------------------------------------------------------------------    -------------------
                         (clock clk_pix_clk_wiz_0 rise edge)
                                                      0.000     0.000 r  
    W5                                                0.000     0.000 r  clk (IN)
                         net (fo=0)                   0.000     0.000    u_clk_wiz/inst/clk
    W5                   IBUF (Prop_ibuf_I_O)         1.458     1.458 r  u_clk_wiz/inst/clkin1_ibufg/O
                         net (fo=1, routed)           1.233     2.691    u_clk_wiz/inst/clk_clk_wiz_0
    MMCME2_ADV_X1Y0      MMCME2_ADV (Prop_mmcme2_adv_CLKIN1_CLKOUT1)
                                                     -6.961    -4.269 r  u_clk_wiz/inst/mmcm_adv_inst/CLKOUT1
                         net (fo=2, routed)           1.661    -2.608    u_clk_wiz/inst/clk_pix_clk_wiz_0
    BUFGCTRL_X0Y0        BUFGCTRL (Prop_bufgctrl_I0_O)
                                                      0.096    -2.512 r  u_clk_wiz/inst/clkout2_buf/O
                         net (fo=3196, routed)        1.546    -0.966    u_top_airhockey/u_puck_ctl/clk_pix
    SLICE_X35Y23         FDRE                                         r  u_top_airhockey/u_puck_ctl/puck_y_reg[1]/C
  -------------------------------------------------------------------    -------------------
    SLICE_X35Y23         FDRE (Prop_fdre_C_Q)         0.419    -0.547 r  u_top_airhockey/u_puck_ctl/puck_y_reg[1]/Q
                         net (fo=13, routed)          0.725     0.178    u_top_airhockey/u_puck_ctl/local_puck_y[1]
    SLICE_X34Y24         LUT2 (Prop_lut2_I0_O)        0.299     0.477 r  u_top_airhockey/u_puck_ctl/puck_y[3]_i_5/O
                         net (fo=1, routed)           0.000     0.477    u_top_airhockey/u_puck_ctl/puck_y[3]_i_5_n_0
    SLICE_X34Y24         CARRY4 (Prop_carry4_S[1]_CO[3])
                                                      0.533     1.010 r  u_top_airhockey/u_puck_ctl/puck_y_reg[3]_i_2/CO[3]
                         net (fo=1, routed)           0.009     1.019    u_top_airhockey/u_puck_ctl/puck_y_reg[3]_i_2_n_0
    SLICE_X34Y25         CARRY4 (Prop_carry4_CI_O[1])
                                                      0.323     1.342 r  u_top_airhockey/u_puck_ctl/puck_y_reg[7]_i_2/O[1]
                         net (fo=21, routed)          0.738     2.081    u_puck_ctl/ny2[5]
    SLICE_X35Y24         LUT2 (Prop_lut2_I0_O)        0.306     2.387 r  vy[12]_i_49/O
                         net (fo=1, routed)           0.000     2.387    vy[12]_i_49_n_0
    SLICE_X35Y24         CARRY4 (Prop_carry4_S[1]_CO[3])
                                                      0.550     2.937 r  vy_reg[12]_i_17/CO[3]
                         net (fo=1, routed)           0.009     2.946    vy_reg[12]_i_17_n_0
    SLICE_X35Y25         CARRY4 (Prop_carry4_CI_CO[1])
                                                      0.157     3.103 f  vy_reg[12]_i_5/CO[1]
                         net (fo=130, routed)         0.951     4.053    vy_reg[12]_i_5_n_2
    SLICE_X36Y26         LUT3 (Prop_lut3_I2_O)        0.329     4.382 r  vx[0]_i_213/O
                         net (fo=1, routed)           0.000     4.382    vx[0]_i_213_n_0
    SLICE_X36Y26         CARRY4 (Prop_carry4_S[1]_CO[3])
                                                      0.550     4.932 r  vx_reg[0]_i_187/CO[3]
                         net (fo=1, routed)           0.000     4.932    vx_reg[0]_i_187_n_0
    SLICE_X36Y27         CARRY4 (Prop_carry4_CI_CO[3])
                                                      0.114     5.046 r  vx_reg[0]_i_148/CO[3]
                         net (fo=1, routed)           0.000     5.046    vx_reg[0]_i_148_n_0
    SLICE_X36Y28         CARRY4 (Prop_carry4_CI_O[1])
                                                      0.334     5.380 f  vx_reg[0]_i_75/O[1]
                         net (fo=4, routed)           0.622     6.003    u_top_airhockey/u_puck_ctl/vx_reg[0]_i_29[1]
    SLICE_X38Y28         LUT2 (Prop_lut2_I0_O)        0.303     6.306 r  u_top_airhockey/u_puck_ctl/vx[0]_i_79/O
                         net (fo=1, routed)           0.000     6.306    u_top_airhockey/u_paddle_local_p1zone/vy[3]_i_4_3[0]
    SLICE_X38Y28         CARRY4 (Prop_carry4_S[1]_CO[2])
                                                      0.574     6.880 r  u_top_airhockey/u_paddle_local_p1zone/vx_reg[0]_i_29/CO[2]
                         net (fo=3, routed)           1.030     7.910    u_top_airhockey/u_paddle_local_p1zone/u_puck_ctl/paddle_hit_return014_in
    SLICE_X29Y34         LUT5 (Prop_lut5_I4_O)        0.310     8.220 r  u_top_airhockey/u_paddle_local_p1zone/vx[0]_i_5/O
                         net (fo=95, routed)          0.906     9.125    u_top_airhockey/u_paddle_local_p1zone/p1_overlap_prev_reg_1
    SLICE_X33Y32         LUT5 (Prop_lut5_I1_O)        0.124     9.249 r  u_top_airhockey/u_paddle_local_p1zone/puck_x[1]_i_1/O
                         net (fo=5, routed)           0.480     9.729    u_top_airhockey/u_paddle_local_p1zone/paddle_x_reg[1]_0
    SLICE_X32Y32         LUT6 (Prop_lut6_I5_O)        0.124     9.853 r  u_top_airhockey/u_paddle_local_p1zone/vx[12]_i_26/O
                         net (fo=2, routed)           0.333    10.186    u_top_airhockey/u_paddle_local_p1zone/vx[12]_i_26_n_0
    SLICE_X31Y32         CARRY4 (Prop_carry4_DI[0]_CO[3])
                                                      0.526    10.712 r  u_top_airhockey/u_paddle_local_p1zone/goal_p1_reg_i_4/CO[3]
                         net (fo=1, routed)           0.000    10.712    u_top_airhockey/u_paddle_local_p1zone/goal_p1_reg_i_4_n_0
    SLICE_X31Y33         CARRY4 (Prop_carry4_CI_CO[2])
                                                      0.228    10.940 r  u_top_airhockey/u_paddle_local_p1zone/goal_p1_reg_i_2/CO[2]
                         net (fo=3, routed)           0.447    11.387    u_top_airhockey/u_game_fsm/puck_x_reg[11]_2[0]
    SLICE_X33Y33         LUT6 (Prop_lut6_I4_O)        0.313    11.700 f  u_top_airhockey/u_game_fsm/vx[12]_i_5/O
                         net (fo=28, routed)          0.700    12.400    u_top_airhockey/u_game_fsm/FSM_sequential_game_state_reg[0]_0
    SLICE_X32Y29         LUT5 (Prop_lut5_I4_O)        0.124    12.524 r  u_top_airhockey/u_game_fsm/vy[12]_i_1/O
                         net (fo=11, routed)          0.798    13.321    u_top_airhockey/u_puck_ctl/vy_reg[1]_0
    SLICE_X33Y22         FDRE                                         r  u_top_airhockey/u_puck_ctl/vy_reg[5]/R
  -------------------------------------------------------------------    -------------------

                         (clock clk_pix_clk_wiz_0 rise edge)
                                                     15.385    15.385 r  
    W5                                                0.000    15.385 r  clk (IN)
                         net (fo=0)                   0.000    15.385    u_clk_wiz/inst/clk
    W5                   IBUF (Prop_ibuf_I_O)         1.388    16.773 r  u_clk_wiz/inst/clkin1_ibufg/O
                         net (fo=1, routed)           1.162    17.935    u_clk_wiz/inst/clk_clk_wiz_0
    MMCME2_ADV_X1Y0      MMCME2_ADV (Prop_mmcme2_adv_CLKIN1_CLKOUT1)
                                                     -7.217    10.717 r  u_clk_wiz/inst/mmcm_adv_inst/CLKOUT1
                         net (fo=2, routed)           1.581    12.298    u_clk_wiz/inst/clk_pix_clk_wiz_0
    BUFGCTRL_X0Y0        BUFGCTRL (Prop_bufgctrl_I0_O)
                                                      0.091    12.389 r  u_clk_wiz/inst/clkout2_buf/O
                         net (fo=3196, routed)        1.431    13.821    u_top_airhockey/u_puck_ctl/clk_pix
    SLICE_X33Y22         FDRE                                         r  u_top_airhockey/u_puck_ctl/vy_reg[5]/C
                         clock pessimism              0.564    14.384    
                         clock uncertainty           -0.087    14.297    
    SLICE_X33Y22         FDRE (Setup_fdre_C_R)       -0.429    13.868    u_top_airhockey/u_puck_ctl/vy_reg[5]
  -------------------------------------------------------------------
                         required time                         13.868    
                         arrival time                         -13.321    
  -------------------------------------------------------------------
                         slack                                  0.547    

Slack (MET) :             0.555ns  (required time - arrival time)
  Source:                 u_top_airhockey/u_puck_ctl/puck_y_reg[1]/C
                            (rising edge-triggered cell FDRE clocked by clk_pix_clk_wiz_0  {rise@0.000ns fall@7.692ns period=15.385ns})
  Destination:            u_top_airhockey/u_puck_ctl/puck_x_reg[11]/R
                            (rising edge-triggered cell FDRE clocked by clk_pix_clk_wiz_0  {rise@0.000ns fall@7.692ns period=15.385ns})
  Path Group:             clk_pix_clk_wiz_0
  Path Type:              Setup (Max at Slow Process Corner)
  Requirement:            15.385ns  (clk_pix_clk_wiz_0 rise@15.385ns - clk_pix_clk_wiz_0 rise@0.000ns)
  Data Path Delay:        14.215ns  (logic 6.540ns (46.007%)  route 7.675ns (53.993%))
  Logic Levels:           19  (CARRY4=10 LUT2=3 LUT3=1 LUT5=2 LUT6=3)
  Clock Path Skew:        -0.098ns (DCD - SCD + CPR)
    Destination Clock Delay (DCD):    -1.555ns = ( 13.830 - 15.385 ) 
    Source Clock Delay      (SCD):    -0.966ns
    Clock Pessimism Removal (CPR):    0.492ns
  Clock Uncertainty:      0.087ns  ((TSJ^2 + DJ^2)^1/2) / 2 + PE
    Total System Jitter     (TSJ):    0.071ns
    Discrete Jitter          (DJ):    0.159ns
    Phase Error              (PE):    0.000ns

    Location             Delay type                Incr(ns)  Path(ns)    Netlist Resource(s)
  -------------------------------------------------------------------    -------------------
                         (clock clk_pix_clk_wiz_0 rise edge)
                                                      0.000     0.000 r  
    W5                                                0.000     0.000 r  clk (IN)
                         net (fo=0)                   0.000     0.000    u_clk_wiz/inst/clk
    W5                   IBUF (Prop_ibuf_I_O)         1.458     1.458 r  u_clk_wiz/inst/clkin1_ibufg/O
                         net (fo=1, routed)           1.233     2.691    u_clk_wiz/inst/clk_clk_wiz_0
    MMCME2_ADV_X1Y0      MMCME2_ADV (Prop_mmcme2_adv_CLKIN1_CLKOUT1)
                                                     -6.961    -4.269 r  u_clk_wiz/inst/mmcm_adv_inst/CLKOUT1
                         net (fo=2, routed)           1.661    -2.608    u_clk_wiz/inst/clk_pix_clk_wiz_0
    BUFGCTRL_X0Y0        BUFGCTRL (Prop_bufgctrl_I0_O)
                                                      0.096    -2.512 r  u_clk_wiz/inst/clkout2_buf/O
                         net (fo=3196, routed)        1.546    -0.966    u_top_airhockey/u_puck_ctl/clk_pix
    SLICE_X35Y23         FDRE                                         r  u_top_airhockey/u_puck_ctl/puck_y_reg[1]/C
  -------------------------------------------------------------------    -------------------
    SLICE_X35Y23         FDRE (Prop_fdre_C_Q)         0.419    -0.547 r  u_top_airhockey/u_puck_ctl/puck_y_reg[1]/Q
                         net (fo=13, routed)          0.725     0.178    u_top_airhockey/u_puck_ctl/local_puck_y[1]
    SLICE_X34Y24         LUT2 (Prop_lut2_I0_O)        0.299     0.477 r  u_top_airhockey/u_puck_ctl/puck_y[3]_i_5/O
                         net (fo=1, routed)           0.000     0.477    u_top_airhockey/u_puck_ctl/puck_y[3]_i_5_n_0
    SLICE_X34Y24         CARRY4 (Prop_carry4_S[1]_CO[3])
                                                      0.533     1.010 r  u_top_airhockey/u_puck_ctl/puck_y_reg[3]_i_2/CO[3]
                         net (fo=1, routed)           0.009     1.019    u_top_airhockey/u_puck_ctl/puck_y_reg[3]_i_2_n_0
    SLICE_X34Y25         CARRY4 (Prop_carry4_CI_O[1])
                                                      0.323     1.342 r  u_top_airhockey/u_puck_ctl/puck_y_reg[7]_i_2/O[1]
                         net (fo=21, routed)          0.738     2.081    u_puck_ctl/ny2[5]
    SLICE_X35Y24         LUT2 (Prop_lut2_I0_O)        0.306     2.387 r  vy[12]_i_49/O
                         net (fo=1, routed)           0.000     2.387    vy[12]_i_49_n_0
    SLICE_X35Y24         CARRY4 (Prop_carry4_S[1]_CO[3])
                                                      0.550     2.937 r  vy_reg[12]_i_17/CO[3]
                         net (fo=1, routed)           0.009     2.946    vy_reg[12]_i_17_n_0
    SLICE_X35Y25         CARRY4 (Prop_carry4_CI_CO[1])
                                                      0.157     3.103 f  vy_reg[12]_i_5/CO[1]
                         net (fo=130, routed)         0.951     4.053    vy_reg[12]_i_5_n_2
    SLICE_X36Y26         LUT3 (Prop_lut3_I2_O)        0.329     4.382 r  vx[0]_i_213/O
                         net (fo=1, routed)           0.000     4.382    vx[0]_i_213_n_0
    SLICE_X36Y26         CARRY4 (Prop_carry4_S[1]_CO[3])
                                                      0.550     4.932 r  vx_reg[0]_i_187/CO[3]
                         net (fo=1, routed)           0.000     4.932    vx_reg[0]_i_187_n_0
    SLICE_X36Y27         CARRY4 (Prop_carry4_CI_CO[3])
                                                      0.114     5.046 r  vx_reg[0]_i_148/CO[3]
                         net (fo=1, routed)           0.000     5.046    vx_reg[0]_i_148_n_0
    SLICE_X36Y28         CARRY4 (Prop_carry4_CI_O[1])
                                                      0.334     5.380 f  vx_reg[0]_i_75/O[1]
                         net (fo=4, routed)           0.622     6.003    u_top_airhockey/u_puck_ctl/vx_reg[0]_i_29[1]
    SLICE_X38Y28         LUT2 (Prop_lut2_I0_O)        0.303     6.306 r  u_top_airhockey/u_puck_ctl/vx[0]_i_79/O
                         net (fo=1, routed)           0.000     6.306    u_top_airhockey/u_paddle_local_p1zone/vy[3]_i_4_3[0]
    SLICE_X38Y28         CARRY4 (Prop_carry4_S[1]_CO[2])
                                                      0.574     6.880 r  u_top_airhockey/u_paddle_local_p1zone/vx_reg[0]_i_29/CO[2]
                         net (fo=3, routed)           1.030     7.910    u_top_airhockey/u_paddle_local_p1zone/u_puck_ctl/paddle_hit_return014_in
    SLICE_X29Y34         LUT5 (Prop_lut5_I4_O)        0.310     8.220 r  u_top_airhockey/u_paddle_local_p1zone/vx[0]_i_5/O
                         net (fo=95, routed)          0.906     9.125    u_top_airhockey/u_paddle_local_p1zone/p1_overlap_prev_reg_1
    SLICE_X33Y32         LUT5 (Prop_lut5_I1_O)        0.124     9.249 r  u_top_airhockey/u_paddle_local_p1zone/puck_x[1]_i_1/O
                         net (fo=5, routed)           0.480     9.729    u_top_airhockey/u_paddle_local_p1zone/paddle_x_reg[1]_0
    SLICE_X32Y32         LUT6 (Prop_lut6_I5_O)        0.124     9.853 r  u_top_airhockey/u_paddle_local_p1zone/vx[12]_i_26/O
                         net (fo=2, routed)           0.333    10.186    u_top_airhockey/u_paddle_local_p1zone/vx[12]_i_26_n_0
    SLICE_X31Y32         CARRY4 (Prop_carry4_DI[0]_CO[3])
                                                      0.526    10.712 r  u_top_airhockey/u_paddle_local_p1zone/goal_p1_reg_i_4/CO[3]
                         net (fo=1, routed)           0.000    10.712    u_top_airhockey/u_paddle_local_p1zone/goal_p1_reg_i_4_n_0
    SLICE_X31Y33         CARRY4 (Prop_carry4_CI_CO[2])
                                                      0.228    10.940 r  u_top_airhockey/u_paddle_local_p1zone/goal_p1_reg_i_2/CO[2]
                         net (fo=3, routed)           0.447    11.387    u_top_airhockey/u_game_fsm/puck_x_reg[11]_2[0]
    SLICE_X33Y33         LUT6 (Prop_lut6_I4_O)        0.313    11.700 f  u_top_airhockey/u_game_fsm/vx[12]_i_5/O
                         net (fo=28, routed)          0.772    12.472    u_top_airhockey/u_game_fsm/FSM_sequential_game_state_reg[0]_0
    SLICE_X35Y34         LUT6 (Prop_lut6_I0_O)        0.124    12.596 r  u_top_airhockey/u_game_fsm/puck_x[11]_i_1/O
                         net (fo=4, routed)           0.654    13.250    u_top_airhockey/u_puck_ctl/puck_x_reg[11]_4
    SLICE_X36Y35         FDRE                                         r  u_top_airhockey/u_puck_ctl/puck_x_reg[11]/R
  -------------------------------------------------------------------    -------------------

                         (clock clk_pix_clk_wiz_0 rise edge)
                                                     15.385    15.385 r  
    W5                                                0.000    15.385 r  clk (IN)
                         net (fo=0)                   0.000    15.385    u_clk_wiz/inst/clk
    W5                   IBUF (Prop_ibuf_I_O)         1.388    16.773 r  u_clk_wiz/inst/clkin1_ibufg/O
                         net (fo=1, routed)           1.162    17.935    u_clk_wiz/inst/clk_clk_wiz_0
    MMCME2_ADV_X1Y0      MMCME2_ADV (Prop_mmcme2_adv_CLKIN1_CLKOUT1)
                                                     -7.217    10.717 r  u_clk_wiz/inst/mmcm_adv_inst/CLKOUT1
                         net (fo=2, routed)           1.581    12.298    u_clk_wiz/inst/clk_pix_clk_wiz_0
    BUFGCTRL_X0Y0        BUFGCTRL (Prop_bufgctrl_I0_O)
                                                      0.091    12.389 r  u_clk_wiz/inst/clkout2_buf/O
                         net (fo=3196, routed)        1.440    13.830    u_top_airhockey/u_puck_ctl/clk_pix
    SLICE_X36Y35         FDRE                                         r  u_top_airhockey/u_puck_ctl/puck_x_reg[11]/C
                         clock pessimism              0.492    14.321    
                         clock uncertainty           -0.087    14.234    
    SLICE_X36Y35         FDRE (Setup_fdre_C_R)       -0.429    13.805    u_top_airhockey/u_puck_ctl/puck_x_reg[11]
  -------------------------------------------------------------------
                         required time                         13.805    
                         arrival time                         -13.250    
  -------------------------------------------------------------------
                         slack                                  0.555    

Slack (MET) :             0.564ns  (required time - arrival time)
  Source:                 u_top_airhockey/u_puck_ctl/puck_y_reg[1]/C
                            (rising edge-triggered cell FDRE clocked by clk_pix_clk_wiz_0  {rise@0.000ns fall@7.692ns period=15.385ns})
  Destination:            u_top_airhockey/u_puck_ctl/puck_y_reg[2]/S
                            (rising edge-triggered cell FDSE clocked by clk_pix_clk_wiz_0  {rise@0.000ns fall@7.692ns period=15.385ns})
  Path Group:             clk_pix_clk_wiz_0
  Path Type:              Setup (Max at Slow Process Corner)
  Requirement:            15.385ns  (clk_pix_clk_wiz_0 rise@15.385ns - clk_pix_clk_wiz_0 rise@0.000ns)
  Data Path Delay:        14.280ns  (logic 6.540ns (45.797%)  route 7.740ns (54.203%))
  Logic Levels:           19  (CARRY4=10 LUT2=3 LUT3=1 LUT5=3 LUT6=2)
  Clock Path Skew:        -0.024ns (DCD - SCD + CPR)
    Destination Clock Delay (DCD):    -1.568ns = ( 13.817 - 15.385 ) 
    Source Clock Delay      (SCD):    -0.966ns
    Clock Pessimism Removal (CPR):    0.579ns
  Clock Uncertainty:      0.087ns  ((TSJ^2 + DJ^2)^1/2) / 2 + PE
    Total System Jitter     (TSJ):    0.071ns
    Discrete Jitter          (DJ):    0.159ns
    Phase Error              (PE):    0.000ns

    Location             Delay type                Incr(ns)  Path(ns)    Netlist Resource(s)
  -------------------------------------------------------------------    -------------------
                         (clock clk_pix_clk_wiz_0 rise edge)
                                                      0.000     0.000 r  
    W5                                                0.000     0.000 r  clk (IN)
                         net (fo=0)                   0.000     0.000    u_clk_wiz/inst/clk
    W5                   IBUF (Prop_ibuf_I_O)         1.458     1.458 r  u_clk_wiz/inst/clkin1_ibufg/O
                         net (fo=1, routed)           1.233     2.691    u_clk_wiz/inst/clk_clk_wiz_0
    MMCME2_ADV_X1Y0      MMCME2_ADV (Prop_mmcme2_adv_CLKIN1_CLKOUT1)
                                                     -6.961    -4.269 r  u_clk_wiz/inst/mmcm_adv_inst/CLKOUT1
                         net (fo=2, routed)           1.661    -2.608    u_clk_wiz/inst/clk_pix_clk_wiz_0
    BUFGCTRL_X0Y0        BUFGCTRL (Prop_bufgctrl_I0_O)
                                                      0.096    -2.512 r  u_clk_wiz/inst/clkout2_buf/O
                         net (fo=3196, routed)        1.546    -0.966    u_top_airhockey/u_puck_ctl/clk_pix
    SLICE_X35Y23         FDRE                                         r  u_top_airhockey/u_puck_ctl/puck_y_reg[1]/C
  -------------------------------------------------------------------    -------------------
    SLICE_X35Y23         FDRE (Prop_fdre_C_Q)         0.419    -0.547 r  u_top_airhockey/u_puck_ctl/puck_y_reg[1]/Q
                         net (fo=13, routed)          0.725     0.178    u_top_airhockey/u_puck_ctl/local_puck_y[1]
    SLICE_X34Y24         LUT2 (Prop_lut2_I0_O)        0.299     0.477 r  u_top_airhockey/u_puck_ctl/puck_y[3]_i_5/O
                         net (fo=1, routed)           0.000     0.477    u_top_airhockey/u_puck_ctl/puck_y[3]_i_5_n_0
    SLICE_X34Y24         CARRY4 (Prop_carry4_S[1]_CO[3])
                                                      0.533     1.010 r  u_top_airhockey/u_puck_ctl/puck_y_reg[3]_i_2/CO[3]
                         net (fo=1, routed)           0.009     1.019    u_top_airhockey/u_puck_ctl/puck_y_reg[3]_i_2_n_0
    SLICE_X34Y25         CARRY4 (Prop_carry4_CI_O[1])
                                                      0.323     1.342 r  u_top_airhockey/u_puck_ctl/puck_y_reg[7]_i_2/O[1]
                         net (fo=21, routed)          0.738     2.081    u_puck_ctl/ny2[5]
    SLICE_X35Y24         LUT2 (Prop_lut2_I0_O)        0.306     2.387 r  vy[12]_i_49/O
                         net (fo=1, routed)           0.000     2.387    vy[12]_i_49_n_0
    SLICE_X35Y24         CARRY4 (Prop_carry4_S[1]_CO[3])
                                                      0.550     2.937 r  vy_reg[12]_i_17/CO[3]
                         net (fo=1, routed)           0.009     2.946    vy_reg[12]_i_17_n_0
    SLICE_X35Y25         CARRY4 (Prop_carry4_CI_CO[1])
                                                      0.157     3.103 f  vy_reg[12]_i_5/CO[1]
                         net (fo=130, routed)         0.951     4.053    vy_reg[12]_i_5_n_2
    SLICE_X36Y26         LUT3 (Prop_lut3_I2_O)        0.329     4.382 r  vx[0]_i_213/O
                         net (fo=1, routed)           0.000     4.382    vx[0]_i_213_n_0
    SLICE_X36Y26         CARRY4 (Prop_carry4_S[1]_CO[3])
                                                      0.550     4.932 r  vx_reg[0]_i_187/CO[3]
                         net (fo=1, routed)           0.000     4.932    vx_reg[0]_i_187_n_0
    SLICE_X36Y27         CARRY4 (Prop_carry4_CI_CO[3])
                                                      0.114     5.046 r  vx_reg[0]_i_148/CO[3]
                         net (fo=1, routed)           0.000     5.046    vx_reg[0]_i_148_n_0
    SLICE_X36Y28         CARRY4 (Prop_carry4_CI_O[1])
                                                      0.334     5.380 f  vx_reg[0]_i_75/O[1]
                         net (fo=4, routed)           0.622     6.003    u_top_airhockey/u_puck_ctl/vx_reg[0]_i_29[1]
    SLICE_X38Y28         LUT2 (Prop_lut2_I0_O)        0.303     6.306 r  u_top_airhockey/u_puck_ctl/vx[0]_i_79/O
                         net (fo=1, routed)           0.000     6.306    u_top_airhockey/u_paddle_local_p1zone/vy[3]_i_4_3[0]
    SLICE_X38Y28         CARRY4 (Prop_carry4_S[1]_CO[2])
                                                      0.574     6.880 r  u_top_airhockey/u_paddle_local_p1zone/vx_reg[0]_i_29/CO[2]
                         net (fo=3, routed)           1.030     7.910    u_top_airhockey/u_paddle_local_p1zone/u_puck_ctl/paddle_hit_return014_in
    SLICE_X29Y34         LUT5 (Prop_lut5_I4_O)        0.310     8.220 r  u_top_airhockey/u_paddle_local_p1zone/vx[0]_i_5/O
                         net (fo=95, routed)          0.906     9.125    u_top_airhockey/u_paddle_local_p1zone/p1_overlap_prev_reg_1
    SLICE_X33Y32         LUT5 (Prop_lut5_I1_O)        0.124     9.249 r  u_top_airhockey/u_paddle_local_p1zone/puck_x[1]_i_1/O
                         net (fo=5, routed)           0.480     9.729    u_top_airhockey/u_paddle_local_p1zone/paddle_x_reg[1]_0
    SLICE_X32Y32         LUT6 (Prop_lut6_I5_O)        0.124     9.853 r  u_top_airhockey/u_paddle_local_p1zone/vx[12]_i_26/O
                         net (fo=2, routed)           0.333    10.186    u_top_airhockey/u_paddle_local_p1zone/vx[12]_i_26_n_0
    SLICE_X31Y32         CARRY4 (Prop_carry4_DI[0]_CO[3])
                                                      0.526    10.712 r  u_top_airhockey/u_paddle_local_p1zone/goal_p1_reg_i_4/CO[3]
                         net (fo=1, routed)           0.000    10.712    u_top_airhockey/u_paddle_local_p1zone/goal_p1_reg_i_4_n_0
    SLICE_X31Y33         CARRY4 (Prop_carry4_CI_CO[2])
                                                      0.228    10.940 r  u_top_airhockey/u_paddle_local_p1zone/goal_p1_reg_i_2/CO[2]
                         net (fo=3, routed)           0.447    11.387    u_top_airhockey/u_game_fsm/puck_x_reg[11]_2[0]
    SLICE_X33Y33         LUT6 (Prop_lut6_I4_O)        0.313    11.700 f  u_top_airhockey/u_game_fsm/vx[12]_i_5/O
                         net (fo=28, routed)          0.583    12.282    u_top_airhockey/u_game_fsm/FSM_sequential_game_state_reg[0]_0
    SLICE_X35Y27         LUT5 (Prop_lut5_I4_O)        0.124    12.406 r  u_top_airhockey/u_game_fsm/puck_y[11]_i_1/O
                         net (fo=12, routed)          0.909    13.315    u_top_airhockey/u_puck_ctl/puck_y_reg[2]_0
    SLICE_X35Y24         FDSE                                         r  u_top_airhockey/u_puck_ctl/puck_y_reg[2]/S
  -------------------------------------------------------------------    -------------------

                         (clock clk_pix_clk_wiz_0 rise edge)
                                                     15.385    15.385 r  
    W5                                                0.000    15.385 r  clk (IN)
                         net (fo=0)                   0.000    15.385    u_clk_wiz/inst/clk
    W5                   IBUF (Prop_ibuf_I_O)         1.388    16.773 r  u_clk_wiz/inst/clkin1_ibufg/O
                         net (fo=1, routed)           1.162    17.935    u_clk_wiz/inst/clk_clk_wiz_0
    MMCME2_ADV_X1Y0      MMCME2_ADV (Prop_mmcme2_adv_CLKIN1_CLKOUT1)
                                                     -7.217    10.717 r  u_clk_wiz/inst/mmcm_adv_inst/CLKOUT1
                         net (fo=2, routed)           1.581    12.298    u_clk_wiz/inst/clk_pix_clk_wiz_0
    BUFGCTRL_X0Y0        BUFGCTRL (Prop_bufgctrl_I0_O)
                                                      0.091    12.389 r  u_clk_wiz/inst/clkout2_buf/O
                         net (fo=3196, routed)        1.427    13.817    u_top_airhockey/u_puck_ctl/clk_pix
    SLICE_X35Y24         FDSE                                         r  u_top_airhockey/u_puck_ctl/puck_y_reg[2]/C
                         clock pessimism              0.579    14.395    
                         clock uncertainty           -0.087    14.308    
    SLICE_X35Y24         FDSE (Setup_fdse_C_S)       -0.429    13.879    u_top_airhockey/u_puck_ctl/puck_y_reg[2]
  -------------------------------------------------------------------
                         required time                         13.879    
                         arrival time                         -13.315    
  -------------------------------------------------------------------
                         slack                                  0.564    

Slack (MET) :             0.565ns  (required time - arrival time)
  Source:                 u_top_airhockey/u_puck_ctl/puck_y_reg[1]/C
                            (rising edge-triggered cell FDRE clocked by clk_pix_clk_wiz_0  {rise@0.000ns fall@7.692ns period=15.385ns})
  Destination:            u_top_airhockey/u_puck_ctl/puck_y_reg[0]/R
                            (rising edge-triggered cell FDRE clocked by clk_pix_clk_wiz_0  {rise@0.000ns fall@7.692ns period=15.385ns})
  Path Group:             clk_pix_clk_wiz_0
  Path Type:              Setup (Max at Slow Process Corner)
  Requirement:            15.385ns  (clk_pix_clk_wiz_0 rise@15.385ns - clk_pix_clk_wiz_0 rise@0.000ns)
  Data Path Delay:        14.304ns  (logic 6.540ns (45.723%)  route 7.764ns (54.277%))
  Logic Levels:           19  (CARRY4=10 LUT2=3 LUT3=1 LUT5=3 LUT6=2)
  Clock Path Skew:        0.000ns (DCD - SCD + CPR)
    Destination Clock Delay (DCD):    -1.566ns = ( 13.819 - 15.385 ) 
    Source Clock Delay      (SCD):    -0.966ns
    Clock Pessimism Removal (CPR):    0.601ns
  Clock Uncertainty:      0.087ns  ((TSJ^2 + DJ^2)^1/2) / 2 + PE
    Total System Jitter     (TSJ):    0.071ns
    Discrete Jitter          (DJ):    0.159ns
    Phase Error              (PE):    0.000ns

    Location             Delay type                Incr(ns)  Path(ns)    Netlist Resource(s)
  -------------------------------------------------------------------    -------------------
                         (clock clk_pix_clk_wiz_0 rise edge)
                                                      0.000     0.000 r  
    W5                                                0.000     0.000 r  clk (IN)
                         net (fo=0)                   0.000     0.000    u_clk_wiz/inst/clk
    W5                   IBUF (Prop_ibuf_I_O)         1.458     1.458 r  u_clk_wiz/inst/clkin1_ibufg/O
                         net (fo=1, routed)           1.233     2.691    u_clk_wiz/inst/clk_clk_wiz_0
    MMCME2_ADV_X1Y0      MMCME2_ADV (Prop_mmcme2_adv_CLKIN1_CLKOUT1)
                                                     -6.961    -4.269 r  u_clk_wiz/inst/mmcm_adv_inst/CLKOUT1
                         net (fo=2, routed)           1.661    -2.608    u_clk_wiz/inst/clk_pix_clk_wiz_0
    BUFGCTRL_X0Y0        BUFGCTRL (Prop_bufgctrl_I0_O)
                                                      0.096    -2.512 r  u_clk_wiz/inst/clkout2_buf/O
                         net (fo=3196, routed)        1.546    -0.966    u_top_airhockey/u_puck_ctl/clk_pix
    SLICE_X35Y23         FDRE                                         r  u_top_airhockey/u_puck_ctl/puck_y_reg[1]/C
  -------------------------------------------------------------------    -------------------
    SLICE_X35Y23         FDRE (Prop_fdre_C_Q)         0.419    -0.547 r  u_top_airhockey/u_puck_ctl/puck_y_reg[1]/Q
                         net (fo=13, routed)          0.725     0.178    u_top_airhockey/u_puck_ctl/local_puck_y[1]
    SLICE_X34Y24         LUT2 (Prop_lut2_I0_O)        0.299     0.477 r  u_top_airhockey/u_puck_ctl/puck_y[3]_i_5/O
                         net (fo=1, routed)           0.000     0.477    u_top_airhockey/u_puck_ctl/puck_y[3]_i_5_n_0
    SLICE_X34Y24         CARRY4 (Prop_carry4_S[1]_CO[3])
                                                      0.533     1.010 r  u_top_airhockey/u_puck_ctl/puck_y_reg[3]_i_2/CO[3]
                         net (fo=1, routed)           0.009     1.019    u_top_airhockey/u_puck_ctl/puck_y_reg[3]_i_2_n_0
    SLICE_X34Y25         CARRY4 (Prop_carry4_CI_O[1])
                                                      0.323     1.342 r  u_top_airhockey/u_puck_ctl/puck_y_reg[7]_i_2/O[1]
                         net (fo=21, routed)          0.738     2.081    u_puck_ctl/ny2[5]
    SLICE_X35Y24         LUT2 (Prop_lut2_I0_O)        0.306     2.387 r  vy[12]_i_49/O
                         net (fo=1, routed)           0.000     2.387    vy[12]_i_49_n_0
    SLICE_X35Y24         CARRY4 (Prop_carry4_S[1]_CO[3])
                                                      0.550     2.937 r  vy_reg[12]_i_17/CO[3]
                         net (fo=1, routed)           0.009     2.946    vy_reg[12]_i_17_n_0
    SLICE_X35Y25         CARRY4 (Prop_carry4_CI_CO[1])
                                                      0.157     3.103 f  vy_reg[12]_i_5/CO[1]
                         net (fo=130, routed)         0.951     4.053    vy_reg[12]_i_5_n_2
    SLICE_X36Y26         LUT3 (Prop_lut3_I2_O)        0.329     4.382 r  vx[0]_i_213/O
                         net (fo=1, routed)           0.000     4.382    vx[0]_i_213_n_0
    SLICE_X36Y26         CARRY4 (Prop_carry4_S[1]_CO[3])
                                                      0.550     4.932 r  vx_reg[0]_i_187/CO[3]
                         net (fo=1, routed)           0.000     4.932    vx_reg[0]_i_187_n_0
    SLICE_X36Y27         CARRY4 (Prop_carry4_CI_CO[3])
                                                      0.114     5.046 r  vx_reg[0]_i_148/CO[3]
                         net (fo=1, routed)           0.000     5.046    vx_reg[0]_i_148_n_0
    SLICE_X36Y28         CARRY4 (Prop_carry4_CI_O[1])
                                                      0.334     5.380 f  vx_reg[0]_i_75/O[1]
                         net (fo=4, routed)           0.622     6.003    u_top_airhockey/u_puck_ctl/vx_reg[0]_i_29[1]
    SLICE_X38Y28         LUT2 (Prop_lut2_I0_O)        0.303     6.306 r  u_top_airhockey/u_puck_ctl/vx[0]_i_79/O
                         net (fo=1, routed)           0.000     6.306    u_top_airhockey/u_paddle_local_p1zone/vy[3]_i_4_3[0]
    SLICE_X38Y28         CARRY4 (Prop_carry4_S[1]_CO[2])
                                                      0.574     6.880 r  u_top_airhockey/u_paddle_local_p1zone/vx_reg[0]_i_29/CO[2]
                         net (fo=3, routed)           1.030     7.910    u_top_airhockey/u_paddle_local_p1zone/u_puck_ctl/paddle_hit_return014_in
    SLICE_X29Y34         LUT5 (Prop_lut5_I4_O)        0.310     8.220 r  u_top_airhockey/u_paddle_local_p1zone/vx[0]_i_5/O
                         net (fo=95, routed)          0.906     9.125    u_top_airhockey/u_paddle_local_p1zone/p1_overlap_prev_reg_1
    SLICE_X33Y32         LUT5 (Prop_lut5_I1_O)        0.124     9.249 r  u_top_airhockey/u_paddle_local_p1zone/puck_x[1]_i_1/O
                         net (fo=5, routed)           0.480     9.729    u_top_airhockey/u_paddle_local_p1zone/paddle_x_reg[1]_0
    SLICE_X32Y32         LUT6 (Prop_lut6_I5_O)        0.124     9.853 r  u_top_airhockey/u_paddle_local_p1zone/vx[12]_i_26/O
                         net (fo=2, routed)           0.333    10.186    u_top_airhockey/u_paddle_local_p1zone/vx[12]_i_26_n_0
    SLICE_X31Y32         CARRY4 (Prop_carry4_DI[0]_CO[3])
                                                      0.526    10.712 r  u_top_airhockey/u_paddle_local_p1zone/goal_p1_reg_i_4/CO[3]
                         net (fo=1, routed)           0.000    10.712    u_top_airhockey/u_paddle_local_p1zone/goal_p1_reg_i_4_n_0
    SLICE_X31Y33         CARRY4 (Prop_carry4_CI_CO[2])
                                                      0.228    10.940 r  u_top_airhockey/u_paddle_local_p1zone/goal_p1_reg_i_2/CO[2]
                         net (fo=3, routed)           0.447    11.387    u_top_airhockey/u_game_fsm/puck_x_reg[11]_2[0]
    SLICE_X33Y33         LUT6 (Prop_lut6_I4_O)        0.313    11.700 f  u_top_airhockey/u_game_fsm/vx[12]_i_5/O
                         net (fo=28, routed)          0.583    12.282    u_top_airhockey/u_game_fsm/FSM_sequential_game_state_reg[0]_0
    SLICE_X35Y27         LUT5 (Prop_lut5_I4_O)        0.124    12.406 r  u_top_airhockey/u_game_fsm/puck_y[11]_i_1/O
                         net (fo=12, routed)          0.932    13.338    u_top_airhockey/u_puck_ctl/puck_y_reg[2]_0
    SLICE_X35Y23         FDRE                                         r  u_top_airhockey/u_puck_ctl/puck_y_reg[0]/R
  -------------------------------------------------------------------    -------------------

                         (clock clk_pix_clk_wiz_0 rise edge)
                                                     15.385    15.385 r  
    W5                                                0.000    15.385 r  clk (IN)
                         net (fo=0)                   0.000    15.385    u_clk_wiz/inst/clk
    W5                   IBUF (Prop_ibuf_I_O)         1.388    16.773 r  u_clk_wiz/inst/clkin1_ibufg/O
                         net (fo=1, routed)           1.162    17.935    u_clk_wiz/inst/clk_clk_wiz_0
    MMCME2_ADV_X1Y0      MMCME2_ADV (Prop_mmcme2_adv_CLKIN1_CLKOUT1)
                                                     -7.217    10.717 r  u_clk_wiz/inst/mmcm_adv_inst/CLKOUT1
                         net (fo=2, routed)           1.581    12.298    u_clk_wiz/inst/clk_pix_clk_wiz_0
    BUFGCTRL_X0Y0        BUFGCTRL (Prop_bufgctrl_I0_O)
                                                      0.091    12.389 r  u_clk_wiz/inst/clkout2_buf/O
                         net (fo=3196, routed)        1.429    13.819    u_top_airhockey/u_puck_ctl/clk_pix
    SLICE_X35Y23         FDRE                                         r  u_top_airhockey/u_puck_ctl/puck_y_reg[0]/C
                         clock pessimism              0.601    14.419    
                         clock uncertainty           -0.087    14.332    
    SLICE_X35Y23         FDRE (Setup_fdre_C_R)       -0.429    13.903    u_top_airhockey/u_puck_ctl/puck_y_reg[0]
  -------------------------------------------------------------------
                         required time                         13.903    
                         arrival time                         -13.338    
  -------------------------------------------------------------------
                         slack                                  0.565    





Min Delay Paths
--------------------------------------------------------------------------------------
Slack (MET) :             0.014ns  (arrival time - required time)
  Source:                 u_top_airhockey/u_draw_button/rgb_d2_reg[9]/C
                            (rising edge-triggered cell FDRE clocked by clk_pix_clk_wiz_0  {rise@0.000ns fall@7.692ns period=15.385ns})
  Destination:            u_top_airhockey/u_draw_title/rgb_d1_reg[9]/D
                            (rising edge-triggered cell FDSE clocked by clk_pix_clk_wiz_0  {rise@0.000ns fall@7.692ns period=15.385ns})
  Path Group:             clk_pix_clk_wiz_0
  Path Type:              Hold (Min at Fast Process Corner)
  Requirement:            0.000ns  (clk_pix_clk_wiz_0 rise@0.000ns - clk_pix_clk_wiz_0 rise@0.000ns)
  Data Path Delay:        0.288ns  (logic 0.128ns (44.487%)  route 0.160ns (55.513%))
  Logic Levels:           0  
  Clock Path Skew:        0.267ns (DCD - SCD - CPR)
    Destination Clock Delay (DCD):    -0.859ns
    Source Clock Delay      (SCD):    -0.617ns
    Clock Pessimism Removal (CPR):    -0.508ns

    Location             Delay type                Incr(ns)  Path(ns)    Netlist Resource(s)
  -------------------------------------------------------------------    -------------------
                         (clock clk_pix_clk_wiz_0 rise edge)
                                                      0.000     0.000 r  
    W5                                                0.000     0.000 r  clk (IN)
                         net (fo=0)                   0.000     0.000    u_clk_wiz/inst/clk
    W5                   IBUF (Prop_ibuf_I_O)         0.226     0.226 r  u_clk_wiz/inst/clkin1_ibufg/O
                         net (fo=1, routed)           0.440     0.667    u_clk_wiz/inst/clk_clk_wiz_0
    MMCME2_ADV_X1Y0      MMCME2_ADV (Prop_mmcme2_adv_CLKIN1_CLKOUT1)
                                                     -2.360    -1.693 r  u_clk_wiz/inst/mmcm_adv_inst/CLKOUT1
                         net (fo=2, routed)           0.486    -1.207    u_clk_wiz/inst/clk_pix_clk_wiz_0
    BUFGCTRL_X0Y0        BUFGCTRL (Prop_bufgctrl_I0_O)
                                                      0.026    -1.181 r  u_clk_wiz/inst/clkout2_buf/O
                         net (fo=3196, routed)        0.564    -0.617    u_top_airhockey/u_draw_button/clk_pix
    SLICE_X37Y48         FDRE                                         r  u_top_airhockey/u_draw_button/rgb_d2_reg[9]/C
  -------------------------------------------------------------------    -------------------
    SLICE_X37Y48         FDRE (Prop_fdre_C_Q)         0.128    -0.489 r  u_top_airhockey/u_draw_button/rgb_d2_reg[9]/Q
                         net (fo=1, routed)           0.160    -0.330    u_top_airhockey/u_draw_title/rgb_d1_reg[9]_0[4]
    SLICE_X38Y50         FDSE                                         r  u_top_airhockey/u_draw_title/rgb_d1_reg[9]/D
  -------------------------------------------------------------------    -------------------

                         (clock clk_pix_clk_wiz_0 rise edge)
                                                      0.000     0.000 r  
    W5                                                0.000     0.000 r  clk (IN)
                         net (fo=0)                   0.000     0.000    u_clk_wiz/inst/clk
    W5                   IBUF (Prop_ibuf_I_O)         0.414     0.414 r  u_clk_wiz/inst/clkin1_ibufg/O
                         net (fo=1, routed)           0.480     0.894    u_clk_wiz/inst/clk_clk_wiz_0
    MMCME2_ADV_X1Y0      MMCME2_ADV (Prop_mmcme2_adv_CLKIN1_CLKOUT1)
                                                     -3.142    -2.248 r  u_clk_wiz/inst/mmcm_adv_inst/CLKOUT1
                         net (fo=2, routed)           0.530    -1.718    u_clk_wiz/inst/clk_pix_clk_wiz_0
    BUFGCTRL_X0Y0        BUFGCTRL (Prop_bufgctrl_I0_O)
                                                      0.029    -1.689 r  u_clk_wiz/inst/clkout2_buf/O
                         net (fo=3196, routed)        0.830    -0.859    u_top_airhockey/u_draw_title/clk_pix
    SLICE_X38Y50         FDSE                                         r  u_top_airhockey/u_draw_title/rgb_d1_reg[9]/C
                         clock pessimism              0.508    -0.350    
    SLICE_X38Y50         FDSE (Hold_fdse_C_D)         0.007    -0.343    u_top_airhockey/u_draw_title/rgb_d1_reg[9]
  -------------------------------------------------------------------
                         required time                          0.343    
                         arrival time                          -0.330    
  -------------------------------------------------------------------
                         slack                                  0.014    

Slack (MET) :             0.018ns  (arrival time - required time)
  Source:                 u_top_airhockey/u_draw_win_plus_button/rgb_d2_reg[3]/C
                            (rising edge-triggered cell FDRE clocked by clk_pix_clk_wiz_0  {rise@0.000ns fall@7.692ns period=15.385ns})
  Destination:            u_top_airhockey/u_draw_winplus_label/rgb_d1_reg[3]/D
                            (rising edge-triggered cell FDSE clocked by clk_pix_clk_wiz_0  {rise@0.000ns fall@7.692ns period=15.385ns})
  Path Group:             clk_pix_clk_wiz_0
  Path Type:              Hold (Min at Fast Process Corner)
  Requirement:            0.000ns  (clk_pix_clk_wiz_0 rise@0.000ns - clk_pix_clk_wiz_0 rise@0.000ns)
  Data Path Delay:        0.287ns  (logic 0.128ns (44.645%)  route 0.159ns (55.355%))
  Logic Levels:           0  
  Clock Path Skew:        0.263ns (DCD - SCD - CPR)
    Destination Clock Delay (DCD):    -0.862ns
    Source Clock Delay      (SCD):    -0.621ns
    Clock Pessimism Removal (CPR):    -0.503ns

    Location             Delay type                Incr(ns)  Path(ns)    Netlist Resource(s)
  -------------------------------------------------------------------    -------------------
                         (clock clk_pix_clk_wiz_0 rise edge)
                                                      0.000     0.000 r  
    W5                                                0.000     0.000 r  clk (IN)
                         net (fo=0)                   0.000     0.000    u_clk_wiz/inst/clk
    W5                   IBUF (Prop_ibuf_I_O)         0.226     0.226 r  u_clk_wiz/inst/clkin1_ibufg/O
                         net (fo=1, routed)           0.440     0.667    u_clk_wiz/inst/clk_clk_wiz_0
    MMCME2_ADV_X1Y0      MMCME2_ADV (Prop_mmcme2_adv_CLKIN1_CLKOUT1)
                                                     -2.360    -1.693 r  u_clk_wiz/inst/mmcm_adv_inst/CLKOUT1
                         net (fo=2, routed)           0.486    -1.207    u_clk_wiz/inst/clk_pix_clk_wiz_0
    BUFGCTRL_X0Y0        BUFGCTRL (Prop_bufgctrl_I0_O)
                                                      0.026    -1.181 r  u_clk_wiz/inst/clkout2_buf/O
                         net (fo=3196, routed)        0.560    -0.621    u_top_airhockey/u_draw_win_plus_button/clk_pix
    SLICE_X36Y58         FDRE                                         r  u_top_airhockey/u_draw_win_plus_button/rgb_d2_reg[3]/C
  -------------------------------------------------------------------    -------------------
    SLICE_X36Y58         FDRE (Prop_fdre_C_Q)         0.128    -0.493 r  u_top_airhockey/u_draw_win_plus_button/rgb_d2_reg[3]/Q
                         net (fo=1, routed)           0.159    -0.335    u_top_airhockey/u_draw_winplus_label/rgb_d1_reg[9]_0[1]
    SLICE_X34Y59         FDSE                                         r  u_top_airhockey/u_draw_winplus_label/rgb_d1_reg[3]/D
  -------------------------------------------------------------------    -------------------

                         (clock clk_pix_clk_wiz_0 rise edge)
                                                      0.000     0.000 r  
    W5                                                0.000     0.000 r  clk (IN)
                         net (fo=0)                   0.000     0.000    u_clk_wiz/inst/clk
    W5                   IBUF (Prop_ibuf_I_O)         0.414     0.414 r  u_clk_wiz/inst/clkin1_ibufg/O
                         net (fo=1, routed)           0.480     0.894    u_clk_wiz/inst/clk_clk_wiz_0
    MMCME2_ADV_X1Y0      MMCME2_ADV (Prop_mmcme2_adv_CLKIN1_CLKOUT1)
                                                     -3.142    -2.248 r  u_clk_wiz/inst/mmcm_adv_inst/CLKOUT1
                         net (fo=2, routed)           0.530    -1.718    u_clk_wiz/inst/clk_pix_clk_wiz_0
    BUFGCTRL_X0Y0        BUFGCTRL (Prop_bufgctrl_I0_O)
                                                      0.029    -1.689 r  u_clk_wiz/inst/clkout2_buf/O
                         net (fo=3196, routed)        0.827    -0.862    u_top_airhockey/u_draw_winplus_label/clk_pix
    SLICE_X34Y59         FDSE                                         r  u_top_airhockey/u_draw_winplus_label/rgb_d1_reg[3]/C
                         clock pessimism              0.503    -0.358    
    SLICE_X34Y59         FDSE (Hold_fdse_C_D)         0.006    -0.352    u_top_airhockey/u_draw_winplus_label/rgb_d1_reg[3]
  -------------------------------------------------------------------
                         required time                          0.352    
                         arrival time                          -0.335    
  -------------------------------------------------------------------
                         slack                                  0.018    

Slack (MET) :             0.018ns  (arrival time - required time)
  Source:                 u_top_airhockey/u_link_rx_ctl/buf_bytes_reg[8][6]/C
                            (rising edge-triggered cell FDRE clocked by clk_pix_clk_wiz_0  {rise@0.000ns fall@7.692ns period=15.385ns})
  Destination:            u_top_airhockey/u_link_rx_ctl/rx_score_p2_tens_reg[2]/D
                            (rising edge-triggered cell FDRE clocked by clk_pix_clk_wiz_0  {rise@0.000ns fall@7.692ns period=15.385ns})
  Path Group:             clk_pix_clk_wiz_0
  Path Type:              Hold (Min at Fast Process Corner)
  Requirement:            0.000ns  (clk_pix_clk_wiz_0 rise@0.000ns - clk_pix_clk_wiz_0 rise@0.000ns)
  Data Path Delay:        0.299ns  (logic 0.128ns (42.741%)  route 0.171ns (57.259%))
  Logic Levels:           0  
  Clock Path Skew:        0.264ns (DCD - SCD - CPR)
    Destination Clock Delay (DCD):    -0.858ns
    Source Clock Delay      (SCD):    -0.618ns
    Clock Pessimism Removal (CPR):    -0.503ns

    Location             Delay type                Incr(ns)  Path(ns)    Netlist Resource(s)
  -------------------------------------------------------------------    -------------------
                         (clock clk_pix_clk_wiz_0 rise edge)
                                                      0.000     0.000 r  
    W5                                                0.000     0.000 r  clk (IN)
                         net (fo=0)                   0.000     0.000    u_clk_wiz/inst/clk
    W5                   IBUF (Prop_ibuf_I_O)         0.226     0.226 r  u_clk_wiz/inst/clkin1_ibufg/O
                         net (fo=1, routed)           0.440     0.667    u_clk_wiz/inst/clk_clk_wiz_0
    MMCME2_ADV_X1Y0      MMCME2_ADV (Prop_mmcme2_adv_CLKIN1_CLKOUT1)
                                                     -2.360    -1.693 r  u_clk_wiz/inst/mmcm_adv_inst/CLKOUT1
                         net (fo=2, routed)           0.486    -1.207    u_clk_wiz/inst/clk_pix_clk_wiz_0
    BUFGCTRL_X0Y0        BUFGCTRL (Prop_bufgctrl_I0_O)
                                                      0.026    -1.181 r  u_clk_wiz/inst/clkout2_buf/O
                         net (fo=3196, routed)        0.563    -0.618    u_top_airhockey/u_link_rx_ctl/clk_pix
    SLICE_X33Y44         FDRE                                         r  u_top_airhockey/u_link_rx_ctl/buf_bytes_reg[8][6]/C
  -------------------------------------------------------------------    -------------------
    SLICE_X33Y44         FDRE (Prop_fdre_C_Q)         0.128    -0.490 r  u_top_airhockey/u_link_rx_ctl/buf_bytes_reg[8][6]/Q
                         net (fo=1, routed)           0.171    -0.319    u_top_airhockey/u_link_rx_ctl/buf_bytes_reg_n_0_[8][6]
    SLICE_X37Y43         FDRE                                         r  u_top_airhockey/u_link_rx_ctl/rx_score_p2_tens_reg[2]/D
  -------------------------------------------------------------------    -------------------

                         (clock clk_pix_clk_wiz_0 rise edge)
                                                      0.000     0.000 r  
    W5                                                0.000     0.000 r  clk (IN)
                         net (fo=0)                   0.000     0.000    u_clk_wiz/inst/clk
    W5                   IBUF (Prop_ibuf_I_O)         0.414     0.414 r  u_clk_wiz/inst/clkin1_ibufg/O
                         net (fo=1, routed)           0.480     0.894    u_clk_wiz/inst/clk_clk_wiz_0
    MMCME2_ADV_X1Y0      MMCME2_ADV (Prop_mmcme2_adv_CLKIN1_CLKOUT1)
                                                     -3.142    -2.248 r  u_clk_wiz/inst/mmcm_adv_inst/CLKOUT1
                         net (fo=2, routed)           0.530    -1.718    u_clk_wiz/inst/clk_pix_clk_wiz_0
    BUFGCTRL_X0Y0        BUFGCTRL (Prop_bufgctrl_I0_O)
                                                      0.029    -1.689 r  u_clk_wiz/inst/clkout2_buf/O
                         net (fo=3196, routed)        0.832    -0.858    u_top_airhockey/u_link_rx_ctl/clk_pix
    SLICE_X37Y43         FDRE                                         r  u_top_airhockey/u_link_rx_ctl/rx_score_p2_tens_reg[2]/C
                         clock pessimism              0.503    -0.354    
    SLICE_X37Y43         FDRE (Hold_fdre_C_D)         0.017    -0.337    u_top_airhockey/u_link_rx_ctl/rx_score_p2_tens_reg[2]
  -------------------------------------------------------------------
                         required time                          0.337    
                         arrival time                          -0.319    
  -------------------------------------------------------------------
                         slack                                  0.018    

Slack (MET) :             0.033ns  (arrival time - required time)
  Source:                 u_top_airhockey/u_draw_modeval/vcount_d2_reg[3]/C
                            (rising edge-triggered cell FDRE clocked by clk_pix_clk_wiz_0  {rise@0.000ns fall@7.692ns period=15.385ns})
  Destination:            u_top_airhockey/u_draw_mode_plus_button/vcount_d1_reg[3]/D
                            (rising edge-triggered cell FDRE clocked by clk_pix_clk_wiz_0  {rise@0.000ns fall@7.692ns period=15.385ns})
  Path Group:             clk_pix_clk_wiz_0
  Path Type:              Hold (Min at Fast Process Corner)
  Requirement:            0.000ns  (clk_pix_clk_wiz_0 rise@0.000ns - clk_pix_clk_wiz_0 rise@0.000ns)
  Data Path Delay:        0.325ns  (logic 0.128ns (39.425%)  route 0.197ns (60.575%))
  Logic Levels:           0  
  Clock Path Skew:        0.273ns (DCD - SCD - CPR)
    Destination Clock Delay (DCD):    -0.823ns
    Source Clock Delay      (SCD):    -0.587ns
    Clock Pessimism Removal (CPR):    -0.508ns

    Location             Delay type                Incr(ns)  Path(ns)    Netlist Resource(s)
  -------------------------------------------------------------------    -------------------
                         (clock clk_pix_clk_wiz_0 rise edge)
                                                      0.000     0.000 r  
    W5                                                0.000     0.000 r  clk (IN)
                         net (fo=0)                   0.000     0.000    u_clk_wiz/inst/clk
    W5                   IBUF (Prop_ibuf_I_O)         0.226     0.226 r  u_clk_wiz/inst/clkin1_ibufg/O
                         net (fo=1, routed)           0.440     0.667    u_clk_wiz/inst/clk_clk_wiz_0
    MMCME2_ADV_X1Y0      MMCME2_ADV (Prop_mmcme2_adv_CLKIN1_CLKOUT1)
                                                     -2.360    -1.693 r  u_clk_wiz/inst/mmcm_adv_inst/CLKOUT1
                         net (fo=2, routed)           0.486    -1.207    u_clk_wiz/inst/clk_pix_clk_wiz_0
    BUFGCTRL_X0Y0        BUFGCTRL (Prop_bufgctrl_I0_O)
                                                      0.026    -1.181 r  u_clk_wiz/inst/clkout2_buf/O
                         net (fo=3196, routed)        0.594    -0.587    u_top_airhockey/u_draw_modeval/clk_pix
    SLICE_X3Y50          FDRE                                         r  u_top_airhockey/u_draw_modeval/vcount_d2_reg[3]/C
  -------------------------------------------------------------------    -------------------
    SLICE_X3Y50          FDRE (Prop_fdre_C_Q)         0.128    -0.459 r  u_top_airhockey/u_draw_modeval/vcount_d2_reg[3]/Q
                         net (fo=3, routed)           0.197    -0.263    u_top_airhockey/u_draw_mode_plus_button/vga_out\\.vcount[3]
    SLICE_X3Y47          FDRE                                         r  u_top_airhockey/u_draw_mode_plus_button/vcount_d1_reg[3]/D
  -------------------------------------------------------------------    -------------------

                         (clock clk_pix_clk_wiz_0 rise edge)
                                                      0.000     0.000 r  
    W5                                                0.000     0.000 r  clk (IN)
                         net (fo=0)                   0.000     0.000    u_clk_wiz/inst/clk
    W5                   IBUF (Prop_ibuf_I_O)         0.414     0.414 r  u_clk_wiz/inst/clkin1_ibufg/O
                         net (fo=1, routed)           0.480     0.894    u_clk_wiz/inst/clk_clk_wiz_0
    MMCME2_ADV_X1Y0      MMCME2_ADV (Prop_mmcme2_adv_CLKIN1_CLKOUT1)
                                                     -3.142    -2.248 r  u_clk_wiz/inst/mmcm_adv_inst/CLKOUT1
                         net (fo=2, routed)           0.530    -1.718    u_clk_wiz/inst/clk_pix_clk_wiz_0
    BUFGCTRL_X0Y0        BUFGCTRL (Prop_bufgctrl_I0_O)
                                                      0.029    -1.689 r  u_clk_wiz/inst/clkout2_buf/O
                         net (fo=3196, routed)        0.867    -0.823    u_top_airhockey/u_draw_mode_plus_button/clk_pix
    SLICE_X3Y47          FDRE                                         r  u_top_airhockey/u_draw_mode_plus_button/vcount_d1_reg[3]/C
                         clock pessimism              0.508    -0.314    
    SLICE_X3Y47          FDRE (Hold_fdre_C_D)         0.019    -0.295    u_top_airhockey/u_draw_mode_plus_button/vcount_d1_reg[3]
  -------------------------------------------------------------------
                         required time                          0.295    
                         arrival time                          -0.263    
  -------------------------------------------------------------------
                         slack                                  0.033    

Slack (MET) :             0.037ns  (arrival time - required time)
  Source:                 u_top_airhockey/u_draw_settings_label/vcount_d1_reg[2]/C
                            (rising edge-triggered cell FDRE clocked by clk_pix_clk_wiz_0  {rise@0.000ns fall@7.692ns period=15.385ns})
  Destination:            u_top_airhockey/u_draw_settings_label/vcount_d2_reg[2]/D
                            (rising edge-triggered cell FDRE clocked by clk_pix_clk_wiz_0  {rise@0.000ns fall@7.692ns period=15.385ns})
  Path Group:             clk_pix_clk_wiz_0
  Path Type:              Hold (Min at Fast Process Corner)
  Requirement:            0.000ns  (clk_pix_clk_wiz_0 rise@0.000ns - clk_pix_clk_wiz_0 rise@0.000ns)
  Data Path Delay:        0.375ns  (logic 0.141ns (37.607%)  route 0.234ns (62.393%))
  Logic Levels:           0  
  Clock Path Skew:        0.268ns (DCD - SCD - CPR)
    Destination Clock Delay (DCD):    -0.855ns
    Source Clock Delay      (SCD):    -0.614ns
    Clock Pessimism Removal (CPR):    -0.508ns

    Location             Delay type                Incr(ns)  Path(ns)    Netlist Resource(s)
  -------------------------------------------------------------------    -------------------
                         (clock clk_pix_clk_wiz_0 rise edge)
                                                      0.000     0.000 r  
    W5                                                0.000     0.000 r  clk (IN)
                         net (fo=0)                   0.000     0.000    u_clk_wiz/inst/clk
    W5                   IBUF (Prop_ibuf_I_O)         0.226     0.226 r  u_clk_wiz/inst/clkin1_ibufg/O
                         net (fo=1, routed)           0.440     0.667    u_clk_wiz/inst/clk_clk_wiz_0
    MMCME2_ADV_X1Y0      MMCME2_ADV (Prop_mmcme2_adv_CLKIN1_CLKOUT1)
                                                     -2.360    -1.693 r  u_clk_wiz/inst/mmcm_adv_inst/CLKOUT1
                         net (fo=2, routed)           0.486    -1.207    u_clk_wiz/inst/clk_pix_clk_wiz_0
    BUFGCTRL_X0Y0        BUFGCTRL (Prop_bufgctrl_I0_O)
                                                      0.026    -1.181 r  u_clk_wiz/inst/clkout2_buf/O
                         net (fo=3196, routed)        0.567    -0.614    u_top_airhockey/u_draw_settings_label/clk_pix
    SLICE_X48Y48         FDRE                                         r  u_top_airhockey/u_draw_settings_label/vcount_d1_reg[2]/C
  -------------------------------------------------------------------    -------------------
    SLICE_X48Y48         FDRE (Prop_fdre_C_Q)         0.141    -0.473 r  u_top_airhockey/u_draw_settings_label/vcount_d1_reg[2]/Q
                         net (fo=1, routed)           0.234    -0.239    u_top_airhockey/u_draw_settings_label/vcount_d1[2]
    SLICE_X48Y52         FDRE                                         r  u_top_airhockey/u_draw_settings_label/vcount_d2_reg[2]/D
  -------------------------------------------------------------------    -------------------

                         (clock clk_pix_clk_wiz_0 rise edge)
                                                      0.000     0.000 r  
    W5                                                0.000     0.000 r  clk (IN)
                         net (fo=0)                   0.000     0.000    u_clk_wiz/inst/clk
    W5                   IBUF (Prop_ibuf_I_O)         0.414     0.414 r  u_clk_wiz/inst/clkin1_ibufg/O
                         net (fo=1, routed)           0.480     0.894    u_clk_wiz/inst/clk_clk_wiz_0
    MMCME2_ADV_X1Y0      MMCME2_ADV (Prop_mmcme2_adv_CLKIN1_CLKOUT1)
                                                     -3.142    -2.248 r  u_clk_wiz/inst/mmcm_adv_inst/CLKOUT1
                         net (fo=2, routed)           0.530    -1.718    u_clk_wiz/inst/clk_pix_clk_wiz_0
    BUFGCTRL_X0Y0        BUFGCTRL (Prop_bufgctrl_I0_O)
                                                      0.029    -1.689 r  u_clk_wiz/inst/clkout2_buf/O
                         net (fo=3196, routed)        0.834    -0.855    u_top_airhockey/u_draw_settings_label/clk_pix
    SLICE_X48Y52         FDRE                                         r  u_top_airhockey/u_draw_settings_label/vcount_d2_reg[2]/C
                         clock pessimism              0.508    -0.346    
    SLICE_X48Y52         FDRE (Hold_fdre_C_D)         0.070    -0.276    u_top_airhockey/u_draw_settings_label/vcount_d2_reg[2]
  -------------------------------------------------------------------
                         required time                          0.276    
                         arrival time                          -0.239    
  -------------------------------------------------------------------
                         slack                                  0.037    

Slack (MET) :             0.039ns  (arrival time - required time)
  Source:                 u_top_airhockey/u_draw_title/rgb_d1_reg[7]/C
                            (rising edge-triggered cell FDSE clocked by clk_pix_clk_wiz_0  {rise@0.000ns fall@7.692ns period=15.385ns})
  Destination:            u_top_airhockey/u_draw_title/rgb_d2_reg[7]/D
                            (rising edge-triggered cell FDRE clocked by clk_pix_clk_wiz_0  {rise@0.000ns fall@7.692ns period=15.385ns})
  Path Group:             clk_pix_clk_wiz_0
  Path Type:              Hold (Min at Fast Process Corner)
  Requirement:            0.000ns  (clk_pix_clk_wiz_0 rise@0.000ns - clk_pix_clk_wiz_0 rise@0.000ns)
  Data Path Delay:        0.331ns  (logic 0.148ns (44.719%)  route 0.183ns (55.281%))
  Logic Levels:           0  
  Clock Path Skew:        0.268ns (DCD - SCD - CPR)
    Destination Clock Delay (DCD):    -0.858ns
    Source Clock Delay      (SCD):    -0.617ns
    Clock Pessimism Removal (CPR):    -0.508ns

    Location             Delay type                Incr(ns)  Path(ns)    Netlist Resource(s)
  -------------------------------------------------------------------    -------------------
                         (clock clk_pix_clk_wiz_0 rise edge)
                                                      0.000     0.000 r  
    W5                                                0.000     0.000 r  clk (IN)
                         net (fo=0)                   0.000     0.000    u_clk_wiz/inst/clk
    W5                   IBUF (Prop_ibuf_I_O)         0.226     0.226 r  u_clk_wiz/inst/clkin1_ibufg/O
                         net (fo=1, routed)           0.440     0.667    u_clk_wiz/inst/clk_clk_wiz_0
    MMCME2_ADV_X1Y0      MMCME2_ADV (Prop_mmcme2_adv_CLKIN1_CLKOUT1)
                                                     -2.360    -1.693 r  u_clk_wiz/inst/mmcm_adv_inst/CLKOUT1
                         net (fo=2, routed)           0.486    -1.207    u_clk_wiz/inst/clk_pix_clk_wiz_0
    BUFGCTRL_X0Y0        BUFGCTRL (Prop_bufgctrl_I0_O)
                                                      0.026    -1.181 r  u_clk_wiz/inst/clkout2_buf/O
                         net (fo=3196, routed)        0.564    -0.617    u_top_airhockey/u_draw_title/clk_pix
    SLICE_X38Y49         FDSE                                         r  u_top_airhockey/u_draw_title/rgb_d1_reg[7]/C
  -------------------------------------------------------------------    -------------------
    SLICE_X38Y49         FDSE (Prop_fdse_C_Q)         0.148    -0.469 r  u_top_airhockey/u_draw_title/rgb_d1_reg[7]/Q
                         net (fo=1, routed)           0.183    -0.286    u_top_airhockey/u_draw_title/rgb_d1[7]
    SLICE_X41Y50         FDRE                                         r  u_top_airhockey/u_draw_title/rgb_d2_reg[7]/D
  -------------------------------------------------------------------    -------------------

                         (clock clk_pix_clk_wiz_0 rise edge)
                                                      0.000     0.000 r  
    W5                                                0.000     0.000 r  clk (IN)
                         net (fo=0)                   0.000     0.000    u_clk_wiz/inst/clk
    W5                   IBUF (Prop_ibuf_I_O)         0.414     0.414 r  u_clk_wiz/inst/clkin1_ibufg/O
                         net (fo=1, routed)           0.480     0.894    u_clk_wiz/inst/clk_clk_wiz_0
    MMCME2_ADV_X1Y0      MMCME2_ADV (Prop_mmcme2_adv_CLKIN1_CLKOUT1)
                                                     -3.142    -2.248 r  u_clk_wiz/inst/mmcm_adv_inst/CLKOUT1
                         net (fo=2, routed)           0.530    -1.718    u_clk_wiz/inst/clk_pix_clk_wiz_0
    BUFGCTRL_X0Y0        BUFGCTRL (Prop_bufgctrl_I0_O)
                                                      0.029    -1.689 r  u_clk_wiz/inst/clkout2_buf/O
                         net (fo=3196, routed)        0.832    -0.858    u_top_airhockey/u_draw_title/clk_pix
    SLICE_X41Y50         FDRE                                         r  u_top_airhockey/u_draw_title/rgb_d2_reg[7]/C
                         clock pessimism              0.508    -0.349    
    SLICE_X41Y50         FDRE (Hold_fdre_C_D)         0.024    -0.325    u_top_airhockey/u_draw_title/rgb_d2_reg[7]
  -------------------------------------------------------------------
                         required time                          0.325    
                         arrival time                          -0.286    
  -------------------------------------------------------------------
                         slack                                  0.039    

Slack (MET) :             0.043ns  (arrival time - required time)
  Source:                 u_top_airhockey/u_draw_label/hcount_d2_reg[7]/C
                            (rising edge-triggered cell FDRE clocked by clk_pix_clk_wiz_0  {rise@0.000ns fall@7.692ns period=15.385ns})
  Destination:            u_top_airhockey/u_draw_settings_button/hcount_d1_reg[7]/D
                            (rising edge-triggered cell FDRE clocked by clk_pix_clk_wiz_0  {rise@0.000ns fall@7.692ns period=15.385ns})
  Path Group:             clk_pix_clk_wiz_0
  Path Type:              Hold (Min at Fast Process Corner)
  Requirement:            0.000ns  (clk_pix_clk_wiz_0 rise@0.000ns - clk_pix_clk_wiz_0 rise@0.000ns)
  Data Path Delay:        0.378ns  (logic 0.141ns (37.346%)  route 0.237ns (62.654%))
  Logic Levels:           0  
  Clock Path Skew:        0.269ns (DCD - SCD - CPR)
    Destination Clock Delay (DCD):    -0.857ns
    Source Clock Delay      (SCD):    -0.617ns
    Clock Pessimism Removal (CPR):    -0.508ns

    Location             Delay type                Incr(ns)  Path(ns)    Netlist Resource(s)
  -------------------------------------------------------------------    -------------------
                         (clock clk_pix_clk_wiz_0 rise edge)
                                                      0.000     0.000 r  
    W5                                                0.000     0.000 r  clk (IN)
                         net (fo=0)                   0.000     0.000    u_clk_wiz/inst/clk
    W5                   IBUF (Prop_ibuf_I_O)         0.226     0.226 r  u_clk_wiz/inst/clkin1_ibufg/O
                         net (fo=1, routed)           0.440     0.667    u_clk_wiz/inst/clk_clk_wiz_0
    MMCME2_ADV_X1Y0      MMCME2_ADV (Prop_mmcme2_adv_CLKIN1_CLKOUT1)
                                                     -2.360    -1.693 r  u_clk_wiz/inst/mmcm_adv_inst/CLKOUT1
                         net (fo=2, routed)           0.486    -1.207    u_clk_wiz/inst/clk_pix_clk_wiz_0
    BUFGCTRL_X0Y0        BUFGCTRL (Prop_bufgctrl_I0_O)
                                                      0.026    -1.181 r  u_clk_wiz/inst/clkout2_buf/O
                         net (fo=3196, routed)        0.564    -0.617    u_top_airhockey/u_draw_label/clk_pix
    SLICE_X43Y49         FDRE                                         r  u_top_airhockey/u_draw_label/hcount_d2_reg[7]/C
  -------------------------------------------------------------------    -------------------
    SLICE_X43Y49         FDRE (Prop_fdre_C_Q)         0.141    -0.476 r  u_top_airhockey/u_draw_label/hcount_d2_reg[7]/Q
                         net (fo=4, routed)           0.237    -0.240    u_top_airhockey/u_draw_settings_button/hcount_d1_reg[10]_0[7]
    SLICE_X44Y52         FDRE                                         r  u_top_airhockey/u_draw_settings_button/hcount_d1_reg[7]/D
  -------------------------------------------------------------------    -------------------

                         (clock clk_pix_clk_wiz_0 rise edge)
                                                      0.000     0.000 r  
    W5                                                0.000     0.000 r  clk (IN)
                         net (fo=0)                   0.000     0.000    u_clk_wiz/inst/clk
    W5                   IBUF (Prop_ibuf_I_O)         0.414     0.414 r  u_clk_wiz/inst/clkin1_ibufg/O
                         net (fo=1, routed)           0.480     0.894    u_clk_wiz/inst/clk_clk_wiz_0
    MMCME2_ADV_X1Y0      MMCME2_ADV (Prop_mmcme2_adv_CLKIN1_CLKOUT1)
                                                     -3.142    -2.248 r  u_clk_wiz/inst/mmcm_adv_inst/CLKOUT1
                         net (fo=2, routed)           0.530    -1.718    u_clk_wiz/inst/clk_pix_clk_wiz_0
    BUFGCTRL_X0Y0        BUFGCTRL (Prop_bufgctrl_I0_O)
                                                      0.029    -1.689 r  u_clk_wiz/inst/clkout2_buf/O
                         net (fo=3196, routed)        0.833    -0.857    u_top_airhockey/u_draw_settings_button/clk_pix
    SLICE_X44Y52         FDRE                                         r  u_top_airhockey/u_draw_settings_button/hcount_d1_reg[7]/C
                         clock pessimism              0.508    -0.348    
    SLICE_X44Y52         FDRE (Hold_fdre_C_D)         0.066    -0.282    u_top_airhockey/u_draw_settings_button/hcount_d1_reg[7]
  -------------------------------------------------------------------
                         required time                          0.282    
                         arrival time                          -0.240    
  -------------------------------------------------------------------
                         slack                                  0.043    

Slack (MET) :             0.050ns  (arrival time - required time)
  Source:                 u_top_airhockey/u_draw_p2/hcount_d1_reg[4]/C
                            (rising edge-triggered cell FDRE clocked by clk_pix_clk_wiz_0  {rise@0.000ns fall@7.692ns period=15.385ns})
  Destination:            u_top_airhockey/u_draw_p2/hcount_d2_reg[4]/D
                            (rising edge-triggered cell FDRE clocked by clk_pix_clk_wiz_0  {rise@0.000ns fall@7.692ns period=15.385ns})
  Path Group:             clk_pix_clk_wiz_0
  Path Type:              Hold (Min at Fast Process Corner)
  Requirement:            0.000ns  (clk_pix_clk_wiz_0 rise@0.000ns - clk_pix_clk_wiz_0 rise@0.000ns)
  Data Path Delay:        0.382ns  (logic 0.141ns (36.877%)  route 0.241ns (63.123%))
  Logic Levels:           0  
  Clock Path Skew:        0.262ns (DCD - SCD - CPR)
    Destination Clock Delay (DCD):    -0.862ns
    Source Clock Delay      (SCD):    -0.620ns
    Clock Pessimism Removal (CPR):    -0.503ns

    Location             Delay type                Incr(ns)  Path(ns)    Netlist Resource(s)
  -------------------------------------------------------------------    -------------------
                         (clock clk_pix_clk_wiz_0 rise edge)
                                                      0.000     0.000 r  
    W5                                                0.000     0.000 r  clk (IN)
                         net (fo=0)                   0.000     0.000    u_clk_wiz/inst/clk
    W5                   IBUF (Prop_ibuf_I_O)         0.226     0.226 r  u_clk_wiz/inst/clkin1_ibufg/O
                         net (fo=1, routed)           0.440     0.667    u_clk_wiz/inst/clk_clk_wiz_0
    MMCME2_ADV_X1Y0      MMCME2_ADV (Prop_mmcme2_adv_CLKIN1_CLKOUT1)
                                                     -2.360    -1.693 r  u_clk_wiz/inst/mmcm_adv_inst/CLKOUT1
                         net (fo=2, routed)           0.486    -1.207    u_clk_wiz/inst/clk_pix_clk_wiz_0
    BUFGCTRL_X0Y0        BUFGCTRL (Prop_bufgctrl_I0_O)
                                                      0.026    -1.181 r  u_clk_wiz/inst/clkout2_buf/O
                         net (fo=3196, routed)        0.561    -0.620    u_top_airhockey/u_draw_p2/clk_pix
    SLICE_X32Y39         FDRE                                         r  u_top_airhockey/u_draw_p2/hcount_d1_reg[4]/C
  -------------------------------------------------------------------    -------------------
    SLICE_X32Y39         FDRE (Prop_fdre_C_Q)         0.141    -0.479 r  u_top_airhockey/u_draw_p2/hcount_d1_reg[4]/Q
                         net (fo=1, routed)           0.241    -0.238    u_top_airhockey/u_draw_p2/hcount_d1[4]
    SLICE_X36Y37         FDRE                                         r  u_top_airhockey/u_draw_p2/hcount_d2_reg[4]/D
  -------------------------------------------------------------------    -------------------

                         (clock clk_pix_clk_wiz_0 rise edge)
                                                      0.000     0.000 r  
    W5                                                0.000     0.000 r  clk (IN)
                         net (fo=0)                   0.000     0.000    u_clk_wiz/inst/clk
    W5                   IBUF (Prop_ibuf_I_O)         0.414     0.414 r  u_clk_wiz/inst/clkin1_ibufg/O
                         net (fo=1, routed)           0.480     0.894    u_clk_wiz/inst/clk_clk_wiz_0
    MMCME2_ADV_X1Y0      MMCME2_ADV (Prop_mmcme2_adv_CLKIN1_CLKOUT1)
                                                     -3.142    -2.248 r  u_clk_wiz/inst/mmcm_adv_inst/CLKOUT1
                         net (fo=2, routed)           0.530    -1.718    u_clk_wiz/inst/clk_pix_clk_wiz_0
    BUFGCTRL_X0Y0        BUFGCTRL (Prop_bufgctrl_I0_O)
                                                      0.029    -1.689 r  u_clk_wiz/inst/clkout2_buf/O
                         net (fo=3196, routed)        0.828    -0.862    u_top_airhockey/u_draw_p2/clk_pix
    SLICE_X36Y37         FDRE                                         r  u_top_airhockey/u_draw_p2/hcount_d2_reg[4]/C
                         clock pessimism              0.503    -0.358    
    SLICE_X36Y37         FDRE (Hold_fdre_C_D)         0.070    -0.288    u_top_airhockey/u_draw_p2/hcount_d2_reg[4]
  -------------------------------------------------------------------
                         required time                          0.288    
                         arrival time                          -0.238    
  -------------------------------------------------------------------
                         slack                                  0.050    

Slack (MET) :             0.052ns  (arrival time - required time)
  Source:                 u_top_airhockey/u_char_rom_settings_label/char_code_reg[3]/C
                            (rising edge-triggered cell FDRE clocked by clk_pix_clk_wiz_0  {rise@0.000ns fall@7.692ns period=15.385ns})
  Destination:            u_top_airhockey/u_font_rom_label/char_line_pixels_reg/ADDRBWRADDR[10]
                            (rising edge-triggered cell RAMB18E1 clocked by clk_pix_clk_wiz_0  {rise@0.000ns fall@7.692ns period=15.385ns})
  Path Group:             clk_pix_clk_wiz_0
  Path Type:              Hold (Min at Fast Process Corner)
  Requirement:            0.000ns  (clk_pix_clk_wiz_0 rise@0.000ns - clk_pix_clk_wiz_0 rise@0.000ns)
  Data Path Delay:        0.292ns  (logic 0.141ns (48.246%)  route 0.151ns (51.754%))
  Logic Levels:           0  
  Clock Path Skew:        0.057ns (DCD - SCD - CPR)
    Destination Clock Delay (DCD):    -0.811ns
    Source Clock Delay      (SCD):    -0.614ns
    Clock Pessimism Removal (CPR):    -0.254ns

    Location             Delay type                Incr(ns)  Path(ns)    Netlist Resource(s)
  -------------------------------------------------------------------    -------------------
                         (clock clk_pix_clk_wiz_0 rise edge)
                                                      0.000     0.000 r  
    W5                                                0.000     0.000 r  clk (IN)
                         net (fo=0)                   0.000     0.000    u_clk_wiz/inst/clk
    W5                   IBUF (Prop_ibuf_I_O)         0.226     0.226 r  u_clk_wiz/inst/clkin1_ibufg/O
                         net (fo=1, routed)           0.440     0.667    u_clk_wiz/inst/clk_clk_wiz_0
    MMCME2_ADV_X1Y0      MMCME2_ADV (Prop_mmcme2_adv_CLKIN1_CLKOUT1)
                                                     -2.360    -1.693 r  u_clk_wiz/inst/mmcm_adv_inst/CLKOUT1
                         net (fo=2, routed)           0.486    -1.207    u_clk_wiz/inst/clk_pix_clk_wiz_0
    BUFGCTRL_X0Y0        BUFGCTRL (Prop_bufgctrl_I0_O)
                                                      0.026    -1.181 r  u_clk_wiz/inst/clkout2_buf/O
                         net (fo=3196, routed)        0.567    -0.614    u_top_airhockey/u_char_rom_settings_label/clk_pix
    SLICE_X48Y47         FDRE                                         r  u_top_airhockey/u_char_rom_settings_label/char_code_reg[3]/C
  -------------------------------------------------------------------    -------------------
    SLICE_X48Y47         FDRE (Prop_fdre_C_Q)         0.141    -0.473 r  u_top_airhockey/u_char_rom_settings_label/char_code_reg[3]/Q
                         net (fo=1, routed)           0.151    -0.322    u_top_airhockey/u_font_rom_label/ADDRBWRADDR[7]
    RAMB18_X1Y18         RAMB18E1                                     r  u_top_airhockey/u_font_rom_label/char_line_pixels_reg/ADDRBWRADDR[10]
  -------------------------------------------------------------------    -------------------

                         (clock clk_pix_clk_wiz_0 rise edge)
                                                      0.000     0.000 r  
    W5                                                0.000     0.000 r  clk (IN)
                         net (fo=0)                   0.000     0.000    u_clk_wiz/inst/clk
    W5                   IBUF (Prop_ibuf_I_O)         0.414     0.414 r  u_clk_wiz/inst/clkin1_ibufg/O
                         net (fo=1, routed)           0.480     0.894    u_clk_wiz/inst/clk_clk_wiz_0
    MMCME2_ADV_X1Y0      MMCME2_ADV (Prop_mmcme2_adv_CLKIN1_CLKOUT1)
                                                     -3.142    -2.248 r  u_clk_wiz/inst/mmcm_adv_inst/CLKOUT1
                         net (fo=2, routed)           0.530    -1.718    u_clk_wiz/inst/clk_pix_clk_wiz_0
    BUFGCTRL_X0Y0        BUFGCTRL (Prop_bufgctrl_I0_O)
                                                      0.029    -1.689 r  u_clk_wiz/inst/clkout2_buf/O
                         net (fo=3196, routed)        0.878    -0.811    u_top_airhockey/u_font_rom_label/clk_pix
    RAMB18_X1Y18         RAMB18E1                                     r  u_top_airhockey/u_font_rom_label/char_line_pixels_reg/CLKBWRCLK
                         clock pessimism              0.254    -0.557    
    RAMB18_X1Y18         RAMB18E1 (Hold_ramb18e1_CLKBWRCLK_ADDRBWRADDR[10])
                                                      0.183    -0.374    u_top_airhockey/u_font_rom_label/char_line_pixels_reg
  -------------------------------------------------------------------
                         required time                          0.374    
                         arrival time                          -0.322    
  -------------------------------------------------------------------
                         slack                                  0.052    

Slack (MET) :             0.055ns  (arrival time - required time)
  Source:                 u_top_airhockey/u_draw_win_minus_button/vcount_d2_reg[6]/C
                            (rising edge-triggered cell FDRE clocked by clk_pix_clk_wiz_0  {rise@0.000ns fall@7.692ns period=15.385ns})
  Destination:            u_top_airhockey/u_draw_winminus_label/vcount_d1_reg[6]/D
                            (rising edge-triggered cell FDRE clocked by clk_pix_clk_wiz_0  {rise@0.000ns fall@7.692ns period=15.385ns})
  Path Group:             clk_pix_clk_wiz_0
  Path Type:              Hold (Min at Fast Process Corner)
  Requirement:            0.000ns  (clk_pix_clk_wiz_0 rise@0.000ns - clk_pix_clk_wiz_0 rise@0.000ns)
  Data Path Delay:        0.328ns  (logic 0.128ns (39.058%)  route 0.200ns (60.942%))
  Logic Levels:           0  
  Clock Path Skew:        0.263ns (DCD - SCD - CPR)
    Destination Clock Delay (DCD):    -0.861ns
    Source Clock Delay      (SCD):    -0.620ns
    Clock Pessimism Removal (CPR):    -0.503ns

    Location             Delay type                Incr(ns)  Path(ns)    Netlist Resource(s)
  -------------------------------------------------------------------    -------------------
                         (clock clk_pix_clk_wiz_0 rise edge)
                                                      0.000     0.000 r  
    W5                                                0.000     0.000 r  clk (IN)
                         net (fo=0)                   0.000     0.000    u_clk_wiz/inst/clk
    W5                   IBUF (Prop_ibuf_I_O)         0.226     0.226 r  u_clk_wiz/inst/clkin1_ibufg/O
                         net (fo=1, routed)           0.440     0.667    u_clk_wiz/inst/clk_clk_wiz_0
    MMCME2_ADV_X1Y0      MMCME2_ADV (Prop_mmcme2_adv_CLKIN1_CLKOUT1)
                                                     -2.360    -1.693 r  u_clk_wiz/inst/mmcm_adv_inst/CLKOUT1
                         net (fo=2, routed)           0.486    -1.207    u_clk_wiz/inst/clk_pix_clk_wiz_0
    BUFGCTRL_X0Y0        BUFGCTRL (Prop_bufgctrl_I0_O)
                                                      0.026    -1.181 r  u_clk_wiz/inst/clkout2_buf/O
                         net (fo=3196, routed)        0.561    -0.620    u_top_airhockey/u_draw_win_minus_button/clk_pix
    SLICE_X39Y54         FDRE                                         r  u_top_airhockey/u_draw_win_minus_button/vcount_d2_reg[6]/C
  -------------------------------------------------------------------    -------------------
    SLICE_X39Y54         FDRE (Prop_fdre_C_Q)         0.128    -0.492 r  u_top_airhockey/u_draw_win_minus_button/vcount_d2_reg[6]/Q
                         net (fo=3, routed)           0.200    -0.293    u_top_airhockey/u_draw_winminus_label/D[6]
    SLICE_X34Y54         FDRE                                         r  u_top_airhockey/u_draw_winminus_label/vcount_d1_reg[6]/D
  -------------------------------------------------------------------    -------------------

                         (clock clk_pix_clk_wiz_0 rise edge)
                                                      0.000     0.000 r  
    W5                                                0.000     0.000 r  clk (IN)
                         net (fo=0)                   0.000     0.000    u_clk_wiz/inst/clk
    W5                   IBUF (Prop_ibuf_I_O)         0.414     0.414 r  u_clk_wiz/inst/clkin1_ibufg/O
                         net (fo=1, routed)           0.480     0.894    u_clk_wiz/inst/clk_clk_wiz_0
    MMCME2_ADV_X1Y0      MMCME2_ADV (Prop_mmcme2_adv_CLKIN1_CLKOUT1)
                                                     -3.142    -2.248 r  u_clk_wiz/inst/mmcm_adv_inst/CLKOUT1
                         net (fo=2, routed)           0.530    -1.718    u_clk_wiz/inst/clk_pix_clk_wiz_0
    BUFGCTRL_X0Y0        BUFGCTRL (Prop_bufgctrl_I0_O)
                                                      0.029    -1.689 r  u_clk_wiz/inst/clkout2_buf/O
                         net (fo=3196, routed)        0.828    -0.861    u_top_airhockey/u_draw_winminus_label/clk_pix
    SLICE_X34Y54         FDRE                                         r  u_top_airhockey/u_draw_winminus_label/vcount_d1_reg[6]/C
                         clock pessimism              0.503    -0.357    
    SLICE_X34Y54         FDRE (Hold_fdre_C_D)         0.010    -0.347    u_top_airhockey/u_draw_winminus_label/vcount_d1_reg[6]
  -------------------------------------------------------------------
                         required time                          0.347    
                         arrival time                          -0.293    
  -------------------------------------------------------------------
                         slack                                  0.055    





Pulse Width Checks
--------------------------------------------------------------------------------------
Clock Name:         clk_pix_clk_wiz_0
Waveform(ns):       { 0.000 7.692 }
Period(ns):         15.385
Sources:            { u_clk_wiz/inst/mmcm_adv_inst/CLKOUT1 }

Check Type        Corner  Lib Pin             Reference Pin  Required(ns)  Actual(ns)  Slack(ns)  Location         Pin
Min Period        n/a     RAMB18E1/CLKARDCLK  n/a            2.576         15.385      12.809     RAMB18_X1Y20     u_top_airhockey/u_draw_score1_tens/u_font_rom/char_line_pixels_reg/CLKARDCLK
Min Period        n/a     RAMB18E1/CLKBWRCLK  n/a            2.576         15.385      12.809     RAMB18_X1Y20     u_top_airhockey/u_draw_score1_tens/u_font_rom/char_line_pixels_reg/CLKBWRCLK
Min Period        n/a     RAMB18E1/CLKARDCLK  n/a            2.576         15.385      12.809     RAMB18_X1Y17     u_top_airhockey/u_draw_score2_tens/u_font_rom/char_line_pixels_reg/CLKARDCLK
Min Period        n/a     RAMB18E1/CLKBWRCLK  n/a            2.576         15.385      12.809     RAMB18_X1Y17     u_top_airhockey/u_draw_score2_tens/u_font_rom/char_line_pixels_reg/CLKBWRCLK
Min Period        n/a     RAMB18E1/CLKARDCLK  n/a            2.576         15.385      12.809     RAMB18_X1Y19     u_top_airhockey/u_draw_win_value/u_font_rom/char_line_pixels_reg/CLKARDCLK
Min Period        n/a     RAMB18E1/CLKBWRCLK  n/a            2.576         15.385      12.809     RAMB18_X1Y19     u_top_airhockey/u_draw_win_value/u_font_rom/char_line_pixels_reg/CLKBWRCLK
Min Period        n/a     RAMB18E1/CLKARDCLK  n/a            2.576         15.385      12.809     RAMB18_X0Y22     u_top_airhockey/u_font_rom_diffminus/char_line_pixels_reg/CLKARDCLK
Min Period        n/a     RAMB18E1/CLKBWRCLK  n/a            2.576         15.385      12.809     RAMB18_X0Y22     u_top_airhockey/u_font_rom_diffminus/char_line_pixels_reg/CLKBWRCLK
Min Period        n/a     RAMB18E1/CLKARDCLK  n/a            2.576         15.385      12.809     RAMB18_X0Y24     u_top_airhockey/u_font_rom_diffplus/char_line_pixels_reg/CLKARDCLK
Min Period        n/a     RAMB18E1/CLKBWRCLK  n/a            2.576         15.385      12.809     RAMB18_X0Y24     u_top_airhockey/u_font_rom_diffplus/char_line_pixels_reg/CLKBWRCLK
Max Period        n/a     MMCME2_ADV/CLKOUT1  n/a            213.360       15.385      197.975    MMCME2_ADV_X1Y0  u_clk_wiz/inst/mmcm_adv_inst/CLKOUT1
Low Pulse Width   Slow    SRLC32E/CLK         n/a            0.980         7.692       6.712      SLICE_X2Y47      u_top_airhockey/u_draw_mode_plus_button/hsync_d2_reg_srl30___u_top_airhockey_u_draw_mode_plus_button_hsync_d2_reg_r/CLK
Low Pulse Width   Fast    SRLC32E/CLK         n/a            0.980         7.692       6.712      SLICE_X2Y47      u_top_airhockey/u_draw_mode_plus_button/hsync_d2_reg_srl30___u_top_airhockey_u_draw_mode_plus_button_hsync_d2_reg_r/CLK
Low Pulse Width   Slow    SRLC32E/CLK         n/a            0.980         7.692       6.712      SLICE_X6Y41      u_top_airhockey/u_draw_mode_plus_button/vsync_d2_reg_srl29___u_top_airhockey_u_draw_mode_plus_button_hsync_d1_reg_r/CLK
Low Pulse Width   Fast    SRLC32E/CLK         n/a            0.980         7.692       6.712      SLICE_X6Y41      u_top_airhockey/u_draw_mode_plus_button/vsync_d2_reg_srl29___u_top_airhockey_u_draw_mode_plus_button_hsync_d1_reg_r/CLK
Low Pulse Width   Slow    SRLC32E/CLK         n/a            0.980         7.692       6.712      SLICE_X2Y47      u_top_airhockey/u_draw_win_minus_button/hsync_d2_reg_srl32___u_top_airhockey_u_draw_win_minus_button_hsync_d2_reg_r/CLK
Low Pulse Width   Fast    SRLC32E/CLK         n/a            0.980         7.692       6.712      SLICE_X2Y47      u_top_airhockey/u_draw_win_minus_button/hsync_d2_reg_srl32___u_top_airhockey_u_draw_win_minus_button_hsync_d2_reg_r/CLK
Low Pulse Width   Slow    SRLC32E/CLK         n/a            0.980         7.692       6.712      SLICE_X6Y41      u_top_airhockey/u_draw_winminus_label/vsync_d1_reg_srl32___u_top_airhockey_u_draw_win_minus_button_hsync_d2_reg_r/CLK
Low Pulse Width   Fast    SRLC32E/CLK         n/a            0.980         7.692       6.712      SLICE_X6Y41      u_top_airhockey/u_draw_winminus_label/vsync_d1_reg_srl32___u_top_airhockey_u_draw_win_minus_button_hsync_d2_reg_r/CLK
Low Pulse Width   Slow    FDRE/C              n/a            0.500         7.692       7.192      SLICE_X34Y46     u_clk_wiz/inst/seq_reg2_reg[0]/C
Low Pulse Width   Fast    FDRE/C              n/a            0.500         7.692       7.192      SLICE_X34Y46     u_clk_wiz/inst/seq_reg2_reg[0]/C
High Pulse Width  Slow    SRLC32E/CLK         n/a            0.980         7.692       6.712      SLICE_X2Y47      u_top_airhockey/u_draw_mode_plus_button/hsync_d2_reg_srl30___u_top_airhockey_u_draw_mode_plus_button_hsync_d2_reg_r/CLK
High Pulse Width  Fast    SRLC32E/CLK         n/a            0.980         7.692       6.712      SLICE_X2Y47      u_top_airhockey/u_draw_mode_plus_button/hsync_d2_reg_srl30___u_top_airhockey_u_draw_mode_plus_button_hsync_d2_reg_r/CLK
High Pulse Width  Slow    SRLC32E/CLK         n/a            0.980         7.692       6.712      SLICE_X6Y41      u_top_airhockey/u_draw_mode_plus_button/vsync_d2_reg_srl29___u_top_airhockey_u_draw_mode_plus_button_hsync_d1_reg_r/CLK
High Pulse Width  Fast    SRLC32E/CLK         n/a            0.980         7.692       6.712      SLICE_X6Y41      u_top_airhockey/u_draw_mode_plus_button/vsync_d2_reg_srl29___u_top_airhockey_u_draw_mode_plus_button_hsync_d1_reg_r/CLK
High Pulse Width  Slow    SRLC32E/CLK         n/a            0.980         7.692       6.712      SLICE_X2Y47      u_top_airhockey/u_draw_win_minus_button/hsync_d2_reg_srl32___u_top_airhockey_u_draw_win_minus_button_hsync_d2_reg_r/CLK
High Pulse Width  Fast    SRLC32E/CLK         n/a            0.980         7.692       6.712      SLICE_X2Y47      u_top_airhockey/u_draw_win_minus_button/hsync_d2_reg_srl32___u_top_airhockey_u_draw_win_minus_button_hsync_d2_reg_r/CLK
High Pulse Width  Slow    SRLC32E/CLK         n/a            0.980         7.692       6.712      SLICE_X6Y41      u_top_airhockey/u_draw_winminus_label/vsync_d1_reg_srl32___u_top_airhockey_u_draw_win_minus_button_hsync_d2_reg_r/CLK
High Pulse Width  Fast    SRLC32E/CLK         n/a            0.980         7.692       6.712      SLICE_X6Y41      u_top_airhockey/u_draw_winminus_label/vsync_d1_reg_srl32___u_top_airhockey_u_draw_win_minus_button_hsync_d2_reg_r/CLK
High Pulse Width  Slow    FDRE/C              n/a            0.500         7.692       7.192      SLICE_X34Y46     u_clk_wiz/inst/seq_reg2_reg[0]/C
High Pulse Width  Fast    FDRE/C              n/a            0.500         7.692       7.192      SLICE_X34Y46     u_clk_wiz/inst/seq_reg2_reg[0]/C



---------------------------------------------------------------------------------------------------
From Clock:  clkfbout_clk_wiz_0
  To Clock:  clkfbout_clk_wiz_0

Setup :           NA  Failing Endpoints,  Worst Slack           NA  ,  Total Violation           NA
Hold  :           NA  Failing Endpoints,  Worst Slack           NA  ,  Total Violation           NA
PW    :            0  Failing Endpoints,  Worst Slack        7.845ns,  Total Violation        0.000ns
---------------------------------------------------------------------------------------------------


Pulse Width Checks
--------------------------------------------------------------------------------------
Clock Name:         clkfbout_clk_wiz_0
Waveform(ns):       { 0.000 5.000 }
Period(ns):         10.000
Sources:            { u_clk_wiz/inst/mmcm_adv_inst/CLKFBOUT }

Check Type  Corner  Lib Pin              Reference Pin  Required(ns)  Actual(ns)  Slack(ns)  Location         Pin
Min Period  n/a     BUFG/I               n/a            2.155         10.000      7.845      BUFGCTRL_X0Y2    u_clk_wiz/inst/clkf_buf/I
Min Period  n/a     MMCME2_ADV/CLKFBOUT  n/a            1.249         10.000      8.751      MMCME2_ADV_X1Y0  u_clk_wiz/inst/mmcm_adv_inst/CLKFBOUT
Min Period  n/a     MMCME2_ADV/CLKFBIN   n/a            1.249         10.000      8.751      MMCME2_ADV_X1Y0  u_clk_wiz/inst/mmcm_adv_inst/CLKFBIN
Max Period  n/a     MMCME2_ADV/CLKFBIN   n/a            100.000       10.000      90.000     MMCME2_ADV_X1Y0  u_clk_wiz/inst/mmcm_adv_inst/CLKFBIN
Max Period  n/a     MMCME2_ADV/CLKFBOUT  n/a            213.360       10.000      203.360    MMCME2_ADV_X1Y0  u_clk_wiz/inst/mmcm_adv_inst/CLKFBOUT



---------------------------------------------------------------------------------------------------
Path Group:  **async_default**
From Clock:  clk100MHz_clk_wiz_0
  To Clock:  clk100MHz_clk_wiz_0

Setup :            0  Failing Endpoints,  Worst Slack        7.067ns,  Total Violation        0.000ns
Hold  :            0  Failing Endpoints,  Worst Slack        0.674ns,  Total Violation        0.000ns
---------------------------------------------------------------------------------------------------


Max Delay Paths
--------------------------------------------------------------------------------------
Slack (MET) :             7.067ns  (required time - arrival time)
  Source:                 u_top_airhockey/u_rst_ctl_100/sync_ff_reg[1]/C
                            (rising edge-triggered cell FDPE clocked by clk100MHz_clk_wiz_0  {rise@0.000ns fall@5.000ns period=10.000ns})
  Destination:            u_top_airhockey/u_mouse/FSM_onehot_state_reg[18]/CLR
                            (recovery check against rising-edge clock clk100MHz_clk_wiz_0  {rise@0.000ns fall@5.000ns period=10.000ns})
  Path Group:             **async_default**
  Path Type:              Recovery (Max at Slow Process Corner)
  Requirement:            10.000ns  (clk100MHz_clk_wiz_0 rise@10.000ns - clk100MHz_clk_wiz_0 rise@0.000ns)
  Data Path Delay:        2.236ns  (logic 0.419ns (18.735%)  route 1.817ns (81.265%))
  Logic Levels:           0  
  Clock Path Skew:        -0.036ns (DCD - SCD + CPR)
    Destination Clock Delay (DCD):    -1.480ns = ( 8.520 - 10.000 ) 
    Source Clock Delay      (SCD):    -0.881ns
    Clock Pessimism Removal (CPR):    0.564ns
  Clock Uncertainty:      0.081ns  ((TSJ^2 + DJ^2)^1/2) / 2 + PE
    Total System Jitter     (TSJ):    0.071ns
    Discrete Jitter          (DJ):    0.146ns
    Phase Error              (PE):    0.000ns

    Location             Delay type                Incr(ns)  Path(ns)    Netlist Resource(s)
  -------------------------------------------------------------------    -------------------
                         (clock clk100MHz_clk_wiz_0 rise edge)
                                                      0.000     0.000 r  
    W5                                                0.000     0.000 r  clk (IN)
                         net (fo=0)                   0.000     0.000    u_clk_wiz/inst/clk
    W5                   IBUF (Prop_ibuf_I_O)         1.458     1.458 r  u_clk_wiz/inst/clkin1_ibufg/O
                         net (fo=1, routed)           1.233     2.691    u_clk_wiz/inst/clk_clk_wiz_0
    MMCME2_ADV_X1Y0      MMCME2_ADV (Prop_mmcme2_adv_CLKIN1_CLKOUT0)
                                                     -6.961    -4.269 r  u_clk_wiz/inst/mmcm_adv_inst/CLKOUT0
                         net (fo=2, routed)           1.661    -2.608    u_clk_wiz/inst/clk100MHz_clk_wiz_0
    BUFGCTRL_X0Y1        BUFGCTRL (Prop_bufgctrl_I0_O)
                                                      0.096    -2.512 r  u_clk_wiz/inst/clkout1_buf/O
                         net (fo=268, routed)         1.631    -0.881    u_top_airhockey/u_rst_ctl_100/CLK
    SLICE_X0Y15          FDPE                                         r  u_top_airhockey/u_rst_ctl_100/sync_ff_reg[1]/C
  -------------------------------------------------------------------    -------------------
    SLICE_X0Y15          FDPE (Prop_fdpe_C_Q)         0.419    -0.462 f  u_top_airhockey/u_rst_ctl_100/sync_ff_reg[1]/Q
                         net (fo=82, routed)          1.817     1.356    u_top_airhockey/u_mouse/out[0]
    SLICE_X0Y37          FDCE                                         f  u_top_airhockey/u_mouse/FSM_onehot_state_reg[18]/CLR
  -------------------------------------------------------------------    -------------------

                         (clock clk100MHz_clk_wiz_0 rise edge)
                                                     10.000    10.000 r  
    W5                                                0.000    10.000 r  clk (IN)
                         net (fo=0)                   0.000    10.000    u_clk_wiz/inst/clk
    W5                   IBUF (Prop_ibuf_I_O)         1.388    11.388 r  u_clk_wiz/inst/clkin1_ibufg/O
                         net (fo=1, routed)           1.162    12.550    u_clk_wiz/inst/clk_clk_wiz_0
    MMCME2_ADV_X1Y0      MMCME2_ADV (Prop_mmcme2_adv_CLKIN1_CLKOUT0)
                                                     -7.217     5.332 r  u_clk_wiz/inst/mmcm_adv_inst/CLKOUT0
                         net (fo=2, routed)           1.581     6.914    u_clk_wiz/inst/clk100MHz_clk_wiz_0
    BUFGCTRL_X0Y1        BUFGCTRL (Prop_bufgctrl_I0_O)
                                                      0.091     7.005 r  u_clk_wiz/inst/clkout1_buf/O
                         net (fo=268, routed)         1.515     8.520    u_top_airhockey/u_mouse/CLK
    SLICE_X0Y37          FDCE                                         r  u_top_airhockey/u_mouse/FSM_onehot_state_reg[18]/C
                         clock pessimism              0.564     9.083    
                         clock uncertainty           -0.081     9.003    
    SLICE_X0Y37          FDCE (Recov_fdce_C_CLR)     -0.580     8.423    u_top_airhockey/u_mouse/FSM_onehot_state_reg[18]
  -------------------------------------------------------------------
                         required time                          8.423    
                         arrival time                          -1.356    
  -------------------------------------------------------------------
                         slack                                  7.067    

Slack (MET) :             7.067ns  (required time - arrival time)
  Source:                 u_top_airhockey/u_rst_ctl_100/sync_ff_reg[1]/C
                            (rising edge-triggered cell FDPE clocked by clk100MHz_clk_wiz_0  {rise@0.000ns fall@5.000ns period=10.000ns})
  Destination:            u_top_airhockey/u_mouse/FSM_onehot_state_reg[32]/CLR
                            (recovery check against rising-edge clock clk100MHz_clk_wiz_0  {rise@0.000ns fall@5.000ns period=10.000ns})
  Path Group:             **async_default**
  Path Type:              Recovery (Max at Slow Process Corner)
  Requirement:            10.000ns  (clk100MHz_clk_wiz_0 rise@10.000ns - clk100MHz_clk_wiz_0 rise@0.000ns)
  Data Path Delay:        2.236ns  (logic 0.419ns (18.735%)  route 1.817ns (81.265%))
  Logic Levels:           0  
  Clock Path Skew:        -0.036ns (DCD - SCD + CPR)
    Destination Clock Delay (DCD):    -1.480ns = ( 8.520 - 10.000 ) 
    Source Clock Delay      (SCD):    -0.881ns
    Clock Pessimism Removal (CPR):    0.564ns
  Clock Uncertainty:      0.081ns  ((TSJ^2 + DJ^2)^1/2) / 2 + PE
    Total System Jitter     (TSJ):    0.071ns
    Discrete Jitter          (DJ):    0.146ns
    Phase Error              (PE):    0.000ns

    Location             Delay type                Incr(ns)  Path(ns)    Netlist Resource(s)
  -------------------------------------------------------------------    -------------------
                         (clock clk100MHz_clk_wiz_0 rise edge)
                                                      0.000     0.000 r  
    W5                                                0.000     0.000 r  clk (IN)
                         net (fo=0)                   0.000     0.000    u_clk_wiz/inst/clk
    W5                   IBUF (Prop_ibuf_I_O)         1.458     1.458 r  u_clk_wiz/inst/clkin1_ibufg/O
                         net (fo=1, routed)           1.233     2.691    u_clk_wiz/inst/clk_clk_wiz_0
    MMCME2_ADV_X1Y0      MMCME2_ADV (Prop_mmcme2_adv_CLKIN1_CLKOUT0)
                                                     -6.961    -4.269 r  u_clk_wiz/inst/mmcm_adv_inst/CLKOUT0
                         net (fo=2, routed)           1.661    -2.608    u_clk_wiz/inst/clk100MHz_clk_wiz_0
    BUFGCTRL_X0Y1        BUFGCTRL (Prop_bufgctrl_I0_O)
                                                      0.096    -2.512 r  u_clk_wiz/inst/clkout1_buf/O
                         net (fo=268, routed)         1.631    -0.881    u_top_airhockey/u_rst_ctl_100/CLK
    SLICE_X0Y15          FDPE                                         r  u_top_airhockey/u_rst_ctl_100/sync_ff_reg[1]/C
  -------------------------------------------------------------------    -------------------
    SLICE_X0Y15          FDPE (Prop_fdpe_C_Q)         0.419    -0.462 f  u_top_airhockey/u_rst_ctl_100/sync_ff_reg[1]/Q
                         net (fo=82, routed)          1.817     1.356    u_top_airhockey/u_mouse/out[0]
    SLICE_X0Y37          FDCE                                         f  u_top_airhockey/u_mouse/FSM_onehot_state_reg[32]/CLR
  -------------------------------------------------------------------    -------------------

                         (clock clk100MHz_clk_wiz_0 rise edge)
                                                     10.000    10.000 r  
    W5                                                0.000    10.000 r  clk (IN)
                         net (fo=0)                   0.000    10.000    u_clk_wiz/inst/clk
    W5                   IBUF (Prop_ibuf_I_O)         1.388    11.388 r  u_clk_wiz/inst/clkin1_ibufg/O
                         net (fo=1, routed)           1.162    12.550    u_clk_wiz/inst/clk_clk_wiz_0
    MMCME2_ADV_X1Y0      MMCME2_ADV (Prop_mmcme2_adv_CLKIN1_CLKOUT0)
                                                     -7.217     5.332 r  u_clk_wiz/inst/mmcm_adv_inst/CLKOUT0
                         net (fo=2, routed)           1.581     6.914    u_clk_wiz/inst/clk100MHz_clk_wiz_0
    BUFGCTRL_X0Y1        BUFGCTRL (Prop_bufgctrl_I0_O)
                                                      0.091     7.005 r  u_clk_wiz/inst/clkout1_buf/O
                         net (fo=268, routed)         1.515     8.520    u_top_airhockey/u_mouse/CLK
    SLICE_X0Y37          FDCE                                         r  u_top_airhockey/u_mouse/FSM_onehot_state_reg[32]/C
                         clock pessimism              0.564     9.083    
                         clock uncertainty           -0.081     9.003    
    SLICE_X0Y37          FDCE (Recov_fdce_C_CLR)     -0.580     8.423    u_top_airhockey/u_mouse/FSM_onehot_state_reg[32]
  -------------------------------------------------------------------
                         required time                          8.423    
                         arrival time                          -1.356    
  -------------------------------------------------------------------
                         slack                                  7.067    

Slack (MET) :             7.067ns  (required time - arrival time)
  Source:                 u_top_airhockey/u_rst_ctl_100/sync_ff_reg[1]/C
                            (rising edge-triggered cell FDPE clocked by clk100MHz_clk_wiz_0  {rise@0.000ns fall@5.000ns period=10.000ns})
  Destination:            u_top_airhockey/u_mouse/FSM_onehot_state_reg[33]/CLR
                            (recovery check against rising-edge clock clk100MHz_clk_wiz_0  {rise@0.000ns fall@5.000ns period=10.000ns})
  Path Group:             **async_default**
  Path Type:              Recovery (Max at Slow Process Corner)
  Requirement:            10.000ns  (clk100MHz_clk_wiz_0 rise@10.000ns - clk100MHz_clk_wiz_0 rise@0.000ns)
  Data Path Delay:        2.236ns  (logic 0.419ns (18.735%)  route 1.817ns (81.265%))
  Logic Levels:           0  
  Clock Path Skew:        -0.036ns (DCD - SCD + CPR)
    Destination Clock Delay (DCD):    -1.480ns = ( 8.520 - 10.000 ) 
    Source Clock Delay      (SCD):    -0.881ns
    Clock Pessimism Removal (CPR):    0.564ns
  Clock Uncertainty:      0.081ns  ((TSJ^2 + DJ^2)^1/2) / 2 + PE
    Total System Jitter     (TSJ):    0.071ns
    Discrete Jitter          (DJ):    0.146ns
    Phase Error              (PE):    0.000ns

    Location             Delay type                Incr(ns)  Path(ns)    Netlist Resource(s)
  -------------------------------------------------------------------    -------------------
                         (clock clk100MHz_clk_wiz_0 rise edge)
                                                      0.000     0.000 r  
    W5                                                0.000     0.000 r  clk (IN)
                         net (fo=0)                   0.000     0.000    u_clk_wiz/inst/clk
    W5                   IBUF (Prop_ibuf_I_O)         1.458     1.458 r  u_clk_wiz/inst/clkin1_ibufg/O
                         net (fo=1, routed)           1.233     2.691    u_clk_wiz/inst/clk_clk_wiz_0
    MMCME2_ADV_X1Y0      MMCME2_ADV (Prop_mmcme2_adv_CLKIN1_CLKOUT0)
                                                     -6.961    -4.269 r  u_clk_wiz/inst/mmcm_adv_inst/CLKOUT0
                         net (fo=2, routed)           1.661    -2.608    u_clk_wiz/inst/clk100MHz_clk_wiz_0
    BUFGCTRL_X0Y1        BUFGCTRL (Prop_bufgctrl_I0_O)
                                                      0.096    -2.512 r  u_clk_wiz/inst/clkout1_buf/O
                         net (fo=268, routed)         1.631    -0.881    u_top_airhockey/u_rst_ctl_100/CLK
    SLICE_X0Y15          FDPE                                         r  u_top_airhockey/u_rst_ctl_100/sync_ff_reg[1]/C
  -------------------------------------------------------------------    -------------------
    SLICE_X0Y15          FDPE (Prop_fdpe_C_Q)         0.419    -0.462 f  u_top_airhockey/u_rst_ctl_100/sync_ff_reg[1]/Q
                         net (fo=82, routed)          1.817     1.356    u_top_airhockey/u_mouse/out[0]
    SLICE_X0Y37          FDCE                                         f  u_top_airhockey/u_mouse/FSM_onehot_state_reg[33]/CLR
  -------------------------------------------------------------------    -------------------

                         (clock clk100MHz_clk_wiz_0 rise edge)
                                                     10.000    10.000 r  
    W5                                                0.000    10.000 r  clk (IN)
                         net (fo=0)                   0.000    10.000    u_clk_wiz/inst/clk
    W5                   IBUF (Prop_ibuf_I_O)         1.388    11.388 r  u_clk_wiz/inst/clkin1_ibufg/O
                         net (fo=1, routed)           1.162    12.550    u_clk_wiz/inst/clk_clk_wiz_0
    MMCME2_ADV_X1Y0      MMCME2_ADV (Prop_mmcme2_adv_CLKIN1_CLKOUT0)
                                                     -7.217     5.332 r  u_clk_wiz/inst/mmcm_adv_inst/CLKOUT0
                         net (fo=2, routed)           1.581     6.914    u_clk_wiz/inst/clk100MHz_clk_wiz_0
    BUFGCTRL_X0Y1        BUFGCTRL (Prop_bufgctrl_I0_O)
                                                      0.091     7.005 r  u_clk_wiz/inst/clkout1_buf/O
                         net (fo=268, routed)         1.515     8.520    u_top_airhockey/u_mouse/CLK
    SLICE_X0Y37          FDCE                                         r  u_top_airhockey/u_mouse/FSM_onehot_state_reg[33]/C
                         clock pessimism              0.564     9.083    
                         clock uncertainty           -0.081     9.003    
    SLICE_X0Y37          FDCE (Recov_fdce_C_CLR)     -0.580     8.423    u_top_airhockey/u_mouse/FSM_onehot_state_reg[33]
  -------------------------------------------------------------------
                         required time                          8.423    
                         arrival time                          -1.356    
  -------------------------------------------------------------------
                         slack                                  7.067    

Slack (MET) :             7.067ns  (required time - arrival time)
  Source:                 u_top_airhockey/u_rst_ctl_100/sync_ff_reg[1]/C
                            (rising edge-triggered cell FDPE clocked by clk100MHz_clk_wiz_0  {rise@0.000ns fall@5.000ns period=10.000ns})
  Destination:            u_top_airhockey/u_mouse/haswheel_reg/CLR
                            (recovery check against rising-edge clock clk100MHz_clk_wiz_0  {rise@0.000ns fall@5.000ns period=10.000ns})
  Path Group:             **async_default**
  Path Type:              Recovery (Max at Slow Process Corner)
  Requirement:            10.000ns  (clk100MHz_clk_wiz_0 rise@10.000ns - clk100MHz_clk_wiz_0 rise@0.000ns)
  Data Path Delay:        2.236ns  (logic 0.419ns (18.735%)  route 1.817ns (81.265%))
  Logic Levels:           0  
  Clock Path Skew:        -0.036ns (DCD - SCD + CPR)
    Destination Clock Delay (DCD):    -1.480ns = ( 8.520 - 10.000 ) 
    Source Clock Delay      (SCD):    -0.881ns
    Clock Pessimism Removal (CPR):    0.564ns
  Clock Uncertainty:      0.081ns  ((TSJ^2 + DJ^2)^1/2) / 2 + PE
    Total System Jitter     (TSJ):    0.071ns
    Discrete Jitter          (DJ):    0.146ns
    Phase Error              (PE):    0.000ns

    Location             Delay type                Incr(ns)  Path(ns)    Netlist Resource(s)
  -------------------------------------------------------------------    -------------------
                         (clock clk100MHz_clk_wiz_0 rise edge)
                                                      0.000     0.000 r  
    W5                                                0.000     0.000 r  clk (IN)
                         net (fo=0)                   0.000     0.000    u_clk_wiz/inst/clk
    W5                   IBUF (Prop_ibuf_I_O)         1.458     1.458 r  u_clk_wiz/inst/clkin1_ibufg/O
                         net (fo=1, routed)           1.233     2.691    u_clk_wiz/inst/clk_clk_wiz_0
    MMCME2_ADV_X1Y0      MMCME2_ADV (Prop_mmcme2_adv_CLKIN1_CLKOUT0)
                                                     -6.961    -4.269 r  u_clk_wiz/inst/mmcm_adv_inst/CLKOUT0
                         net (fo=2, routed)           1.661    -2.608    u_clk_wiz/inst/clk100MHz_clk_wiz_0
    BUFGCTRL_X0Y1        BUFGCTRL (Prop_bufgctrl_I0_O)
                                                      0.096    -2.512 r  u_clk_wiz/inst/clkout1_buf/O
                         net (fo=268, routed)         1.631    -0.881    u_top_airhockey/u_rst_ctl_100/CLK
    SLICE_X0Y15          FDPE                                         r  u_top_airhockey/u_rst_ctl_100/sync_ff_reg[1]/C
  -------------------------------------------------------------------    -------------------
    SLICE_X0Y15          FDPE (Prop_fdpe_C_Q)         0.419    -0.462 f  u_top_airhockey/u_rst_ctl_100/sync_ff_reg[1]/Q
                         net (fo=82, routed)          1.817     1.356    u_top_airhockey/u_mouse/out[0]
    SLICE_X0Y37          FDCE                                         f  u_top_airhockey/u_mouse/haswheel_reg/CLR
  -------------------------------------------------------------------    -------------------

                         (clock clk100MHz_clk_wiz_0 rise edge)
                                                     10.000    10.000 r  
    W5                                                0.000    10.000 r  clk (IN)
                         net (fo=0)                   0.000    10.000    u_clk_wiz/inst/clk
    W5                   IBUF (Prop_ibuf_I_O)         1.388    11.388 r  u_clk_wiz/inst/clkin1_ibufg/O
                         net (fo=1, routed)           1.162    12.550    u_clk_wiz/inst/clk_clk_wiz_0
    MMCME2_ADV_X1Y0      MMCME2_ADV (Prop_mmcme2_adv_CLKIN1_CLKOUT0)
                                                     -7.217     5.332 r  u_clk_wiz/inst/mmcm_adv_inst/CLKOUT0
                         net (fo=2, routed)           1.581     6.914    u_clk_wiz/inst/clk100MHz_clk_wiz_0
    BUFGCTRL_X0Y1        BUFGCTRL (Prop_bufgctrl_I0_O)
                                                      0.091     7.005 r  u_clk_wiz/inst/clkout1_buf/O
                         net (fo=268, routed)         1.515     8.520    u_top_airhockey/u_mouse/CLK
    SLICE_X0Y37          FDCE                                         r  u_top_airhockey/u_mouse/haswheel_reg/C
                         clock pessimism              0.564     9.083    
                         clock uncertainty           -0.081     9.003    
    SLICE_X0Y37          FDCE (Recov_fdce_C_CLR)     -0.580     8.423    u_top_airhockey/u_mouse/haswheel_reg
  -------------------------------------------------------------------
                         required time                          8.423    
                         arrival time                          -1.356    
  -------------------------------------------------------------------
                         slack                                  7.067    

Slack (MET) :             7.071ns  (required time - arrival time)
  Source:                 u_top_airhockey/u_rst_ctl_100/sync_ff_reg[1]/C
                            (rising edge-triggered cell FDPE clocked by clk100MHz_clk_wiz_0  {rise@0.000ns fall@5.000ns period=10.000ns})
  Destination:            u_top_airhockey/u_mouse/y_inc_reg[0]/CLR
                            (recovery check against rising-edge clock clk100MHz_clk_wiz_0  {rise@0.000ns fall@5.000ns period=10.000ns})
  Path Group:             **async_default**
  Path Type:              Recovery (Max at Slow Process Corner)
  Requirement:            10.000ns  (clk100MHz_clk_wiz_0 rise@10.000ns - clk100MHz_clk_wiz_0 rise@0.000ns)
  Data Path Delay:        2.232ns  (logic 0.419ns (18.771%)  route 1.813ns (81.229%))
  Logic Levels:           0  
  Clock Path Skew:        -0.036ns (DCD - SCD + CPR)
    Destination Clock Delay (DCD):    -1.480ns = ( 8.520 - 10.000 ) 
    Source Clock Delay      (SCD):    -0.881ns
    Clock Pessimism Removal (CPR):    0.564ns
  Clock Uncertainty:      0.081ns  ((TSJ^2 + DJ^2)^1/2) / 2 + PE
    Total System Jitter     (TSJ):    0.071ns
    Discrete Jitter          (DJ):    0.146ns
    Phase Error              (PE):    0.000ns

    Location             Delay type                Incr(ns)  Path(ns)    Netlist Resource(s)
  -------------------------------------------------------------------    -------------------
                         (clock clk100MHz_clk_wiz_0 rise edge)
                                                      0.000     0.000 r  
    W5                                                0.000     0.000 r  clk (IN)
                         net (fo=0)                   0.000     0.000    u_clk_wiz/inst/clk
    W5                   IBUF (Prop_ibuf_I_O)         1.458     1.458 r  u_clk_wiz/inst/clkin1_ibufg/O
                         net (fo=1, routed)           1.233     2.691    u_clk_wiz/inst/clk_clk_wiz_0
    MMCME2_ADV_X1Y0      MMCME2_ADV (Prop_mmcme2_adv_CLKIN1_CLKOUT0)
                                                     -6.961    -4.269 r  u_clk_wiz/inst/mmcm_adv_inst/CLKOUT0
                         net (fo=2, routed)           1.661    -2.608    u_clk_wiz/inst/clk100MHz_clk_wiz_0
    BUFGCTRL_X0Y1        BUFGCTRL (Prop_bufgctrl_I0_O)
                                                      0.096    -2.512 r  u_clk_wiz/inst/clkout1_buf/O
                         net (fo=268, routed)         1.631    -0.881    u_top_airhockey/u_rst_ctl_100/CLK
    SLICE_X0Y15          FDPE                                         r  u_top_airhockey/u_rst_ctl_100/sync_ff_reg[1]/C
  -------------------------------------------------------------------    -------------------
    SLICE_X0Y15          FDPE (Prop_fdpe_C_Q)         0.419    -0.462 f  u_top_airhockey/u_rst_ctl_100/sync_ff_reg[1]/Q
                         net (fo=82, routed)          1.813     1.352    u_top_airhockey/u_mouse/out[0]
    SLICE_X1Y37          FDCE                                         f  u_top_airhockey/u_mouse/y_inc_reg[0]/CLR
  -------------------------------------------------------------------    -------------------

                         (clock clk100MHz_clk_wiz_0 rise edge)
                                                     10.000    10.000 r  
    W5                                                0.000    10.000 r  clk (IN)
                         net (fo=0)                   0.000    10.000    u_clk_wiz/inst/clk
    W5                   IBUF (Prop_ibuf_I_O)         1.388    11.388 r  u_clk_wiz/inst/clkin1_ibufg/O
                         net (fo=1, routed)           1.162    12.550    u_clk_wiz/inst/clk_clk_wiz_0
    MMCME2_ADV_X1Y0      MMCME2_ADV (Prop_mmcme2_adv_CLKIN1_CLKOUT0)
                                                     -7.217     5.332 r  u_clk_wiz/inst/mmcm_adv_inst/CLKOUT0
                         net (fo=2, routed)           1.581     6.914    u_clk_wiz/inst/clk100MHz_clk_wiz_0
    BUFGCTRL_X0Y1        BUFGCTRL (Prop_bufgctrl_I0_O)
                                                      0.091     7.005 r  u_clk_wiz/inst/clkout1_buf/O
                         net (fo=268, routed)         1.515     8.520    u_top_airhockey/u_mouse/CLK
    SLICE_X1Y37          FDCE                                         r  u_top_airhockey/u_mouse/y_inc_reg[0]/C
                         clock pessimism              0.564     9.083    
                         clock uncertainty           -0.081     9.003    
    SLICE_X1Y37          FDCE (Recov_fdce_C_CLR)     -0.580     8.423    u_top_airhockey/u_mouse/y_inc_reg[0]
  -------------------------------------------------------------------
                         required time                          8.423    
                         arrival time                          -1.352    
  -------------------------------------------------------------------
                         slack                                  7.071    

Slack (MET) :             7.071ns  (required time - arrival time)
  Source:                 u_top_airhockey/u_rst_ctl_100/sync_ff_reg[1]/C
                            (rising edge-triggered cell FDPE clocked by clk100MHz_clk_wiz_0  {rise@0.000ns fall@5.000ns period=10.000ns})
  Destination:            u_top_airhockey/u_mouse/y_inc_reg[1]/CLR
                            (recovery check against rising-edge clock clk100MHz_clk_wiz_0  {rise@0.000ns fall@5.000ns period=10.000ns})
  Path Group:             **async_default**
  Path Type:              Recovery (Max at Slow Process Corner)
  Requirement:            10.000ns  (clk100MHz_clk_wiz_0 rise@10.000ns - clk100MHz_clk_wiz_0 rise@0.000ns)
  Data Path Delay:        2.232ns  (logic 0.419ns (18.771%)  route 1.813ns (81.229%))
  Logic Levels:           0  
  Clock Path Skew:        -0.036ns (DCD - SCD + CPR)
    Destination Clock Delay (DCD):    -1.480ns = ( 8.520 - 10.000 ) 
    Source Clock Delay      (SCD):    -0.881ns
    Clock Pessimism Removal (CPR):    0.564ns
  Clock Uncertainty:      0.081ns  ((TSJ^2 + DJ^2)^1/2) / 2 + PE
    Total System Jitter     (TSJ):    0.071ns
    Discrete Jitter          (DJ):    0.146ns
    Phase Error              (PE):    0.000ns

    Location             Delay type                Incr(ns)  Path(ns)    Netlist Resource(s)
  -------------------------------------------------------------------    -------------------
                         (clock clk100MHz_clk_wiz_0 rise edge)
                                                      0.000     0.000 r  
    W5                                                0.000     0.000 r  clk (IN)
                         net (fo=0)                   0.000     0.000    u_clk_wiz/inst/clk
    W5                   IBUF (Prop_ibuf_I_O)         1.458     1.458 r  u_clk_wiz/inst/clkin1_ibufg/O
                         net (fo=1, routed)           1.233     2.691    u_clk_wiz/inst/clk_clk_wiz_0
    MMCME2_ADV_X1Y0      MMCME2_ADV (Prop_mmcme2_adv_CLKIN1_CLKOUT0)
                                                     -6.961    -4.269 r  u_clk_wiz/inst/mmcm_adv_inst/CLKOUT0
                         net (fo=2, routed)           1.661    -2.608    u_clk_wiz/inst/clk100MHz_clk_wiz_0
    BUFGCTRL_X0Y1        BUFGCTRL (Prop_bufgctrl_I0_O)
                                                      0.096    -2.512 r  u_clk_wiz/inst/clkout1_buf/O
                         net (fo=268, routed)         1.631    -0.881    u_top_airhockey/u_rst_ctl_100/CLK
    SLICE_X0Y15          FDPE                                         r  u_top_airhockey/u_rst_ctl_100/sync_ff_reg[1]/C
  -------------------------------------------------------------------    -------------------
    SLICE_X0Y15          FDPE (Prop_fdpe_C_Q)         0.419    -0.462 f  u_top_airhockey/u_rst_ctl_100/sync_ff_reg[1]/Q
                         net (fo=82, routed)          1.813     1.352    u_top_airhockey/u_mouse/out[0]
    SLICE_X1Y37          FDCE                                         f  u_top_airhockey/u_mouse/y_inc_reg[1]/CLR
  -------------------------------------------------------------------    -------------------

                         (clock clk100MHz_clk_wiz_0 rise edge)
                                                     10.000    10.000 r  
    W5                                                0.000    10.000 r  clk (IN)
                         net (fo=0)                   0.000    10.000    u_clk_wiz/inst/clk
    W5                   IBUF (Prop_ibuf_I_O)         1.388    11.388 r  u_clk_wiz/inst/clkin1_ibufg/O
                         net (fo=1, routed)           1.162    12.550    u_clk_wiz/inst/clk_clk_wiz_0
    MMCME2_ADV_X1Y0      MMCME2_ADV (Prop_mmcme2_adv_CLKIN1_CLKOUT0)
                                                     -7.217     5.332 r  u_clk_wiz/inst/mmcm_adv_inst/CLKOUT0
                         net (fo=2, routed)           1.581     6.914    u_clk_wiz/inst/clk100MHz_clk_wiz_0
    BUFGCTRL_X0Y1        BUFGCTRL (Prop_bufgctrl_I0_O)
                                                      0.091     7.005 r  u_clk_wiz/inst/clkout1_buf/O
                         net (fo=268, routed)         1.515     8.520    u_top_airhockey/u_mouse/CLK
    SLICE_X1Y37          FDCE                                         r  u_top_airhockey/u_mouse/y_inc_reg[1]/C
                         clock pessimism              0.564     9.083    
                         clock uncertainty           -0.081     9.003    
    SLICE_X1Y37          FDCE (Recov_fdce_C_CLR)     -0.580     8.423    u_top_airhockey/u_mouse/y_inc_reg[1]
  -------------------------------------------------------------------
                         required time                          8.423    
                         arrival time                          -1.352    
  -------------------------------------------------------------------
                         slack                                  7.071    

Slack (MET) :             7.071ns  (required time - arrival time)
  Source:                 u_top_airhockey/u_rst_ctl_100/sync_ff_reg[1]/C
                            (rising edge-triggered cell FDPE clocked by clk100MHz_clk_wiz_0  {rise@0.000ns fall@5.000ns period=10.000ns})
  Destination:            u_top_airhockey/u_mouse/y_inc_reg[2]/CLR
                            (recovery check against rising-edge clock clk100MHz_clk_wiz_0  {rise@0.000ns fall@5.000ns period=10.000ns})
  Path Group:             **async_default**
  Path Type:              Recovery (Max at Slow Process Corner)
  Requirement:            10.000ns  (clk100MHz_clk_wiz_0 rise@10.000ns - clk100MHz_clk_wiz_0 rise@0.000ns)
  Data Path Delay:        2.232ns  (logic 0.419ns (18.771%)  route 1.813ns (81.229%))
  Logic Levels:           0  
  Clock Path Skew:        -0.036ns (DCD - SCD + CPR)
    Destination Clock Delay (DCD):    -1.480ns = ( 8.520 - 10.000 ) 
    Source Clock Delay      (SCD):    -0.881ns
    Clock Pessimism Removal (CPR):    0.564ns
  Clock Uncertainty:      0.081ns  ((TSJ^2 + DJ^2)^1/2) / 2 + PE
    Total System Jitter     (TSJ):    0.071ns
    Discrete Jitter          (DJ):    0.146ns
    Phase Error              (PE):    0.000ns

    Location             Delay type                Incr(ns)  Path(ns)    Netlist Resource(s)
  -------------------------------------------------------------------    -------------------
                         (clock clk100MHz_clk_wiz_0 rise edge)
                                                      0.000     0.000 r  
    W5                                                0.000     0.000 r  clk (IN)
                         net (fo=0)                   0.000     0.000    u_clk_wiz/inst/clk
    W5                   IBUF (Prop_ibuf_I_O)         1.458     1.458 r  u_clk_wiz/inst/clkin1_ibufg/O
                         net (fo=1, routed)           1.233     2.691    u_clk_wiz/inst/clk_clk_wiz_0
    MMCME2_ADV_X1Y0      MMCME2_ADV (Prop_mmcme2_adv_CLKIN1_CLKOUT0)
                                                     -6.961    -4.269 r  u_clk_wiz/inst/mmcm_adv_inst/CLKOUT0
                         net (fo=2, routed)           1.661    -2.608    u_clk_wiz/inst/clk100MHz_clk_wiz_0
    BUFGCTRL_X0Y1        BUFGCTRL (Prop_bufgctrl_I0_O)
                                                      0.096    -2.512 r  u_clk_wiz/inst/clkout1_buf/O
                         net (fo=268, routed)         1.631    -0.881    u_top_airhockey/u_rst_ctl_100/CLK
    SLICE_X0Y15          FDPE                                         r  u_top_airhockey/u_rst_ctl_100/sync_ff_reg[1]/C
  -------------------------------------------------------------------    -------------------
    SLICE_X0Y15          FDPE (Prop_fdpe_C_Q)         0.419    -0.462 f  u_top_airhockey/u_rst_ctl_100/sync_ff_reg[1]/Q
                         net (fo=82, routed)          1.813     1.352    u_top_airhockey/u_mouse/out[0]
    SLICE_X1Y37          FDCE                                         f  u_top_airhockey/u_mouse/y_inc_reg[2]/CLR
  -------------------------------------------------------------------    -------------------

                         (clock clk100MHz_clk_wiz_0 rise edge)
                                                     10.000    10.000 r  
    W5                                                0.000    10.000 r  clk (IN)
                         net (fo=0)                   0.000    10.000    u_clk_wiz/inst/clk
    W5                   IBUF (Prop_ibuf_I_O)         1.388    11.388 r  u_clk_wiz/inst/clkin1_ibufg/O
                         net (fo=1, routed)           1.162    12.550    u_clk_wiz/inst/clk_clk_wiz_0
    MMCME2_ADV_X1Y0      MMCME2_ADV (Prop_mmcme2_adv_CLKIN1_CLKOUT0)
                                                     -7.217     5.332 r  u_clk_wiz/inst/mmcm_adv_inst/CLKOUT0
                         net (fo=2, routed)           1.581     6.914    u_clk_wiz/inst/clk100MHz_clk_wiz_0
    BUFGCTRL_X0Y1        BUFGCTRL (Prop_bufgctrl_I0_O)
                                                      0.091     7.005 r  u_clk_wiz/inst/clkout1_buf/O
                         net (fo=268, routed)         1.515     8.520    u_top_airhockey/u_mouse/CLK
    SLICE_X1Y37          FDCE                                         r  u_top_airhockey/u_mouse/y_inc_reg[2]/C
                         clock pessimism              0.564     9.083    
                         clock uncertainty           -0.081     9.003    
    SLICE_X1Y37          FDCE (Recov_fdce_C_CLR)     -0.580     8.423    u_top_airhockey/u_mouse/y_inc_reg[2]
  -------------------------------------------------------------------
                         required time                          8.423    
                         arrival time                          -1.352    
  -------------------------------------------------------------------
                         slack                                  7.071    

Slack (MET) :             7.216ns  (required time - arrival time)
  Source:                 u_top_airhockey/u_rst_ctl_100/sync_ff_reg[1]/C
                            (rising edge-triggered cell FDPE clocked by clk100MHz_clk_wiz_0  {rise@0.000ns fall@5.000ns period=10.000ns})
  Destination:            u_top_airhockey/u_mouse/FSM_onehot_state_reg[26]/CLR
                            (recovery check against rising-edge clock clk100MHz_clk_wiz_0  {rise@0.000ns fall@5.000ns period=10.000ns})
  Path Group:             **async_default**
  Path Type:              Recovery (Max at Slow Process Corner)
  Requirement:            10.000ns  (clk100MHz_clk_wiz_0 rise@10.000ns - clk100MHz_clk_wiz_0 rise@0.000ns)
  Data Path Delay:        2.086ns  (logic 0.419ns (20.083%)  route 1.667ns (79.917%))
  Logic Levels:           0  
  Clock Path Skew:        -0.037ns (DCD - SCD + CPR)
    Destination Clock Delay (DCD):    -1.481ns = ( 8.519 - 10.000 ) 
    Source Clock Delay      (SCD):    -0.881ns
    Clock Pessimism Removal (CPR):    0.564ns
  Clock Uncertainty:      0.081ns  ((TSJ^2 + DJ^2)^1/2) / 2 + PE
    Total System Jitter     (TSJ):    0.071ns
    Discrete Jitter          (DJ):    0.146ns
    Phase Error              (PE):    0.000ns

    Location             Delay type                Incr(ns)  Path(ns)    Netlist Resource(s)
  -------------------------------------------------------------------    -------------------
                         (clock clk100MHz_clk_wiz_0 rise edge)
                                                      0.000     0.000 r  
    W5                                                0.000     0.000 r  clk (IN)
                         net (fo=0)                   0.000     0.000    u_clk_wiz/inst/clk
    W5                   IBUF (Prop_ibuf_I_O)         1.458     1.458 r  u_clk_wiz/inst/clkin1_ibufg/O
                         net (fo=1, routed)           1.233     2.691    u_clk_wiz/inst/clk_clk_wiz_0
    MMCME2_ADV_X1Y0      MMCME2_ADV (Prop_mmcme2_adv_CLKIN1_CLKOUT0)
                                                     -6.961    -4.269 r  u_clk_wiz/inst/mmcm_adv_inst/CLKOUT0
                         net (fo=2, routed)           1.661    -2.608    u_clk_wiz/inst/clk100MHz_clk_wiz_0
    BUFGCTRL_X0Y1        BUFGCTRL (Prop_bufgctrl_I0_O)
                                                      0.096    -2.512 r  u_clk_wiz/inst/clkout1_buf/O
                         net (fo=268, routed)         1.631    -0.881    u_top_airhockey/u_rst_ctl_100/CLK
    SLICE_X0Y15          FDPE                                         r  u_top_airhockey/u_rst_ctl_100/sync_ff_reg[1]/C
  -------------------------------------------------------------------    -------------------
    SLICE_X0Y15          FDPE (Prop_fdpe_C_Q)         0.419    -0.462 f  u_top_airhockey/u_rst_ctl_100/sync_ff_reg[1]/Q
                         net (fo=82, routed)          1.667     1.206    u_top_airhockey/u_mouse/out[0]
    SLICE_X1Y36          FDCE                                         f  u_top_airhockey/u_mouse/FSM_onehot_state_reg[26]/CLR
  -------------------------------------------------------------------    -------------------

                         (clock clk100MHz_clk_wiz_0 rise edge)
                                                     10.000    10.000 r  
    W5                                                0.000    10.000 r  clk (IN)
                         net (fo=0)                   0.000    10.000    u_clk_wiz/inst/clk
    W5                   IBUF (Prop_ibuf_I_O)         1.388    11.388 r  u_clk_wiz/inst/clkin1_ibufg/O
                         net (fo=1, routed)           1.162    12.550    u_clk_wiz/inst/clk_clk_wiz_0
    MMCME2_ADV_X1Y0      MMCME2_ADV (Prop_mmcme2_adv_CLKIN1_CLKOUT0)
                                                     -7.217     5.332 r  u_clk_wiz/inst/mmcm_adv_inst/CLKOUT0
                         net (fo=2, routed)           1.581     6.914    u_clk_wiz/inst/clk100MHz_clk_wiz_0
    BUFGCTRL_X0Y1        BUFGCTRL (Prop_bufgctrl_I0_O)
                                                      0.091     7.005 r  u_clk_wiz/inst/clkout1_buf/O
                         net (fo=268, routed)         1.514     8.519    u_top_airhockey/u_mouse/CLK
    SLICE_X1Y36          FDCE                                         r  u_top_airhockey/u_mouse/FSM_onehot_state_reg[26]/C
                         clock pessimism              0.564     9.082    
                         clock uncertainty           -0.081     9.002    
    SLICE_X1Y36          FDCE (Recov_fdce_C_CLR)     -0.580     8.422    u_top_airhockey/u_mouse/FSM_onehot_state_reg[26]
  -------------------------------------------------------------------
                         required time                          8.422    
                         arrival time                          -1.206    
  -------------------------------------------------------------------
                         slack                                  7.216    

Slack (MET) :             7.216ns  (required time - arrival time)
  Source:                 u_top_airhockey/u_rst_ctl_100/sync_ff_reg[1]/C
                            (rising edge-triggered cell FDPE clocked by clk100MHz_clk_wiz_0  {rise@0.000ns fall@5.000ns period=10.000ns})
  Destination:            u_top_airhockey/u_mouse/FSM_onehot_state_reg[27]/CLR
                            (recovery check against rising-edge clock clk100MHz_clk_wiz_0  {rise@0.000ns fall@5.000ns period=10.000ns})
  Path Group:             **async_default**
  Path Type:              Recovery (Max at Slow Process Corner)
  Requirement:            10.000ns  (clk100MHz_clk_wiz_0 rise@10.000ns - clk100MHz_clk_wiz_0 rise@0.000ns)
  Data Path Delay:        2.086ns  (logic 0.419ns (20.083%)  route 1.667ns (79.917%))
  Logic Levels:           0  
  Clock Path Skew:        -0.037ns (DCD - SCD + CPR)
    Destination Clock Delay (DCD):    -1.481ns = ( 8.519 - 10.000 ) 
    Source Clock Delay      (SCD):    -0.881ns
    Clock Pessimism Removal (CPR):    0.564ns
  Clock Uncertainty:      0.081ns  ((TSJ^2 + DJ^2)^1/2) / 2 + PE
    Total System Jitter     (TSJ):    0.071ns
    Discrete Jitter          (DJ):    0.146ns
    Phase Error              (PE):    0.000ns

    Location             Delay type                Incr(ns)  Path(ns)    Netlist Resource(s)
  -------------------------------------------------------------------    -------------------
                         (clock clk100MHz_clk_wiz_0 rise edge)
                                                      0.000     0.000 r  
    W5                                                0.000     0.000 r  clk (IN)
                         net (fo=0)                   0.000     0.000    u_clk_wiz/inst/clk
    W5                   IBUF (Prop_ibuf_I_O)         1.458     1.458 r  u_clk_wiz/inst/clkin1_ibufg/O
                         net (fo=1, routed)           1.233     2.691    u_clk_wiz/inst/clk_clk_wiz_0
    MMCME2_ADV_X1Y0      MMCME2_ADV (Prop_mmcme2_adv_CLKIN1_CLKOUT0)
                                                     -6.961    -4.269 r  u_clk_wiz/inst/mmcm_adv_inst/CLKOUT0
                         net (fo=2, routed)           1.661    -2.608    u_clk_wiz/inst/clk100MHz_clk_wiz_0
    BUFGCTRL_X0Y1        BUFGCTRL (Prop_bufgctrl_I0_O)
                                                      0.096    -2.512 r  u_clk_wiz/inst/clkout1_buf/O
                         net (fo=268, routed)         1.631    -0.881    u_top_airhockey/u_rst_ctl_100/CLK
    SLICE_X0Y15          FDPE                                         r  u_top_airhockey/u_rst_ctl_100/sync_ff_reg[1]/C
  -------------------------------------------------------------------    -------------------
    SLICE_X0Y15          FDPE (Prop_fdpe_C_Q)         0.419    -0.462 f  u_top_airhockey/u_rst_ctl_100/sync_ff_reg[1]/Q
                         net (fo=82, routed)          1.667     1.206    u_top_airhockey/u_mouse/out[0]
    SLICE_X1Y36          FDCE                                         f  u_top_airhockey/u_mouse/FSM_onehot_state_reg[27]/CLR
  -------------------------------------------------------------------    -------------------

                         (clock clk100MHz_clk_wiz_0 rise edge)
                                                     10.000    10.000 r  
    W5                                                0.000    10.000 r  clk (IN)
                         net (fo=0)                   0.000    10.000    u_clk_wiz/inst/clk
    W5                   IBUF (Prop_ibuf_I_O)         1.388    11.388 r  u_clk_wiz/inst/clkin1_ibufg/O
                         net (fo=1, routed)           1.162    12.550    u_clk_wiz/inst/clk_clk_wiz_0
    MMCME2_ADV_X1Y0      MMCME2_ADV (Prop_mmcme2_adv_CLKIN1_CLKOUT0)
                                                     -7.217     5.332 r  u_clk_wiz/inst/mmcm_adv_inst/CLKOUT0
                         net (fo=2, routed)           1.581     6.914    u_clk_wiz/inst/clk100MHz_clk_wiz_0
    BUFGCTRL_X0Y1        BUFGCTRL (Prop_bufgctrl_I0_O)
                                                      0.091     7.005 r  u_clk_wiz/inst/clkout1_buf/O
                         net (fo=268, routed)         1.514     8.519    u_top_airhockey/u_mouse/CLK
    SLICE_X1Y36          FDCE                                         r  u_top_airhockey/u_mouse/FSM_onehot_state_reg[27]/C
                         clock pessimism              0.564     9.082    
                         clock uncertainty           -0.081     9.002    
    SLICE_X1Y36          FDCE (Recov_fdce_C_CLR)     -0.580     8.422    u_top_airhockey/u_mouse/FSM_onehot_state_reg[27]
  -------------------------------------------------------------------
                         required time                          8.422    
                         arrival time                          -1.206    
  -------------------------------------------------------------------
                         slack                                  7.216    

Slack (MET) :             7.216ns  (required time - arrival time)
  Source:                 u_top_airhockey/u_rst_ctl_100/sync_ff_reg[1]/C
                            (rising edge-triggered cell FDPE clocked by clk100MHz_clk_wiz_0  {rise@0.000ns fall@5.000ns period=10.000ns})
  Destination:            u_top_airhockey/u_mouse/FSM_onehot_state_reg[35]/CLR
                            (recovery check against rising-edge clock clk100MHz_clk_wiz_0  {rise@0.000ns fall@5.000ns period=10.000ns})
  Path Group:             **async_default**
  Path Type:              Recovery (Max at Slow Process Corner)
  Requirement:            10.000ns  (clk100MHz_clk_wiz_0 rise@10.000ns - clk100MHz_clk_wiz_0 rise@0.000ns)
  Data Path Delay:        2.086ns  (logic 0.419ns (20.083%)  route 1.667ns (79.917%))
  Logic Levels:           0  
  Clock Path Skew:        -0.037ns (DCD - SCD + CPR)
    Destination Clock Delay (DCD):    -1.481ns = ( 8.519 - 10.000 ) 
    Source Clock Delay      (SCD):    -0.881ns
    Clock Pessimism Removal (CPR):    0.564ns
  Clock Uncertainty:      0.081ns  ((TSJ^2 + DJ^2)^1/2) / 2 + PE
    Total System Jitter     (TSJ):    0.071ns
    Discrete Jitter          (DJ):    0.146ns
    Phase Error              (PE):    0.000ns

    Location             Delay type                Incr(ns)  Path(ns)    Netlist Resource(s)
  -------------------------------------------------------------------    -------------------
                         (clock clk100MHz_clk_wiz_0 rise edge)
                                                      0.000     0.000 r  
    W5                                                0.000     0.000 r  clk (IN)
                         net (fo=0)                   0.000     0.000    u_clk_wiz/inst/clk
    W5                   IBUF (Prop_ibuf_I_O)         1.458     1.458 r  u_clk_wiz/inst/clkin1_ibufg/O
                         net (fo=1, routed)           1.233     2.691    u_clk_wiz/inst/clk_clk_wiz_0
    MMCME2_ADV_X1Y0      MMCME2_ADV (Prop_mmcme2_adv_CLKIN1_CLKOUT0)
                                                     -6.961    -4.269 r  u_clk_wiz/inst/mmcm_adv_inst/CLKOUT0
                         net (fo=2, routed)           1.661    -2.608    u_clk_wiz/inst/clk100MHz_clk_wiz_0
    BUFGCTRL_X0Y1        BUFGCTRL (Prop_bufgctrl_I0_O)
                                                      0.096    -2.512 r  u_clk_wiz/inst/clkout1_buf/O
                         net (fo=268, routed)         1.631    -0.881    u_top_airhockey/u_rst_ctl_100/CLK
    SLICE_X0Y15          FDPE                                         r  u_top_airhockey/u_rst_ctl_100/sync_ff_reg[1]/C
  -------------------------------------------------------------------    -------------------
    SLICE_X0Y15          FDPE (Prop_fdpe_C_Q)         0.419    -0.462 f  u_top_airhockey/u_rst_ctl_100/sync_ff_reg[1]/Q
                         net (fo=82, routed)          1.667     1.206    u_top_airhockey/u_mouse/out[0]
    SLICE_X1Y36          FDCE                                         f  u_top_airhockey/u_mouse/FSM_onehot_state_reg[35]/CLR
  -------------------------------------------------------------------    -------------------

                         (clock clk100MHz_clk_wiz_0 rise edge)
                                                     10.000    10.000 r  
    W5                                                0.000    10.000 r  clk (IN)
                         net (fo=0)                   0.000    10.000    u_clk_wiz/inst/clk
    W5                   IBUF (Prop_ibuf_I_O)         1.388    11.388 r  u_clk_wiz/inst/clkin1_ibufg/O
                         net (fo=1, routed)           1.162    12.550    u_clk_wiz/inst/clk_clk_wiz_0
    MMCME2_ADV_X1Y0      MMCME2_ADV (Prop_mmcme2_adv_CLKIN1_CLKOUT0)
                                                     -7.217     5.332 r  u_clk_wiz/inst/mmcm_adv_inst/CLKOUT0
                         net (fo=2, routed)           1.581     6.914    u_clk_wiz/inst/clk100MHz_clk_wiz_0
    BUFGCTRL_X0Y1        BUFGCTRL (Prop_bufgctrl_I0_O)
                                                      0.091     7.005 r  u_clk_wiz/inst/clkout1_buf/O
                         net (fo=268, routed)         1.514     8.519    u_top_airhockey/u_mouse/CLK
    SLICE_X1Y36          FDCE                                         r  u_top_airhockey/u_mouse/FSM_onehot_state_reg[35]/C
                         clock pessimism              0.564     9.082    
                         clock uncertainty           -0.081     9.002    
    SLICE_X1Y36          FDCE (Recov_fdce_C_CLR)     -0.580     8.422    u_top_airhockey/u_mouse/FSM_onehot_state_reg[35]
  -------------------------------------------------------------------
                         required time                          8.422    
                         arrival time                          -1.206    
  -------------------------------------------------------------------
                         slack                                  7.216    





Min Delay Paths
--------------------------------------------------------------------------------------
Slack (MET) :             0.674ns  (arrival time - required time)
  Source:                 u_top_airhockey/u_rst_ctl_100/sync_ff_reg[1]/C
                            (rising edge-triggered cell FDPE clocked by clk100MHz_clk_wiz_0  {rise@0.000ns fall@5.000ns period=10.000ns})
  Destination:            u_top_airhockey/u_mouse/FSM_onehot_state_reg[13]/CLR
                            (removal check against rising-edge clock clk100MHz_clk_wiz_0  {rise@0.000ns fall@5.000ns period=10.000ns})
  Path Group:             **async_default**
  Path Type:              Removal (Min at Fast Process Corner)
  Requirement:            0.000ns  (clk100MHz_clk_wiz_0 rise@0.000ns - clk100MHz_clk_wiz_0 rise@0.000ns)
  Data Path Delay:        0.563ns  (logic 0.128ns (22.739%)  route 0.435ns (77.261%))
  Logic Levels:           0  
  Clock Path Skew:        0.035ns (DCD - SCD - CPR)
    Destination Clock Delay (DCD):    -0.830ns
    Source Clock Delay      (SCD):    -0.590ns
    Clock Pessimism Removal (CPR):    -0.274ns

    Location             Delay type                Incr(ns)  Path(ns)    Netlist Resource(s)
  -------------------------------------------------------------------    -------------------
                         (clock clk100MHz_clk_wiz_0 rise edge)
                                                      0.000     0.000 r  
    W5                                                0.000     0.000 r  clk (IN)
                         net (fo=0)                   0.000     0.000    u_clk_wiz/inst/clk
    W5                   IBUF (Prop_ibuf_I_O)         0.226     0.226 r  u_clk_wiz/inst/clkin1_ibufg/O
                         net (fo=1, routed)           0.440     0.667    u_clk_wiz/inst/clk_clk_wiz_0
    MMCME2_ADV_X1Y0      MMCME2_ADV (Prop_mmcme2_adv_CLKIN1_CLKOUT0)
                                                     -2.360    -1.693 r  u_clk_wiz/inst/mmcm_adv_inst/CLKOUT0
                         net (fo=2, routed)           0.486    -1.207    u_clk_wiz/inst/clk100MHz_clk_wiz_0
    BUFGCTRL_X0Y1        BUFGCTRL (Prop_bufgctrl_I0_O)
                                                      0.026    -1.181 r  u_clk_wiz/inst/clkout1_buf/O
                         net (fo=268, routed)         0.591    -0.590    u_top_airhockey/u_rst_ctl_100/CLK
    SLICE_X0Y15          FDPE                                         r  u_top_airhockey/u_rst_ctl_100/sync_ff_reg[1]/C
  -------------------------------------------------------------------    -------------------
    SLICE_X0Y15          FDPE (Prop_fdpe_C_Q)         0.128    -0.462 f  u_top_airhockey/u_rst_ctl_100/sync_ff_reg[1]/Q
                         net (fo=82, routed)          0.435    -0.027    u_top_airhockey/u_mouse/out[0]
    SLICE_X1Y34          FDCE                                         f  u_top_airhockey/u_mouse/FSM_onehot_state_reg[13]/CLR
  -------------------------------------------------------------------    -------------------

                         (clock clk100MHz_clk_wiz_0 rise edge)
                                                      0.000     0.000 r  
    W5                                                0.000     0.000 r  clk (IN)
                         net (fo=0)                   0.000     0.000    u_clk_wiz/inst/clk
    W5                   IBUF (Prop_ibuf_I_O)         0.414     0.414 r  u_clk_wiz/inst/clkin1_ibufg/O
                         net (fo=1, routed)           0.480     0.894    u_clk_wiz/inst/clk_clk_wiz_0
    MMCME2_ADV_X1Y0      MMCME2_ADV (Prop_mmcme2_adv_CLKIN1_CLKOUT0)
                                                     -3.142    -2.248 r  u_clk_wiz/inst/mmcm_adv_inst/CLKOUT0
                         net (fo=2, routed)           0.530    -1.718    u_clk_wiz/inst/clk100MHz_clk_wiz_0
    BUFGCTRL_X0Y1        BUFGCTRL (Prop_bufgctrl_I0_O)
                                                      0.029    -1.689 r  u_clk_wiz/inst/clkout1_buf/O
                         net (fo=268, routed)         0.860    -0.830    u_top_airhockey/u_mouse/CLK
    SLICE_X1Y34          FDCE                                         r  u_top_airhockey/u_mouse/FSM_onehot_state_reg[13]/C
                         clock pessimism              0.274    -0.555    
    SLICE_X1Y34          FDCE (Remov_fdce_C_CLR)     -0.146    -0.701    u_top_airhockey/u_mouse/FSM_onehot_state_reg[13]
  -------------------------------------------------------------------
                         required time                          0.701    
                         arrival time                          -0.027    
  -------------------------------------------------------------------
                         slack                                  0.674    

Slack (MET) :             0.674ns  (arrival time - required time)
  Source:                 u_top_airhockey/u_rst_ctl_100/sync_ff_reg[1]/C
                            (rising edge-triggered cell FDPE clocked by clk100MHz_clk_wiz_0  {rise@0.000ns fall@5.000ns period=10.000ns})
  Destination:            u_top_airhockey/u_mouse/FSM_onehot_state_reg[14]/CLR
                            (removal check against rising-edge clock clk100MHz_clk_wiz_0  {rise@0.000ns fall@5.000ns period=10.000ns})
  Path Group:             **async_default**
  Path Type:              Removal (Min at Fast Process Corner)
  Requirement:            0.000ns  (clk100MHz_clk_wiz_0 rise@0.000ns - clk100MHz_clk_wiz_0 rise@0.000ns)
  Data Path Delay:        0.563ns  (logic 0.128ns (22.739%)  route 0.435ns (77.261%))
  Logic Levels:           0  
  Clock Path Skew:        0.035ns (DCD - SCD - CPR)
    Destination Clock Delay (DCD):    -0.830ns
    Source Clock Delay      (SCD):    -0.590ns
    Clock Pessimism Removal (CPR):    -0.274ns

    Location             Delay type                Incr(ns)  Path(ns)    Netlist Resource(s)
  -------------------------------------------------------------------    -------------------
                         (clock clk100MHz_clk_wiz_0 rise edge)
                                                      0.000     0.000 r  
    W5                                                0.000     0.000 r  clk (IN)
                         net (fo=0)                   0.000     0.000    u_clk_wiz/inst/clk
    W5                   IBUF (Prop_ibuf_I_O)         0.226     0.226 r  u_clk_wiz/inst/clkin1_ibufg/O
                         net (fo=1, routed)           0.440     0.667    u_clk_wiz/inst/clk_clk_wiz_0
    MMCME2_ADV_X1Y0      MMCME2_ADV (Prop_mmcme2_adv_CLKIN1_CLKOUT0)
                                                     -2.360    -1.693 r  u_clk_wiz/inst/mmcm_adv_inst/CLKOUT0
                         net (fo=2, routed)           0.486    -1.207    u_clk_wiz/inst/clk100MHz_clk_wiz_0
    BUFGCTRL_X0Y1        BUFGCTRL (Prop_bufgctrl_I0_O)
                                                      0.026    -1.181 r  u_clk_wiz/inst/clkout1_buf/O
                         net (fo=268, routed)         0.591    -0.590    u_top_airhockey/u_rst_ctl_100/CLK
    SLICE_X0Y15          FDPE                                         r  u_top_airhockey/u_rst_ctl_100/sync_ff_reg[1]/C
  -------------------------------------------------------------------    -------------------
    SLICE_X0Y15          FDPE (Prop_fdpe_C_Q)         0.128    -0.462 f  u_top_airhockey/u_rst_ctl_100/sync_ff_reg[1]/Q
                         net (fo=82, routed)          0.435    -0.027    u_top_airhockey/u_mouse/out[0]
    SLICE_X1Y34          FDCE                                         f  u_top_airhockey/u_mouse/FSM_onehot_state_reg[14]/CLR
  -------------------------------------------------------------------    -------------------

                         (clock clk100MHz_clk_wiz_0 rise edge)
                                                      0.000     0.000 r  
    W5                                                0.000     0.000 r  clk (IN)
                         net (fo=0)                   0.000     0.000    u_clk_wiz/inst/clk
    W5                   IBUF (Prop_ibuf_I_O)         0.414     0.414 r  u_clk_wiz/inst/clkin1_ibufg/O
                         net (fo=1, routed)           0.480     0.894    u_clk_wiz/inst/clk_clk_wiz_0
    MMCME2_ADV_X1Y0      MMCME2_ADV (Prop_mmcme2_adv_CLKIN1_CLKOUT0)
                                                     -3.142    -2.248 r  u_clk_wiz/inst/mmcm_adv_inst/CLKOUT0
                         net (fo=2, routed)           0.530    -1.718    u_clk_wiz/inst/clk100MHz_clk_wiz_0
    BUFGCTRL_X0Y1        BUFGCTRL (Prop_bufgctrl_I0_O)
                                                      0.029    -1.689 r  u_clk_wiz/inst/clkout1_buf/O
                         net (fo=268, routed)         0.860    -0.830    u_top_airhockey/u_mouse/CLK
    SLICE_X1Y34          FDCE                                         r  u_top_airhockey/u_mouse/FSM_onehot_state_reg[14]/C
                         clock pessimism              0.274    -0.555    
    SLICE_X1Y34          FDCE (Remov_fdce_C_CLR)     -0.146    -0.701    u_top_airhockey/u_mouse/FSM_onehot_state_reg[14]
  -------------------------------------------------------------------
                         required time                          0.701    
                         arrival time                          -0.027    
  -------------------------------------------------------------------
                         slack                                  0.674    

Slack (MET) :             0.674ns  (arrival time - required time)
  Source:                 u_top_airhockey/u_rst_ctl_100/sync_ff_reg[1]/C
                            (rising edge-triggered cell FDPE clocked by clk100MHz_clk_wiz_0  {rise@0.000ns fall@5.000ns period=10.000ns})
  Destination:            u_top_airhockey/u_mouse/FSM_onehot_state_reg[24]/CLR
                            (removal check against rising-edge clock clk100MHz_clk_wiz_0  {rise@0.000ns fall@5.000ns period=10.000ns})
  Path Group:             **async_default**
  Path Type:              Removal (Min at Fast Process Corner)
  Requirement:            0.000ns  (clk100MHz_clk_wiz_0 rise@0.000ns - clk100MHz_clk_wiz_0 rise@0.000ns)
  Data Path Delay:        0.563ns  (logic 0.128ns (22.739%)  route 0.435ns (77.261%))
  Logic Levels:           0  
  Clock Path Skew:        0.035ns (DCD - SCD - CPR)
    Destination Clock Delay (DCD):    -0.830ns
    Source Clock Delay      (SCD):    -0.590ns
    Clock Pessimism Removal (CPR):    -0.274ns

    Location             Delay type                Incr(ns)  Path(ns)    Netlist Resource(s)
  -------------------------------------------------------------------    -------------------
                         (clock clk100MHz_clk_wiz_0 rise edge)
                                                      0.000     0.000 r  
    W5                                                0.000     0.000 r  clk (IN)
                         net (fo=0)                   0.000     0.000    u_clk_wiz/inst/clk
    W5                   IBUF (Prop_ibuf_I_O)         0.226     0.226 r  u_clk_wiz/inst/clkin1_ibufg/O
                         net (fo=1, routed)           0.440     0.667    u_clk_wiz/inst/clk_clk_wiz_0
    MMCME2_ADV_X1Y0      MMCME2_ADV (Prop_mmcme2_adv_CLKIN1_CLKOUT0)
                                                     -2.360    -1.693 r  u_clk_wiz/inst/mmcm_adv_inst/CLKOUT0
                         net (fo=2, routed)           0.486    -1.207    u_clk_wiz/inst/clk100MHz_clk_wiz_0
    BUFGCTRL_X0Y1        BUFGCTRL (Prop_bufgctrl_I0_O)
                                                      0.026    -1.181 r  u_clk_wiz/inst/clkout1_buf/O
                         net (fo=268, routed)         0.591    -0.590    u_top_airhockey/u_rst_ctl_100/CLK
    SLICE_X0Y15          FDPE                                         r  u_top_airhockey/u_rst_ctl_100/sync_ff_reg[1]/C
  -------------------------------------------------------------------    -------------------
    SLICE_X0Y15          FDPE (Prop_fdpe_C_Q)         0.128    -0.462 f  u_top_airhockey/u_rst_ctl_100/sync_ff_reg[1]/Q
                         net (fo=82, routed)          0.435    -0.027    u_top_airhockey/u_mouse/out[0]
    SLICE_X1Y34          FDCE                                         f  u_top_airhockey/u_mouse/FSM_onehot_state_reg[24]/CLR
  -------------------------------------------------------------------    -------------------

                         (clock clk100MHz_clk_wiz_0 rise edge)
                                                      0.000     0.000 r  
    W5                                                0.000     0.000 r  clk (IN)
                         net (fo=0)                   0.000     0.000    u_clk_wiz/inst/clk
    W5                   IBUF (Prop_ibuf_I_O)         0.414     0.414 r  u_clk_wiz/inst/clkin1_ibufg/O
                         net (fo=1, routed)           0.480     0.894    u_clk_wiz/inst/clk_clk_wiz_0
    MMCME2_ADV_X1Y0      MMCME2_ADV (Prop_mmcme2_adv_CLKIN1_CLKOUT0)
                                                     -3.142    -2.248 r  u_clk_wiz/inst/mmcm_adv_inst/CLKOUT0
                         net (fo=2, routed)           0.530    -1.718    u_clk_wiz/inst/clk100MHz_clk_wiz_0
    BUFGCTRL_X0Y1        BUFGCTRL (Prop_bufgctrl_I0_O)
                                                      0.029    -1.689 r  u_clk_wiz/inst/clkout1_buf/O
                         net (fo=268, routed)         0.860    -0.830    u_top_airhockey/u_mouse/CLK
    SLICE_X1Y34          FDCE                                         r  u_top_airhockey/u_mouse/FSM_onehot_state_reg[24]/C
                         clock pessimism              0.274    -0.555    
    SLICE_X1Y34          FDCE (Remov_fdce_C_CLR)     -0.146    -0.701    u_top_airhockey/u_mouse/FSM_onehot_state_reg[24]
  -------------------------------------------------------------------
                         required time                          0.701    
                         arrival time                          -0.027    
  -------------------------------------------------------------------
                         slack                                  0.674    

Slack (MET) :             0.674ns  (arrival time - required time)
  Source:                 u_top_airhockey/u_rst_ctl_100/sync_ff_reg[1]/C
                            (rising edge-triggered cell FDPE clocked by clk100MHz_clk_wiz_0  {rise@0.000ns fall@5.000ns period=10.000ns})
  Destination:            u_top_airhockey/u_mouse/FSM_onehot_state_reg[25]/CLR
                            (removal check against rising-edge clock clk100MHz_clk_wiz_0  {rise@0.000ns fall@5.000ns period=10.000ns})
  Path Group:             **async_default**
  Path Type:              Removal (Min at Fast Process Corner)
  Requirement:            0.000ns  (clk100MHz_clk_wiz_0 rise@0.000ns - clk100MHz_clk_wiz_0 rise@0.000ns)
  Data Path Delay:        0.563ns  (logic 0.128ns (22.739%)  route 0.435ns (77.261%))
  Logic Levels:           0  
  Clock Path Skew:        0.035ns (DCD - SCD - CPR)
    Destination Clock Delay (DCD):    -0.830ns
    Source Clock Delay      (SCD):    -0.590ns
    Clock Pessimism Removal (CPR):    -0.274ns

    Location             Delay type                Incr(ns)  Path(ns)    Netlist Resource(s)
  -------------------------------------------------------------------    -------------------
                         (clock clk100MHz_clk_wiz_0 rise edge)
                                                      0.000     0.000 r  
    W5                                                0.000     0.000 r  clk (IN)
                         net (fo=0)                   0.000     0.000    u_clk_wiz/inst/clk
    W5                   IBUF (Prop_ibuf_I_O)         0.226     0.226 r  u_clk_wiz/inst/clkin1_ibufg/O
                         net (fo=1, routed)           0.440     0.667    u_clk_wiz/inst/clk_clk_wiz_0
    MMCME2_ADV_X1Y0      MMCME2_ADV (Prop_mmcme2_adv_CLKIN1_CLKOUT0)
                                                     -2.360    -1.693 r  u_clk_wiz/inst/mmcm_adv_inst/CLKOUT0
                         net (fo=2, routed)           0.486    -1.207    u_clk_wiz/inst/clk100MHz_clk_wiz_0
    BUFGCTRL_X0Y1        BUFGCTRL (Prop_bufgctrl_I0_O)
                                                      0.026    -1.181 r  u_clk_wiz/inst/clkout1_buf/O
                         net (fo=268, routed)         0.591    -0.590    u_top_airhockey/u_rst_ctl_100/CLK
    SLICE_X0Y15          FDPE                                         r  u_top_airhockey/u_rst_ctl_100/sync_ff_reg[1]/C
  -------------------------------------------------------------------    -------------------
    SLICE_X0Y15          FDPE (Prop_fdpe_C_Q)         0.128    -0.462 f  u_top_airhockey/u_rst_ctl_100/sync_ff_reg[1]/Q
                         net (fo=82, routed)          0.435    -0.027    u_top_airhockey/u_mouse/out[0]
    SLICE_X1Y34          FDCE                                         f  u_top_airhockey/u_mouse/FSM_onehot_state_reg[25]/CLR
  -------------------------------------------------------------------    -------------------

                         (clock clk100MHz_clk_wiz_0 rise edge)
                                                      0.000     0.000 r  
    W5                                                0.000     0.000 r  clk (IN)
                         net (fo=0)                   0.000     0.000    u_clk_wiz/inst/clk
    W5                   IBUF (Prop_ibuf_I_O)         0.414     0.414 r  u_clk_wiz/inst/clkin1_ibufg/O
                         net (fo=1, routed)           0.480     0.894    u_clk_wiz/inst/clk_clk_wiz_0
    MMCME2_ADV_X1Y0      MMCME2_ADV (Prop_mmcme2_adv_CLKIN1_CLKOUT0)
                                                     -3.142    -2.248 r  u_clk_wiz/inst/mmcm_adv_inst/CLKOUT0
                         net (fo=2, routed)           0.530    -1.718    u_clk_wiz/inst/clk100MHz_clk_wiz_0
    BUFGCTRL_X0Y1        BUFGCTRL (Prop_bufgctrl_I0_O)
                                                      0.029    -1.689 r  u_clk_wiz/inst/clkout1_buf/O
                         net (fo=268, routed)         0.860    -0.830    u_top_airhockey/u_mouse/CLK
    SLICE_X1Y34          FDCE                                         r  u_top_airhockey/u_mouse/FSM_onehot_state_reg[25]/C
                         clock pessimism              0.274    -0.555    
    SLICE_X1Y34          FDCE (Remov_fdce_C_CLR)     -0.146    -0.701    u_top_airhockey/u_mouse/FSM_onehot_state_reg[25]
  -------------------------------------------------------------------
                         required time                          0.701    
                         arrival time                          -0.027    
  -------------------------------------------------------------------
                         slack                                  0.674    

Slack (MET) :             0.674ns  (arrival time - required time)
  Source:                 u_top_airhockey/u_rst_ctl_100/sync_ff_reg[1]/C
                            (rising edge-triggered cell FDPE clocked by clk100MHz_clk_wiz_0  {rise@0.000ns fall@5.000ns period=10.000ns})
  Destination:            u_top_airhockey/u_mouse/FSM_onehot_state_reg[5]/CLR
                            (removal check against rising-edge clock clk100MHz_clk_wiz_0  {rise@0.000ns fall@5.000ns period=10.000ns})
  Path Group:             **async_default**
  Path Type:              Removal (Min at Fast Process Corner)
  Requirement:            0.000ns  (clk100MHz_clk_wiz_0 rise@0.000ns - clk100MHz_clk_wiz_0 rise@0.000ns)
  Data Path Delay:        0.563ns  (logic 0.128ns (22.739%)  route 0.435ns (77.261%))
  Logic Levels:           0  
  Clock Path Skew:        0.035ns (DCD - SCD - CPR)
    Destination Clock Delay (DCD):    -0.830ns
    Source Clock Delay      (SCD):    -0.590ns
    Clock Pessimism Removal (CPR):    -0.274ns

    Location             Delay type                Incr(ns)  Path(ns)    Netlist Resource(s)
  -------------------------------------------------------------------    -------------------
                         (clock clk100MHz_clk_wiz_0 rise edge)
                                                      0.000     0.000 r  
    W5                                                0.000     0.000 r  clk (IN)
                         net (fo=0)                   0.000     0.000    u_clk_wiz/inst/clk
    W5                   IBUF (Prop_ibuf_I_O)         0.226     0.226 r  u_clk_wiz/inst/clkin1_ibufg/O
                         net (fo=1, routed)           0.440     0.667    u_clk_wiz/inst/clk_clk_wiz_0
    MMCME2_ADV_X1Y0      MMCME2_ADV (Prop_mmcme2_adv_CLKIN1_CLKOUT0)
                                                     -2.360    -1.693 r  u_clk_wiz/inst/mmcm_adv_inst/CLKOUT0
                         net (fo=2, routed)           0.486    -1.207    u_clk_wiz/inst/clk100MHz_clk_wiz_0
    BUFGCTRL_X0Y1        BUFGCTRL (Prop_bufgctrl_I0_O)
                                                      0.026    -1.181 r  u_clk_wiz/inst/clkout1_buf/O
                         net (fo=268, routed)         0.591    -0.590    u_top_airhockey/u_rst_ctl_100/CLK
    SLICE_X0Y15          FDPE                                         r  u_top_airhockey/u_rst_ctl_100/sync_ff_reg[1]/C
  -------------------------------------------------------------------    -------------------
    SLICE_X0Y15          FDPE (Prop_fdpe_C_Q)         0.128    -0.462 f  u_top_airhockey/u_rst_ctl_100/sync_ff_reg[1]/Q
                         net (fo=82, routed)          0.435    -0.027    u_top_airhockey/u_mouse/out[0]
    SLICE_X1Y34          FDCE                                         f  u_top_airhockey/u_mouse/FSM_onehot_state_reg[5]/CLR
  -------------------------------------------------------------------    -------------------

                         (clock clk100MHz_clk_wiz_0 rise edge)
                                                      0.000     0.000 r  
    W5                                                0.000     0.000 r  clk (IN)
                         net (fo=0)                   0.000     0.000    u_clk_wiz/inst/clk
    W5                   IBUF (Prop_ibuf_I_O)         0.414     0.414 r  u_clk_wiz/inst/clkin1_ibufg/O
                         net (fo=1, routed)           0.480     0.894    u_clk_wiz/inst/clk_clk_wiz_0
    MMCME2_ADV_X1Y0      MMCME2_ADV (Prop_mmcme2_adv_CLKIN1_CLKOUT0)
                                                     -3.142    -2.248 r  u_clk_wiz/inst/mmcm_adv_inst/CLKOUT0
                         net (fo=2, routed)           0.530    -1.718    u_clk_wiz/inst/clk100MHz_clk_wiz_0
    BUFGCTRL_X0Y1        BUFGCTRL (Prop_bufgctrl_I0_O)
                                                      0.029    -1.689 r  u_clk_wiz/inst/clkout1_buf/O
                         net (fo=268, routed)         0.860    -0.830    u_top_airhockey/u_mouse/CLK
    SLICE_X1Y34          FDCE                                         r  u_top_airhockey/u_mouse/FSM_onehot_state_reg[5]/C
                         clock pessimism              0.274    -0.555    
    SLICE_X1Y34          FDCE (Remov_fdce_C_CLR)     -0.146    -0.701    u_top_airhockey/u_mouse/FSM_onehot_state_reg[5]
  -------------------------------------------------------------------
                         required time                          0.701    
                         arrival time                          -0.027    
  -------------------------------------------------------------------
                         slack                                  0.674    

Slack (MET) :             0.674ns  (arrival time - required time)
  Source:                 u_top_airhockey/u_rst_ctl_100/sync_ff_reg[1]/C
                            (rising edge-triggered cell FDPE clocked by clk100MHz_clk_wiz_0  {rise@0.000ns fall@5.000ns period=10.000ns})
  Destination:            u_top_airhockey/u_mouse/FSM_onehot_state_reg[6]/CLR
                            (removal check against rising-edge clock clk100MHz_clk_wiz_0  {rise@0.000ns fall@5.000ns period=10.000ns})
  Path Group:             **async_default**
  Path Type:              Removal (Min at Fast Process Corner)
  Requirement:            0.000ns  (clk100MHz_clk_wiz_0 rise@0.000ns - clk100MHz_clk_wiz_0 rise@0.000ns)
  Data Path Delay:        0.563ns  (logic 0.128ns (22.739%)  route 0.435ns (77.261%))
  Logic Levels:           0  
  Clock Path Skew:        0.035ns (DCD - SCD - CPR)
    Destination Clock Delay (DCD):    -0.830ns
    Source Clock Delay      (SCD):    -0.590ns
    Clock Pessimism Removal (CPR):    -0.274ns

    Location             Delay type                Incr(ns)  Path(ns)    Netlist Resource(s)
  -------------------------------------------------------------------    -------------------
                         (clock clk100MHz_clk_wiz_0 rise edge)
                                                      0.000     0.000 r  
    W5                                                0.000     0.000 r  clk (IN)
                         net (fo=0)                   0.000     0.000    u_clk_wiz/inst/clk
    W5                   IBUF (Prop_ibuf_I_O)         0.226     0.226 r  u_clk_wiz/inst/clkin1_ibufg/O
                         net (fo=1, routed)           0.440     0.667    u_clk_wiz/inst/clk_clk_wiz_0
    MMCME2_ADV_X1Y0      MMCME2_ADV (Prop_mmcme2_adv_CLKIN1_CLKOUT0)
                                                     -2.360    -1.693 r  u_clk_wiz/inst/mmcm_adv_inst/CLKOUT0
                         net (fo=2, routed)           0.486    -1.207    u_clk_wiz/inst/clk100MHz_clk_wiz_0
    BUFGCTRL_X0Y1        BUFGCTRL (Prop_bufgctrl_I0_O)
                                                      0.026    -1.181 r  u_clk_wiz/inst/clkout1_buf/O
                         net (fo=268, routed)         0.591    -0.590    u_top_airhockey/u_rst_ctl_100/CLK
    SLICE_X0Y15          FDPE                                         r  u_top_airhockey/u_rst_ctl_100/sync_ff_reg[1]/C
  -------------------------------------------------------------------    -------------------
    SLICE_X0Y15          FDPE (Prop_fdpe_C_Q)         0.128    -0.462 f  u_top_airhockey/u_rst_ctl_100/sync_ff_reg[1]/Q
                         net (fo=82, routed)          0.435    -0.027    u_top_airhockey/u_mouse/out[0]
    SLICE_X1Y34          FDCE                                         f  u_top_airhockey/u_mouse/FSM_onehot_state_reg[6]/CLR
  -------------------------------------------------------------------    -------------------

                         (clock clk100MHz_clk_wiz_0 rise edge)
                                                      0.000     0.000 r  
    W5                                                0.000     0.000 r  clk (IN)
                         net (fo=0)                   0.000     0.000    u_clk_wiz/inst/clk
    W5                   IBUF (Prop_ibuf_I_O)         0.414     0.414 r  u_clk_wiz/inst/clkin1_ibufg/O
                         net (fo=1, routed)           0.480     0.894    u_clk_wiz/inst/clk_clk_wiz_0
    MMCME2_ADV_X1Y0      MMCME2_ADV (Prop_mmcme2_adv_CLKIN1_CLKOUT0)
                                                     -3.142    -2.248 r  u_clk_wiz/inst/mmcm_adv_inst/CLKOUT0
                         net (fo=2, routed)           0.530    -1.718    u_clk_wiz/inst/clk100MHz_clk_wiz_0
    BUFGCTRL_X0Y1        BUFGCTRL (Prop_bufgctrl_I0_O)
                                                      0.029    -1.689 r  u_clk_wiz/inst/clkout1_buf/O
                         net (fo=268, routed)         0.860    -0.830    u_top_airhockey/u_mouse/CLK
    SLICE_X1Y34          FDCE                                         r  u_top_airhockey/u_mouse/FSM_onehot_state_reg[6]/C
                         clock pessimism              0.274    -0.555    
    SLICE_X1Y34          FDCE (Remov_fdce_C_CLR)     -0.146    -0.701    u_top_airhockey/u_mouse/FSM_onehot_state_reg[6]
  -------------------------------------------------------------------
                         required time                          0.701    
                         arrival time                          -0.027    
  -------------------------------------------------------------------
                         slack                                  0.674    

Slack (MET) :             0.678ns  (arrival time - required time)
  Source:                 u_top_airhockey/u_rst_ctl_100/sync_ff_reg[1]/C
                            (rising edge-triggered cell FDPE clocked by clk100MHz_clk_wiz_0  {rise@0.000ns fall@5.000ns period=10.000ns})
  Destination:            u_top_airhockey/u_mouse/FSM_onehot_state_reg[10]/CLR
                            (removal check against rising-edge clock clk100MHz_clk_wiz_0  {rise@0.000ns fall@5.000ns period=10.000ns})
  Path Group:             **async_default**
  Path Type:              Removal (Min at Fast Process Corner)
  Requirement:            0.000ns  (clk100MHz_clk_wiz_0 rise@0.000ns - clk100MHz_clk_wiz_0 rise@0.000ns)
  Data Path Delay:        0.567ns  (logic 0.128ns (22.565%)  route 0.439ns (77.435%))
  Logic Levels:           0  
  Clock Path Skew:        0.035ns (DCD - SCD - CPR)
    Destination Clock Delay (DCD):    -0.830ns
    Source Clock Delay      (SCD):    -0.590ns
    Clock Pessimism Removal (CPR):    -0.274ns

    Location             Delay type                Incr(ns)  Path(ns)    Netlist Resource(s)
  -------------------------------------------------------------------    -------------------
                         (clock clk100MHz_clk_wiz_0 rise edge)
                                                      0.000     0.000 r  
    W5                                                0.000     0.000 r  clk (IN)
                         net (fo=0)                   0.000     0.000    u_clk_wiz/inst/clk
    W5                   IBUF (Prop_ibuf_I_O)         0.226     0.226 r  u_clk_wiz/inst/clkin1_ibufg/O
                         net (fo=1, routed)           0.440     0.667    u_clk_wiz/inst/clk_clk_wiz_0
    MMCME2_ADV_X1Y0      MMCME2_ADV (Prop_mmcme2_adv_CLKIN1_CLKOUT0)
                                                     -2.360    -1.693 r  u_clk_wiz/inst/mmcm_adv_inst/CLKOUT0
                         net (fo=2, routed)           0.486    -1.207    u_clk_wiz/inst/clk100MHz_clk_wiz_0
    BUFGCTRL_X0Y1        BUFGCTRL (Prop_bufgctrl_I0_O)
                                                      0.026    -1.181 r  u_clk_wiz/inst/clkout1_buf/O
                         net (fo=268, routed)         0.591    -0.590    u_top_airhockey/u_rst_ctl_100/CLK
    SLICE_X0Y15          FDPE                                         r  u_top_airhockey/u_rst_ctl_100/sync_ff_reg[1]/C
  -------------------------------------------------------------------    -------------------
    SLICE_X0Y15          FDPE (Prop_fdpe_C_Q)         0.128    -0.462 f  u_top_airhockey/u_rst_ctl_100/sync_ff_reg[1]/Q
                         net (fo=82, routed)          0.439    -0.023    u_top_airhockey/u_mouse/out[0]
    SLICE_X0Y34          FDCE                                         f  u_top_airhockey/u_mouse/FSM_onehot_state_reg[10]/CLR
  -------------------------------------------------------------------    -------------------

                         (clock clk100MHz_clk_wiz_0 rise edge)
                                                      0.000     0.000 r  
    W5                                                0.000     0.000 r  clk (IN)
                         net (fo=0)                   0.000     0.000    u_clk_wiz/inst/clk
    W5                   IBUF (Prop_ibuf_I_O)         0.414     0.414 r  u_clk_wiz/inst/clkin1_ibufg/O
                         net (fo=1, routed)           0.480     0.894    u_clk_wiz/inst/clk_clk_wiz_0
    MMCME2_ADV_X1Y0      MMCME2_ADV (Prop_mmcme2_adv_CLKIN1_CLKOUT0)
                                                     -3.142    -2.248 r  u_clk_wiz/inst/mmcm_adv_inst/CLKOUT0
                         net (fo=2, routed)           0.530    -1.718    u_clk_wiz/inst/clk100MHz_clk_wiz_0
    BUFGCTRL_X0Y1        BUFGCTRL (Prop_bufgctrl_I0_O)
                                                      0.029    -1.689 r  u_clk_wiz/inst/clkout1_buf/O
                         net (fo=268, routed)         0.860    -0.830    u_top_airhockey/u_mouse/CLK
    SLICE_X0Y34          FDCE                                         r  u_top_airhockey/u_mouse/FSM_onehot_state_reg[10]/C
                         clock pessimism              0.274    -0.555    
    SLICE_X0Y34          FDCE (Remov_fdce_C_CLR)     -0.146    -0.701    u_top_airhockey/u_mouse/FSM_onehot_state_reg[10]
  -------------------------------------------------------------------
                         required time                          0.701    
                         arrival time                          -0.023    
  -------------------------------------------------------------------
                         slack                                  0.678    

Slack (MET) :             0.678ns  (arrival time - required time)
  Source:                 u_top_airhockey/u_rst_ctl_100/sync_ff_reg[1]/C
                            (rising edge-triggered cell FDPE clocked by clk100MHz_clk_wiz_0  {rise@0.000ns fall@5.000ns period=10.000ns})
  Destination:            u_top_airhockey/u_mouse/FSM_onehot_state_reg[20]/CLR
                            (removal check against rising-edge clock clk100MHz_clk_wiz_0  {rise@0.000ns fall@5.000ns period=10.000ns})
  Path Group:             **async_default**
  Path Type:              Removal (Min at Fast Process Corner)
  Requirement:            0.000ns  (clk100MHz_clk_wiz_0 rise@0.000ns - clk100MHz_clk_wiz_0 rise@0.000ns)
  Data Path Delay:        0.567ns  (logic 0.128ns (22.565%)  route 0.439ns (77.435%))
  Logic Levels:           0  
  Clock Path Skew:        0.035ns (DCD - SCD - CPR)
    Destination Clock Delay (DCD):    -0.830ns
    Source Clock Delay      (SCD):    -0.590ns
    Clock Pessimism Removal (CPR):    -0.274ns

    Location             Delay type                Incr(ns)  Path(ns)    Netlist Resource(s)
  -------------------------------------------------------------------    -------------------
                         (clock clk100MHz_clk_wiz_0 rise edge)
                                                      0.000     0.000 r  
    W5                                                0.000     0.000 r  clk (IN)
                         net (fo=0)                   0.000     0.000    u_clk_wiz/inst/clk
    W5                   IBUF (Prop_ibuf_I_O)         0.226     0.226 r  u_clk_wiz/inst/clkin1_ibufg/O
                         net (fo=1, routed)           0.440     0.667    u_clk_wiz/inst/clk_clk_wiz_0
    MMCME2_ADV_X1Y0      MMCME2_ADV (Prop_mmcme2_adv_CLKIN1_CLKOUT0)
                                                     -2.360    -1.693 r  u_clk_wiz/inst/mmcm_adv_inst/CLKOUT0
                         net (fo=2, routed)           0.486    -1.207    u_clk_wiz/inst/clk100MHz_clk_wiz_0
    BUFGCTRL_X0Y1        BUFGCTRL (Prop_bufgctrl_I0_O)
                                                      0.026    -1.181 r  u_clk_wiz/inst/clkout1_buf/O
                         net (fo=268, routed)         0.591    -0.590    u_top_airhockey/u_rst_ctl_100/CLK
    SLICE_X0Y15          FDPE                                         r  u_top_airhockey/u_rst_ctl_100/sync_ff_reg[1]/C
  -------------------------------------------------------------------    -------------------
    SLICE_X0Y15          FDPE (Prop_fdpe_C_Q)         0.128    -0.462 f  u_top_airhockey/u_rst_ctl_100/sync_ff_reg[1]/Q
                         net (fo=82, routed)          0.439    -0.023    u_top_airhockey/u_mouse/out[0]
    SLICE_X0Y34          FDCE                                         f  u_top_airhockey/u_mouse/FSM_onehot_state_reg[20]/CLR
  -------------------------------------------------------------------    -------------------

                         (clock clk100MHz_clk_wiz_0 rise edge)
                                                      0.000     0.000 r  
    W5                                                0.000     0.000 r  clk (IN)
                         net (fo=0)                   0.000     0.000    u_clk_wiz/inst/clk
    W5                   IBUF (Prop_ibuf_I_O)         0.414     0.414 r  u_clk_wiz/inst/clkin1_ibufg/O
                         net (fo=1, routed)           0.480     0.894    u_clk_wiz/inst/clk_clk_wiz_0
    MMCME2_ADV_X1Y0      MMCME2_ADV (Prop_mmcme2_adv_CLKIN1_CLKOUT0)
                                                     -3.142    -2.248 r  u_clk_wiz/inst/mmcm_adv_inst/CLKOUT0
                         net (fo=2, routed)           0.530    -1.718    u_clk_wiz/inst/clk100MHz_clk_wiz_0
    BUFGCTRL_X0Y1        BUFGCTRL (Prop_bufgctrl_I0_O)
                                                      0.029    -1.689 r  u_clk_wiz/inst/clkout1_buf/O
                         net (fo=268, routed)         0.860    -0.830    u_top_airhockey/u_mouse/CLK
    SLICE_X0Y34          FDCE                                         r  u_top_airhockey/u_mouse/FSM_onehot_state_reg[20]/C
                         clock pessimism              0.274    -0.555    
    SLICE_X0Y34          FDCE (Remov_fdce_C_CLR)     -0.146    -0.701    u_top_airhockey/u_mouse/FSM_onehot_state_reg[20]
  -------------------------------------------------------------------
                         required time                          0.701    
                         arrival time                          -0.023    
  -------------------------------------------------------------------
                         slack                                  0.678    

Slack (MET) :             0.678ns  (arrival time - required time)
  Source:                 u_top_airhockey/u_rst_ctl_100/sync_ff_reg[1]/C
                            (rising edge-triggered cell FDPE clocked by clk100MHz_clk_wiz_0  {rise@0.000ns fall@5.000ns period=10.000ns})
  Destination:            u_top_airhockey/u_mouse/FSM_onehot_state_reg[21]/CLR
                            (removal check against rising-edge clock clk100MHz_clk_wiz_0  {rise@0.000ns fall@5.000ns period=10.000ns})
  Path Group:             **async_default**
  Path Type:              Removal (Min at Fast Process Corner)
  Requirement:            0.000ns  (clk100MHz_clk_wiz_0 rise@0.000ns - clk100MHz_clk_wiz_0 rise@0.000ns)
  Data Path Delay:        0.567ns  (logic 0.128ns (22.565%)  route 0.439ns (77.435%))
  Logic Levels:           0  
  Clock Path Skew:        0.035ns (DCD - SCD - CPR)
    Destination Clock Delay (DCD):    -0.830ns
    Source Clock Delay      (SCD):    -0.590ns
    Clock Pessimism Removal (CPR):    -0.274ns

    Location             Delay type                Incr(ns)  Path(ns)    Netlist Resource(s)
  -------------------------------------------------------------------    -------------------
                         (clock clk100MHz_clk_wiz_0 rise edge)
                                                      0.000     0.000 r  
    W5                                                0.000     0.000 r  clk (IN)
                         net (fo=0)                   0.000     0.000    u_clk_wiz/inst/clk
    W5                   IBUF (Prop_ibuf_I_O)         0.226     0.226 r  u_clk_wiz/inst/clkin1_ibufg/O
                         net (fo=1, routed)           0.440     0.667    u_clk_wiz/inst/clk_clk_wiz_0
    MMCME2_ADV_X1Y0      MMCME2_ADV (Prop_mmcme2_adv_CLKIN1_CLKOUT0)
                                                     -2.360    -1.693 r  u_clk_wiz/inst/mmcm_adv_inst/CLKOUT0
                         net (fo=2, routed)           0.486    -1.207    u_clk_wiz/inst/clk100MHz_clk_wiz_0
    BUFGCTRL_X0Y1        BUFGCTRL (Prop_bufgctrl_I0_O)
                                                      0.026    -1.181 r  u_clk_wiz/inst/clkout1_buf/O
                         net (fo=268, routed)         0.591    -0.590    u_top_airhockey/u_rst_ctl_100/CLK
    SLICE_X0Y15          FDPE                                         r  u_top_airhockey/u_rst_ctl_100/sync_ff_reg[1]/C
  -------------------------------------------------------------------    -------------------
    SLICE_X0Y15          FDPE (Prop_fdpe_C_Q)         0.128    -0.462 f  u_top_airhockey/u_rst_ctl_100/sync_ff_reg[1]/Q
                         net (fo=82, routed)          0.439    -0.023    u_top_airhockey/u_mouse/out[0]
    SLICE_X0Y34          FDCE                                         f  u_top_airhockey/u_mouse/FSM_onehot_state_reg[21]/CLR
  -------------------------------------------------------------------    -------------------

                         (clock clk100MHz_clk_wiz_0 rise edge)
                                                      0.000     0.000 r  
    W5                                                0.000     0.000 r  clk (IN)
                         net (fo=0)                   0.000     0.000    u_clk_wiz/inst/clk
    W5                   IBUF (Prop_ibuf_I_O)         0.414     0.414 r  u_clk_wiz/inst/clkin1_ibufg/O
                         net (fo=1, routed)           0.480     0.894    u_clk_wiz/inst/clk_clk_wiz_0
    MMCME2_ADV_X1Y0      MMCME2_ADV (Prop_mmcme2_adv_CLKIN1_CLKOUT0)
                                                     -3.142    -2.248 r  u_clk_wiz/inst/mmcm_adv_inst/CLKOUT0
                         net (fo=2, routed)           0.530    -1.718    u_clk_wiz/inst/clk100MHz_clk_wiz_0
    BUFGCTRL_X0Y1        BUFGCTRL (Prop_bufgctrl_I0_O)
                                                      0.029    -1.689 r  u_clk_wiz/inst/clkout1_buf/O
                         net (fo=268, routed)         0.860    -0.830    u_top_airhockey/u_mouse/CLK
    SLICE_X0Y34          FDCE                                         r  u_top_airhockey/u_mouse/FSM_onehot_state_reg[21]/C
                         clock pessimism              0.274    -0.555    
    SLICE_X0Y34          FDCE (Remov_fdce_C_CLR)     -0.146    -0.701    u_top_airhockey/u_mouse/FSM_onehot_state_reg[21]
  -------------------------------------------------------------------
                         required time                          0.701    
                         arrival time                          -0.023    
  -------------------------------------------------------------------
                         slack                                  0.678    

Slack (MET) :             0.678ns  (arrival time - required time)
  Source:                 u_top_airhockey/u_rst_ctl_100/sync_ff_reg[1]/C
                            (rising edge-triggered cell FDPE clocked by clk100MHz_clk_wiz_0  {rise@0.000ns fall@5.000ns period=10.000ns})
  Destination:            u_top_airhockey/u_mouse/FSM_onehot_state_reg[22]/CLR
                            (removal check against rising-edge clock clk100MHz_clk_wiz_0  {rise@0.000ns fall@5.000ns period=10.000ns})
  Path Group:             **async_default**
  Path Type:              Removal (Min at Fast Process Corner)
  Requirement:            0.000ns  (clk100MHz_clk_wiz_0 rise@0.000ns - clk100MHz_clk_wiz_0 rise@0.000ns)
  Data Path Delay:        0.567ns  (logic 0.128ns (22.565%)  route 0.439ns (77.435%))
  Logic Levels:           0  
  Clock Path Skew:        0.035ns (DCD - SCD - CPR)
    Destination Clock Delay (DCD):    -0.830ns
    Source Clock Delay      (SCD):    -0.590ns
    Clock Pessimism Removal (CPR):    -0.274ns

    Location             Delay type                Incr(ns)  Path(ns)    Netlist Resource(s)
  -------------------------------------------------------------------    -------------------
                         (clock clk100MHz_clk_wiz_0 rise edge)
                                                      0.000     0.000 r  
    W5                                                0.000     0.000 r  clk (IN)
                         net (fo=0)                   0.000     0.000    u_clk_wiz/inst/clk
    W5                   IBUF (Prop_ibuf_I_O)         0.226     0.226 r  u_clk_wiz/inst/clkin1_ibufg/O
                         net (fo=1, routed)           0.440     0.667    u_clk_wiz/inst/clk_clk_wiz_0
    MMCME2_ADV_X1Y0      MMCME2_ADV (Prop_mmcme2_adv_CLKIN1_CLKOUT0)
                                                     -2.360    -1.693 r  u_clk_wiz/inst/mmcm_adv_inst/CLKOUT0
                         net (fo=2, routed)           0.486    -1.207    u_clk_wiz/inst/clk100MHz_clk_wiz_0
    BUFGCTRL_X0Y1        BUFGCTRL (Prop_bufgctrl_I0_O)
                                                      0.026    -1.181 r  u_clk_wiz/inst/clkout1_buf/O
                         net (fo=268, routed)         0.591    -0.590    u_top_airhockey/u_rst_ctl_100/CLK
    SLICE_X0Y15          FDPE                                         r  u_top_airhockey/u_rst_ctl_100/sync_ff_reg[1]/C
  -------------------------------------------------------------------    -------------------
    SLICE_X0Y15          FDPE (Prop_fdpe_C_Q)         0.128    -0.462 f  u_top_airhockey/u_rst_ctl_100/sync_ff_reg[1]/Q
                         net (fo=82, routed)          0.439    -0.023    u_top_airhockey/u_mouse/out[0]
    SLICE_X0Y34          FDCE                                         f  u_top_airhockey/u_mouse/FSM_onehot_state_reg[22]/CLR
  -------------------------------------------------------------------    -------------------

                         (clock clk100MHz_clk_wiz_0 rise edge)
                                                      0.000     0.000 r  
    W5                                                0.000     0.000 r  clk (IN)
                         net (fo=0)                   0.000     0.000    u_clk_wiz/inst/clk
    W5                   IBUF (Prop_ibuf_I_O)         0.414     0.414 r  u_clk_wiz/inst/clkin1_ibufg/O
                         net (fo=1, routed)           0.480     0.894    u_clk_wiz/inst/clk_clk_wiz_0
    MMCME2_ADV_X1Y0      MMCME2_ADV (Prop_mmcme2_adv_CLKIN1_CLKOUT0)
                                                     -3.142    -2.248 r  u_clk_wiz/inst/mmcm_adv_inst/CLKOUT0
                         net (fo=2, routed)           0.530    -1.718    u_clk_wiz/inst/clk100MHz_clk_wiz_0
    BUFGCTRL_X0Y1        BUFGCTRL (Prop_bufgctrl_I0_O)
                                                      0.029    -1.689 r  u_clk_wiz/inst/clkout1_buf/O
                         net (fo=268, routed)         0.860    -0.830    u_top_airhockey/u_mouse/CLK
    SLICE_X0Y34          FDCE                                         r  u_top_airhockey/u_mouse/FSM_onehot_state_reg[22]/C
                         clock pessimism              0.274    -0.555    
    SLICE_X0Y34          FDCE (Remov_fdce_C_CLR)     -0.146    -0.701    u_top_airhockey/u_mouse/FSM_onehot_state_reg[22]
  -------------------------------------------------------------------
                         required time                          0.701    
                         arrival time                          -0.023    
  -------------------------------------------------------------------
                         slack                                  0.678    





---------------------------------------------------------------------------------------------------
Path Group:  **async_default**
From Clock:  clk_pix_clk_wiz_0
  To Clock:  clk_pix_clk_wiz_0

Setup :            0  Failing Endpoints,  Worst Slack        8.320ns,  Total Violation        0.000ns
Hold  :            0  Failing Endpoints,  Worst Slack        1.300ns,  Total Violation        0.000ns
---------------------------------------------------------------------------------------------------


Max Delay Paths
--------------------------------------------------------------------------------------
Slack (MET) :             8.320ns  (required time - arrival time)
  Source:                 u_top_airhockey/u_rst_ctl/sync_ff_reg[1]/C
                            (rising edge-triggered cell FDPE clocked by clk_pix_clk_wiz_0  {rise@0.000ns fall@7.692ns period=15.385ns})
  Destination:            u_top_airhockey/u_vga_timing/vcount_reg[6]/CLR
                            (recovery check against rising-edge clock clk_pix_clk_wiz_0  {rise@0.000ns fall@7.692ns period=15.385ns})
  Path Group:             **async_default**
  Path Type:              Recovery (Max at Slow Process Corner)
  Requirement:            15.385ns  (clk_pix_clk_wiz_0 rise@15.385ns - clk_pix_clk_wiz_0 rise@0.000ns)
  Data Path Delay:        6.204ns  (logic 0.419ns (6.754%)  route 5.785ns (93.246%))
  Logic Levels:           0  
  Clock Path Skew:        -0.194ns (DCD - SCD + CPR)
    Destination Clock Delay (DCD):    -1.556ns = ( 13.829 - 15.385 ) 
    Source Clock Delay      (SCD):    -0.879ns
    Clock Pessimism Removal (CPR):    0.484ns
  Clock Uncertainty:      0.087ns  ((TSJ^2 + DJ^2)^1/2) / 2 + PE
    Total System Jitter     (TSJ):    0.071ns
    Discrete Jitter          (DJ):    0.159ns
    Phase Error              (PE):    0.000ns

    Location             Delay type                Incr(ns)  Path(ns)    Netlist Resource(s)
  -------------------------------------------------------------------    -------------------
                         (clock clk_pix_clk_wiz_0 rise edge)
                                                      0.000     0.000 r  
    W5                                                0.000     0.000 r  clk (IN)
                         net (fo=0)                   0.000     0.000    u_clk_wiz/inst/clk
    W5                   IBUF (Prop_ibuf_I_O)         1.458     1.458 r  u_clk_wiz/inst/clkin1_ibufg/O
                         net (fo=1, routed)           1.233     2.691    u_clk_wiz/inst/clk_clk_wiz_0
    MMCME2_ADV_X1Y0      MMCME2_ADV (Prop_mmcme2_adv_CLKIN1_CLKOUT1)
                                                     -6.961    -4.269 r  u_clk_wiz/inst/mmcm_adv_inst/CLKOUT1
                         net (fo=2, routed)           1.661    -2.608    u_clk_wiz/inst/clk_pix_clk_wiz_0
    BUFGCTRL_X0Y0        BUFGCTRL (Prop_bufgctrl_I0_O)
                                                      0.096    -2.512 r  u_clk_wiz/inst/clkout2_buf/O
                         net (fo=3196, routed)        1.633    -0.879    u_top_airhockey/u_rst_ctl/clk_pix
    SLICE_X0Y14          FDPE                                         r  u_top_airhockey/u_rst_ctl/sync_ff_reg[1]/C
  -------------------------------------------------------------------    -------------------
    SLICE_X0Y14          FDPE (Prop_fdpe_C_Q)         0.419    -0.460 f  u_top_airhockey/u_rst_ctl/sync_ff_reg[1]/Q
                         net (fo=1441, routed)        5.785     5.325    u_top_airhockey/u_vga_timing/out[0]
    SLICE_X9Y53          FDCE                                         f  u_top_airhockey/u_vga_timing/vcount_reg[6]/CLR
  -------------------------------------------------------------------    -------------------

                         (clock clk_pix_clk_wiz_0 rise edge)
                                                     15.385    15.385 r  
    W5                                                0.000    15.385 r  clk (IN)
                         net (fo=0)                   0.000    15.385    u_clk_wiz/inst/clk
    W5                   IBUF (Prop_ibuf_I_O)         1.388    16.773 r  u_clk_wiz/inst/clkin1_ibufg/O
                         net (fo=1, routed)           1.162    17.935    u_clk_wiz/inst/clk_clk_wiz_0
    MMCME2_ADV_X1Y0      MMCME2_ADV (Prop_mmcme2_adv_CLKIN1_CLKOUT1)
                                                     -7.217    10.717 r  u_clk_wiz/inst/mmcm_adv_inst/CLKOUT1
                         net (fo=2, routed)           1.581    12.298    u_clk_wiz/inst/clk_pix_clk_wiz_0
    BUFGCTRL_X0Y0        BUFGCTRL (Prop_bufgctrl_I0_O)
                                                      0.091    12.389 r  u_clk_wiz/inst/clkout2_buf/O
                         net (fo=3196, routed)        1.440    13.829    u_top_airhockey/u_vga_timing/clk_pix
    SLICE_X9Y53          FDCE                                         r  u_top_airhockey/u_vga_timing/vcount_reg[6]/C
                         clock pessimism              0.484    14.312    
                         clock uncertainty           -0.087    14.225    
    SLICE_X9Y53          FDCE (Recov_fdce_C_CLR)     -0.580    13.645    u_top_airhockey/u_vga_timing/vcount_reg[6]
  -------------------------------------------------------------------
                         required time                         13.645    
                         arrival time                          -5.325    
  -------------------------------------------------------------------
                         slack                                  8.320    

Slack (MET) :             8.320ns  (required time - arrival time)
  Source:                 u_top_airhockey/u_rst_ctl/sync_ff_reg[1]/C
                            (rising edge-triggered cell FDPE clocked by clk_pix_clk_wiz_0  {rise@0.000ns fall@7.692ns period=15.385ns})
  Destination:            u_top_airhockey/u_vga_timing/vcount_reg[7]/CLR
                            (recovery check against rising-edge clock clk_pix_clk_wiz_0  {rise@0.000ns fall@7.692ns period=15.385ns})
  Path Group:             **async_default**
  Path Type:              Recovery (Max at Slow Process Corner)
  Requirement:            15.385ns  (clk_pix_clk_wiz_0 rise@15.385ns - clk_pix_clk_wiz_0 rise@0.000ns)
  Data Path Delay:        6.204ns  (logic 0.419ns (6.754%)  route 5.785ns (93.246%))
  Logic Levels:           0  
  Clock Path Skew:        -0.194ns (DCD - SCD + CPR)
    Destination Clock Delay (DCD):    -1.556ns = ( 13.829 - 15.385 ) 
    Source Clock Delay      (SCD):    -0.879ns
    Clock Pessimism Removal (CPR):    0.484ns
  Clock Uncertainty:      0.087ns  ((TSJ^2 + DJ^2)^1/2) / 2 + PE
    Total System Jitter     (TSJ):    0.071ns
    Discrete Jitter          (DJ):    0.159ns
    Phase Error              (PE):    0.000ns

    Location             Delay type                Incr(ns)  Path(ns)    Netlist Resource(s)
  -------------------------------------------------------------------    -------------------
                         (clock clk_pix_clk_wiz_0 rise edge)
                                                      0.000     0.000 r  
    W5                                                0.000     0.000 r  clk (IN)
                         net (fo=0)                   0.000     0.000    u_clk_wiz/inst/clk
    W5                   IBUF (Prop_ibuf_I_O)         1.458     1.458 r  u_clk_wiz/inst/clkin1_ibufg/O
                         net (fo=1, routed)           1.233     2.691    u_clk_wiz/inst/clk_clk_wiz_0
    MMCME2_ADV_X1Y0      MMCME2_ADV (Prop_mmcme2_adv_CLKIN1_CLKOUT1)
                                                     -6.961    -4.269 r  u_clk_wiz/inst/mmcm_adv_inst/CLKOUT1
                         net (fo=2, routed)           1.661    -2.608    u_clk_wiz/inst/clk_pix_clk_wiz_0
    BUFGCTRL_X0Y0        BUFGCTRL (Prop_bufgctrl_I0_O)
                                                      0.096    -2.512 r  u_clk_wiz/inst/clkout2_buf/O
                         net (fo=3196, routed)        1.633    -0.879    u_top_airhockey/u_rst_ctl/clk_pix
    SLICE_X0Y14          FDPE                                         r  u_top_airhockey/u_rst_ctl/sync_ff_reg[1]/C
  -------------------------------------------------------------------    -------------------
    SLICE_X0Y14          FDPE (Prop_fdpe_C_Q)         0.419    -0.460 f  u_top_airhockey/u_rst_ctl/sync_ff_reg[1]/Q
                         net (fo=1441, routed)        5.785     5.325    u_top_airhockey/u_vga_timing/out[0]
    SLICE_X9Y53          FDCE                                         f  u_top_airhockey/u_vga_timing/vcount_reg[7]/CLR
  -------------------------------------------------------------------    -------------------

                         (clock clk_pix_clk_wiz_0 rise edge)
                                                     15.385    15.385 r  
    W5                                                0.000    15.385 r  clk (IN)
                         net (fo=0)                   0.000    15.385    u_clk_wiz/inst/clk
    W5                   IBUF (Prop_ibuf_I_O)         1.388    16.773 r  u_clk_wiz/inst/clkin1_ibufg/O
                         net (fo=1, routed)           1.162    17.935    u_clk_wiz/inst/clk_clk_wiz_0
    MMCME2_ADV_X1Y0      MMCME2_ADV (Prop_mmcme2_adv_CLKIN1_CLKOUT1)
                                                     -7.217    10.717 r  u_clk_wiz/inst/mmcm_adv_inst/CLKOUT1
                         net (fo=2, routed)           1.581    12.298    u_clk_wiz/inst/clk_pix_clk_wiz_0
    BUFGCTRL_X0Y0        BUFGCTRL (Prop_bufgctrl_I0_O)
                                                      0.091    12.389 r  u_clk_wiz/inst/clkout2_buf/O
                         net (fo=3196, routed)        1.440    13.829    u_top_airhockey/u_vga_timing/clk_pix
    SLICE_X9Y53          FDCE                                         r  u_top_airhockey/u_vga_timing/vcount_reg[7]/C
                         clock pessimism              0.484    14.312    
                         clock uncertainty           -0.087    14.225    
    SLICE_X9Y53          FDCE (Recov_fdce_C_CLR)     -0.580    13.645    u_top_airhockey/u_vga_timing/vcount_reg[7]
  -------------------------------------------------------------------
                         required time                         13.645    
                         arrival time                          -5.325    
  -------------------------------------------------------------------
                         slack                                  8.320    

Slack (MET) :             8.487ns  (required time - arrival time)
  Source:                 u_top_airhockey/u_rst_ctl/sync_ff_reg[1]/C
                            (rising edge-triggered cell FDPE clocked by clk_pix_clk_wiz_0  {rise@0.000ns fall@7.692ns period=15.385ns})
  Destination:            u_top_airhockey/u_vga_timing/vblnk_reg/CLR
                            (recovery check against rising-edge clock clk_pix_clk_wiz_0  {rise@0.000ns fall@7.692ns period=15.385ns})
  Path Group:             **async_default**
  Path Type:              Recovery (Max at Slow Process Corner)
  Requirement:            15.385ns  (clk_pix_clk_wiz_0 rise@15.385ns - clk_pix_clk_wiz_0 rise@0.000ns)
  Data Path Delay:        6.038ns  (logic 0.419ns (6.939%)  route 5.619ns (93.061%))
  Logic Levels:           0  
  Clock Path Skew:        -0.193ns (DCD - SCD + CPR)
    Destination Clock Delay (DCD):    -1.555ns = ( 13.830 - 15.385 ) 
    Source Clock Delay      (SCD):    -0.879ns
    Clock Pessimism Removal (CPR):    0.484ns
  Clock Uncertainty:      0.087ns  ((TSJ^2 + DJ^2)^1/2) / 2 + PE
    Total System Jitter     (TSJ):    0.071ns
    Discrete Jitter          (DJ):    0.159ns
    Phase Error              (PE):    0.000ns

    Location             Delay type                Incr(ns)  Path(ns)    Netlist Resource(s)
  -------------------------------------------------------------------    -------------------
                         (clock clk_pix_clk_wiz_0 rise edge)
                                                      0.000     0.000 r  
    W5                                                0.000     0.000 r  clk (IN)
                         net (fo=0)                   0.000     0.000    u_clk_wiz/inst/clk
    W5                   IBUF (Prop_ibuf_I_O)         1.458     1.458 r  u_clk_wiz/inst/clkin1_ibufg/O
                         net (fo=1, routed)           1.233     2.691    u_clk_wiz/inst/clk_clk_wiz_0
    MMCME2_ADV_X1Y0      MMCME2_ADV (Prop_mmcme2_adv_CLKIN1_CLKOUT1)
                                                     -6.961    -4.269 r  u_clk_wiz/inst/mmcm_adv_inst/CLKOUT1
                         net (fo=2, routed)           1.661    -2.608    u_clk_wiz/inst/clk_pix_clk_wiz_0
    BUFGCTRL_X0Y0        BUFGCTRL (Prop_bufgctrl_I0_O)
                                                      0.096    -2.512 r  u_clk_wiz/inst/clkout2_buf/O
                         net (fo=3196, routed)        1.633    -0.879    u_top_airhockey/u_rst_ctl/clk_pix
    SLICE_X0Y14          FDPE                                         r  u_top_airhockey/u_rst_ctl/sync_ff_reg[1]/C
  -------------------------------------------------------------------    -------------------
    SLICE_X0Y14          FDPE (Prop_fdpe_C_Q)         0.419    -0.460 f  u_top_airhockey/u_rst_ctl/sync_ff_reg[1]/Q
                         net (fo=1441, routed)        5.619     5.160    u_top_airhockey/u_vga_timing/out[0]
    SLICE_X9Y52          FDCE                                         f  u_top_airhockey/u_vga_timing/vblnk_reg/CLR
  -------------------------------------------------------------------    -------------------

                         (clock clk_pix_clk_wiz_0 rise edge)
                                                     15.385    15.385 r  
    W5                                                0.000    15.385 r  clk (IN)
                         net (fo=0)                   0.000    15.385    u_clk_wiz/inst/clk
    W5                   IBUF (Prop_ibuf_I_O)         1.388    16.773 r  u_clk_wiz/inst/clkin1_ibufg/O
                         net (fo=1, routed)           1.162    17.935    u_clk_wiz/inst/clk_clk_wiz_0
    MMCME2_ADV_X1Y0      MMCME2_ADV (Prop_mmcme2_adv_CLKIN1_CLKOUT1)
                                                     -7.217    10.717 r  u_clk_wiz/inst/mmcm_adv_inst/CLKOUT1
                         net (fo=2, routed)           1.581    12.298    u_clk_wiz/inst/clk_pix_clk_wiz_0
    BUFGCTRL_X0Y0        BUFGCTRL (Prop_bufgctrl_I0_O)
                                                      0.091    12.389 r  u_clk_wiz/inst/clkout2_buf/O
                         net (fo=3196, routed)        1.441    13.830    u_top_airhockey/u_vga_timing/clk_pix
    SLICE_X9Y52          FDCE                                         r  u_top_airhockey/u_vga_timing/vblnk_reg/C
                         clock pessimism              0.484    14.313    
                         clock uncertainty           -0.087    14.226    
    SLICE_X9Y52          FDCE (Recov_fdce_C_CLR)     -0.580    13.646    u_top_airhockey/u_vga_timing/vblnk_reg
  -------------------------------------------------------------------
                         required time                         13.646    
                         arrival time                          -5.160    
  -------------------------------------------------------------------
                         slack                                  8.487    

Slack (MET) :             8.531ns  (required time - arrival time)
  Source:                 u_top_airhockey/u_rst_ctl/sync_ff_reg[1]/C
                            (rising edge-triggered cell FDPE clocked by clk_pix_clk_wiz_0  {rise@0.000ns fall@7.692ns period=15.385ns})
  Destination:            u_top_airhockey/u_vga_timing/vcount_reg[9]/CLR
                            (recovery check against rising-edge clock clk_pix_clk_wiz_0  {rise@0.000ns fall@7.692ns period=15.385ns})
  Path Group:             **async_default**
  Path Type:              Recovery (Max at Slow Process Corner)
  Requirement:            15.385ns  (clk_pix_clk_wiz_0 rise@15.385ns - clk_pix_clk_wiz_0 rise@0.000ns)
  Data Path Delay:        6.038ns  (logic 0.419ns (6.939%)  route 5.619ns (93.061%))
  Logic Levels:           0  
  Clock Path Skew:        -0.193ns (DCD - SCD + CPR)
    Destination Clock Delay (DCD):    -1.555ns = ( 13.830 - 15.385 ) 
    Source Clock Delay      (SCD):    -0.879ns
    Clock Pessimism Removal (CPR):    0.484ns
  Clock Uncertainty:      0.087ns  ((TSJ^2 + DJ^2)^1/2) / 2 + PE
    Total System Jitter     (TSJ):    0.071ns
    Discrete Jitter          (DJ):    0.159ns
    Phase Error              (PE):    0.000ns

    Location             Delay type                Incr(ns)  Path(ns)    Netlist Resource(s)
  -------------------------------------------------------------------    -------------------
                         (clock clk_pix_clk_wiz_0 rise edge)
                                                      0.000     0.000 r  
    W5                                                0.000     0.000 r  clk (IN)
                         net (fo=0)                   0.000     0.000    u_clk_wiz/inst/clk
    W5                   IBUF (Prop_ibuf_I_O)         1.458     1.458 r  u_clk_wiz/inst/clkin1_ibufg/O
                         net (fo=1, routed)           1.233     2.691    u_clk_wiz/inst/clk_clk_wiz_0
    MMCME2_ADV_X1Y0      MMCME2_ADV (Prop_mmcme2_adv_CLKIN1_CLKOUT1)
                                                     -6.961    -4.269 r  u_clk_wiz/inst/mmcm_adv_inst/CLKOUT1
                         net (fo=2, routed)           1.661    -2.608    u_clk_wiz/inst/clk_pix_clk_wiz_0
    BUFGCTRL_X0Y0        BUFGCTRL (Prop_bufgctrl_I0_O)
                                                      0.096    -2.512 r  u_clk_wiz/inst/clkout2_buf/O
                         net (fo=3196, routed)        1.633    -0.879    u_top_airhockey/u_rst_ctl/clk_pix
    SLICE_X0Y14          FDPE                                         r  u_top_airhockey/u_rst_ctl/sync_ff_reg[1]/C
  -------------------------------------------------------------------    -------------------
    SLICE_X0Y14          FDPE (Prop_fdpe_C_Q)         0.419    -0.460 f  u_top_airhockey/u_rst_ctl/sync_ff_reg[1]/Q
                         net (fo=1441, routed)        5.619     5.160    u_top_airhockey/u_vga_timing/out[0]
    SLICE_X8Y52          FDCE                                         f  u_top_airhockey/u_vga_timing/vcount_reg[9]/CLR
  -------------------------------------------------------------------    -------------------

                         (clock clk_pix_clk_wiz_0 rise edge)
                                                     15.385    15.385 r  
    W5                                                0.000    15.385 r  clk (IN)
                         net (fo=0)                   0.000    15.385    u_clk_wiz/inst/clk
    W5                   IBUF (Prop_ibuf_I_O)         1.388    16.773 r  u_clk_wiz/inst/clkin1_ibufg/O
                         net (fo=1, routed)           1.162    17.935    u_clk_wiz/inst/clk_clk_wiz_0
    MMCME2_ADV_X1Y0      MMCME2_ADV (Prop_mmcme2_adv_CLKIN1_CLKOUT1)
                                                     -7.217    10.717 r  u_clk_wiz/inst/mmcm_adv_inst/CLKOUT1
                         net (fo=2, routed)           1.581    12.298    u_clk_wiz/inst/clk_pix_clk_wiz_0
    BUFGCTRL_X0Y0        BUFGCTRL (Prop_bufgctrl_I0_O)
                                                      0.091    12.389 r  u_clk_wiz/inst/clkout2_buf/O
                         net (fo=3196, routed)        1.441    13.830    u_top_airhockey/u_vga_timing/clk_pix
    SLICE_X8Y52          FDCE                                         r  u_top_airhockey/u_vga_timing/vcount_reg[9]/C
                         clock pessimism              0.484    14.313    
                         clock uncertainty           -0.087    14.226    
    SLICE_X8Y52          FDCE (Recov_fdce_C_CLR)     -0.536    13.690    u_top_airhockey/u_vga_timing/vcount_reg[9]
  -------------------------------------------------------------------
                         required time                         13.690    
                         arrival time                          -5.160    
  -------------------------------------------------------------------
                         slack                                  8.531    

Slack (MET) :             8.573ns  (required time - arrival time)
  Source:                 u_top_airhockey/u_rst_ctl/sync_ff_reg[1]/C
                            (rising edge-triggered cell FDPE clocked by clk_pix_clk_wiz_0  {rise@0.000ns fall@7.692ns period=15.385ns})
  Destination:            u_top_airhockey/u_vga_timing/vcount_reg[10]/CLR
                            (recovery check against rising-edge clock clk_pix_clk_wiz_0  {rise@0.000ns fall@7.692ns period=15.385ns})
  Path Group:             **async_default**
  Path Type:              Recovery (Max at Slow Process Corner)
  Requirement:            15.385ns  (clk_pix_clk_wiz_0 rise@15.385ns - clk_pix_clk_wiz_0 rise@0.000ns)
  Data Path Delay:        6.038ns  (logic 0.419ns (6.939%)  route 5.619ns (93.061%))
  Logic Levels:           0  
  Clock Path Skew:        -0.193ns (DCD - SCD + CPR)
    Destination Clock Delay (DCD):    -1.555ns = ( 13.830 - 15.385 ) 
    Source Clock Delay      (SCD):    -0.879ns
    Clock Pessimism Removal (CPR):    0.484ns
  Clock Uncertainty:      0.087ns  ((TSJ^2 + DJ^2)^1/2) / 2 + PE
    Total System Jitter     (TSJ):    0.071ns
    Discrete Jitter          (DJ):    0.159ns
    Phase Error              (PE):    0.000ns

    Location             Delay type                Incr(ns)  Path(ns)    Netlist Resource(s)
  -------------------------------------------------------------------    -------------------
                         (clock clk_pix_clk_wiz_0 rise edge)
                                                      0.000     0.000 r  
    W5                                                0.000     0.000 r  clk (IN)
                         net (fo=0)                   0.000     0.000    u_clk_wiz/inst/clk
    W5                   IBUF (Prop_ibuf_I_O)         1.458     1.458 r  u_clk_wiz/inst/clkin1_ibufg/O
                         net (fo=1, routed)           1.233     2.691    u_clk_wiz/inst/clk_clk_wiz_0
    MMCME2_ADV_X1Y0      MMCME2_ADV (Prop_mmcme2_adv_CLKIN1_CLKOUT1)
                                                     -6.961    -4.269 r  u_clk_wiz/inst/mmcm_adv_inst/CLKOUT1
                         net (fo=2, routed)           1.661    -2.608    u_clk_wiz/inst/clk_pix_clk_wiz_0
    BUFGCTRL_X0Y0        BUFGCTRL (Prop_bufgctrl_I0_O)
                                                      0.096    -2.512 r  u_clk_wiz/inst/clkout2_buf/O
                         net (fo=3196, routed)        1.633    -0.879    u_top_airhockey/u_rst_ctl/clk_pix
    SLICE_X0Y14          FDPE                                         r  u_top_airhockey/u_rst_ctl/sync_ff_reg[1]/C
  -------------------------------------------------------------------    -------------------
    SLICE_X0Y14          FDPE (Prop_fdpe_C_Q)         0.419    -0.460 f  u_top_airhockey/u_rst_ctl/sync_ff_reg[1]/Q
                         net (fo=1441, routed)        5.619     5.160    u_top_airhockey/u_vga_timing/out[0]
    SLICE_X8Y52          FDCE                                         f  u_top_airhockey/u_vga_timing/vcount_reg[10]/CLR
  -------------------------------------------------------------------    -------------------

                         (clock clk_pix_clk_wiz_0 rise edge)
                                                     15.385    15.385 r  
    W5                                                0.000    15.385 r  clk (IN)
                         net (fo=0)                   0.000    15.385    u_clk_wiz/inst/clk
    W5                   IBUF (Prop_ibuf_I_O)         1.388    16.773 r  u_clk_wiz/inst/clkin1_ibufg/O
                         net (fo=1, routed)           1.162    17.935    u_clk_wiz/inst/clk_clk_wiz_0
    MMCME2_ADV_X1Y0      MMCME2_ADV (Prop_mmcme2_adv_CLKIN1_CLKOUT1)
                                                     -7.217    10.717 r  u_clk_wiz/inst/mmcm_adv_inst/CLKOUT1
                         net (fo=2, routed)           1.581    12.298    u_clk_wiz/inst/clk_pix_clk_wiz_0
    BUFGCTRL_X0Y0        BUFGCTRL (Prop_bufgctrl_I0_O)
                                                      0.091    12.389 r  u_clk_wiz/inst/clkout2_buf/O
                         net (fo=3196, routed)        1.441    13.830    u_top_airhockey/u_vga_timing/clk_pix
    SLICE_X8Y52          FDCE                                         r  u_top_airhockey/u_vga_timing/vcount_reg[10]/C
                         clock pessimism              0.484    14.313    
                         clock uncertainty           -0.087    14.226    
    SLICE_X8Y52          FDCE (Recov_fdce_C_CLR)     -0.494    13.732    u_top_airhockey/u_vga_timing/vcount_reg[10]
  -------------------------------------------------------------------
                         required time                         13.732    
                         arrival time                          -5.160    
  -------------------------------------------------------------------
                         slack                                  8.573    

Slack (MET) :             8.573ns  (required time - arrival time)
  Source:                 u_top_airhockey/u_rst_ctl/sync_ff_reg[1]/C
                            (rising edge-triggered cell FDPE clocked by clk_pix_clk_wiz_0  {rise@0.000ns fall@7.692ns period=15.385ns})
  Destination:            u_top_airhockey/u_vga_timing/vcount_reg[8]/CLR
                            (recovery check against rising-edge clock clk_pix_clk_wiz_0  {rise@0.000ns fall@7.692ns period=15.385ns})
  Path Group:             **async_default**
  Path Type:              Recovery (Max at Slow Process Corner)
  Requirement:            15.385ns  (clk_pix_clk_wiz_0 rise@15.385ns - clk_pix_clk_wiz_0 rise@0.000ns)
  Data Path Delay:        6.038ns  (logic 0.419ns (6.939%)  route 5.619ns (93.061%))
  Logic Levels:           0  
  Clock Path Skew:        -0.193ns (DCD - SCD + CPR)
    Destination Clock Delay (DCD):    -1.555ns = ( 13.830 - 15.385 ) 
    Source Clock Delay      (SCD):    -0.879ns
    Clock Pessimism Removal (CPR):    0.484ns
  Clock Uncertainty:      0.087ns  ((TSJ^2 + DJ^2)^1/2) / 2 + PE
    Total System Jitter     (TSJ):    0.071ns
    Discrete Jitter          (DJ):    0.159ns
    Phase Error              (PE):    0.000ns

    Location             Delay type                Incr(ns)  Path(ns)    Netlist Resource(s)
  -------------------------------------------------------------------    -------------------
                         (clock clk_pix_clk_wiz_0 rise edge)
                                                      0.000     0.000 r  
    W5                                                0.000     0.000 r  clk (IN)
                         net (fo=0)                   0.000     0.000    u_clk_wiz/inst/clk
    W5                   IBUF (Prop_ibuf_I_O)         1.458     1.458 r  u_clk_wiz/inst/clkin1_ibufg/O
                         net (fo=1, routed)           1.233     2.691    u_clk_wiz/inst/clk_clk_wiz_0
    MMCME2_ADV_X1Y0      MMCME2_ADV (Prop_mmcme2_adv_CLKIN1_CLKOUT1)
                                                     -6.961    -4.269 r  u_clk_wiz/inst/mmcm_adv_inst/CLKOUT1
                         net (fo=2, routed)           1.661    -2.608    u_clk_wiz/inst/clk_pix_clk_wiz_0
    BUFGCTRL_X0Y0        BUFGCTRL (Prop_bufgctrl_I0_O)
                                                      0.096    -2.512 r  u_clk_wiz/inst/clkout2_buf/O
                         net (fo=3196, routed)        1.633    -0.879    u_top_airhockey/u_rst_ctl/clk_pix
    SLICE_X0Y14          FDPE                                         r  u_top_airhockey/u_rst_ctl/sync_ff_reg[1]/C
  -------------------------------------------------------------------    -------------------
    SLICE_X0Y14          FDPE (Prop_fdpe_C_Q)         0.419    -0.460 f  u_top_airhockey/u_rst_ctl/sync_ff_reg[1]/Q
                         net (fo=1441, routed)        5.619     5.160    u_top_airhockey/u_vga_timing/out[0]
    SLICE_X8Y52          FDCE                                         f  u_top_airhockey/u_vga_timing/vcount_reg[8]/CLR
  -------------------------------------------------------------------    -------------------

                         (clock clk_pix_clk_wiz_0 rise edge)
                                                     15.385    15.385 r  
    W5                                                0.000    15.385 r  clk (IN)
                         net (fo=0)                   0.000    15.385    u_clk_wiz/inst/clk
    W5                   IBUF (Prop_ibuf_I_O)         1.388    16.773 r  u_clk_wiz/inst/clkin1_ibufg/O
                         net (fo=1, routed)           1.162    17.935    u_clk_wiz/inst/clk_clk_wiz_0
    MMCME2_ADV_X1Y0      MMCME2_ADV (Prop_mmcme2_adv_CLKIN1_CLKOUT1)
                                                     -7.217    10.717 r  u_clk_wiz/inst/mmcm_adv_inst/CLKOUT1
                         net (fo=2, routed)           1.581    12.298    u_clk_wiz/inst/clk_pix_clk_wiz_0
    BUFGCTRL_X0Y0        BUFGCTRL (Prop_bufgctrl_I0_O)
                                                      0.091    12.389 r  u_clk_wiz/inst/clkout2_buf/O
                         net (fo=3196, routed)        1.441    13.830    u_top_airhockey/u_vga_timing/clk_pix
    SLICE_X8Y52          FDCE                                         r  u_top_airhockey/u_vga_timing/vcount_reg[8]/C
                         clock pessimism              0.484    14.313    
                         clock uncertainty           -0.087    14.226    
    SLICE_X8Y52          FDCE (Recov_fdce_C_CLR)     -0.494    13.732    u_top_airhockey/u_vga_timing/vcount_reg[8]
  -------------------------------------------------------------------
                         required time                         13.732    
                         arrival time                          -5.160    
  -------------------------------------------------------------------
                         slack                                  8.573    

Slack (MET) :             8.941ns  (required time - arrival time)
  Source:                 u_top_airhockey/u_rst_ctl/sync_ff_reg[1]/C
                            (rising edge-triggered cell FDPE clocked by clk_pix_clk_wiz_0  {rise@0.000ns fall@7.692ns period=15.385ns})
  Destination:            u_top_airhockey/u_vga_timing/vcount_reg[3]/CLR
                            (recovery check against rising-edge clock clk_pix_clk_wiz_0  {rise@0.000ns fall@7.692ns period=15.385ns})
  Path Group:             **async_default**
  Path Type:              Recovery (Max at Slow Process Corner)
  Requirement:            15.385ns  (clk_pix_clk_wiz_0 rise@15.385ns - clk_pix_clk_wiz_0 rise@0.000ns)
  Data Path Delay:        5.651ns  (logic 0.419ns (7.415%)  route 5.232ns (92.585%))
  Logic Levels:           0  
  Clock Path Skew:        -0.126ns (DCD - SCD + CPR)
    Destination Clock Delay (DCD):    -1.488ns = ( 13.897 - 15.385 ) 
    Source Clock Delay      (SCD):    -0.879ns
    Clock Pessimism Removal (CPR):    0.484ns
  Clock Uncertainty:      0.087ns  ((TSJ^2 + DJ^2)^1/2) / 2 + PE
    Total System Jitter     (TSJ):    0.071ns
    Discrete Jitter          (DJ):    0.159ns
    Phase Error              (PE):    0.000ns

    Location             Delay type                Incr(ns)  Path(ns)    Netlist Resource(s)
  -------------------------------------------------------------------    -------------------
                         (clock clk_pix_clk_wiz_0 rise edge)
                                                      0.000     0.000 r  
    W5                                                0.000     0.000 r  clk (IN)
                         net (fo=0)                   0.000     0.000    u_clk_wiz/inst/clk
    W5                   IBUF (Prop_ibuf_I_O)         1.458     1.458 r  u_clk_wiz/inst/clkin1_ibufg/O
                         net (fo=1, routed)           1.233     2.691    u_clk_wiz/inst/clk_clk_wiz_0
    MMCME2_ADV_X1Y0      MMCME2_ADV (Prop_mmcme2_adv_CLKIN1_CLKOUT1)
                                                     -6.961    -4.269 r  u_clk_wiz/inst/mmcm_adv_inst/CLKOUT1
                         net (fo=2, routed)           1.661    -2.608    u_clk_wiz/inst/clk_pix_clk_wiz_0
    BUFGCTRL_X0Y0        BUFGCTRL (Prop_bufgctrl_I0_O)
                                                      0.096    -2.512 r  u_clk_wiz/inst/clkout2_buf/O
                         net (fo=3196, routed)        1.633    -0.879    u_top_airhockey/u_rst_ctl/clk_pix
    SLICE_X0Y14          FDPE                                         r  u_top_airhockey/u_rst_ctl/sync_ff_reg[1]/C
  -------------------------------------------------------------------    -------------------
    SLICE_X0Y14          FDPE (Prop_fdpe_C_Q)         0.419    -0.460 f  u_top_airhockey/u_rst_ctl/sync_ff_reg[1]/Q
                         net (fo=1441, routed)        5.232     4.772    u_top_airhockey/u_vga_timing/out[0]
    SLICE_X7Y52          FDCE                                         f  u_top_airhockey/u_vga_timing/vcount_reg[3]/CLR
  -------------------------------------------------------------------    -------------------

                         (clock clk_pix_clk_wiz_0 rise edge)
                                                     15.385    15.385 r  
    W5                                                0.000    15.385 r  clk (IN)
                         net (fo=0)                   0.000    15.385    u_clk_wiz/inst/clk
    W5                   IBUF (Prop_ibuf_I_O)         1.388    16.773 r  u_clk_wiz/inst/clkin1_ibufg/O
                         net (fo=1, routed)           1.162    17.935    u_clk_wiz/inst/clk_clk_wiz_0
    MMCME2_ADV_X1Y0      MMCME2_ADV (Prop_mmcme2_adv_CLKIN1_CLKOUT1)
                                                     -7.217    10.717 r  u_clk_wiz/inst/mmcm_adv_inst/CLKOUT1
                         net (fo=2, routed)           1.581    12.298    u_clk_wiz/inst/clk_pix_clk_wiz_0
    BUFGCTRL_X0Y0        BUFGCTRL (Prop_bufgctrl_I0_O)
                                                      0.091    12.389 r  u_clk_wiz/inst/clkout2_buf/O
                         net (fo=3196, routed)        1.508    13.897    u_top_airhockey/u_vga_timing/clk_pix
    SLICE_X7Y52          FDCE                                         r  u_top_airhockey/u_vga_timing/vcount_reg[3]/C
                         clock pessimism              0.484    14.380    
                         clock uncertainty           -0.087    14.293    
    SLICE_X7Y52          FDCE (Recov_fdce_C_CLR)     -0.580    13.713    u_top_airhockey/u_vga_timing/vcount_reg[3]
  -------------------------------------------------------------------
                         required time                         13.713    
                         arrival time                          -4.772    
  -------------------------------------------------------------------
                         slack                                  8.941    

Slack (MET) :             8.941ns  (required time - arrival time)
  Source:                 u_top_airhockey/u_rst_ctl/sync_ff_reg[1]/C
                            (rising edge-triggered cell FDPE clocked by clk_pix_clk_wiz_0  {rise@0.000ns fall@7.692ns period=15.385ns})
  Destination:            u_top_airhockey/u_vga_timing/vcount_reg[4]/CLR
                            (recovery check against rising-edge clock clk_pix_clk_wiz_0  {rise@0.000ns fall@7.692ns period=15.385ns})
  Path Group:             **async_default**
  Path Type:              Recovery (Max at Slow Process Corner)
  Requirement:            15.385ns  (clk_pix_clk_wiz_0 rise@15.385ns - clk_pix_clk_wiz_0 rise@0.000ns)
  Data Path Delay:        5.651ns  (logic 0.419ns (7.415%)  route 5.232ns (92.585%))
  Logic Levels:           0  
  Clock Path Skew:        -0.126ns (DCD - SCD + CPR)
    Destination Clock Delay (DCD):    -1.488ns = ( 13.897 - 15.385 ) 
    Source Clock Delay      (SCD):    -0.879ns
    Clock Pessimism Removal (CPR):    0.484ns
  Clock Uncertainty:      0.087ns  ((TSJ^2 + DJ^2)^1/2) / 2 + PE
    Total System Jitter     (TSJ):    0.071ns
    Discrete Jitter          (DJ):    0.159ns
    Phase Error              (PE):    0.000ns

    Location             Delay type                Incr(ns)  Path(ns)    Netlist Resource(s)
  -------------------------------------------------------------------    -------------------
                         (clock clk_pix_clk_wiz_0 rise edge)
                                                      0.000     0.000 r  
    W5                                                0.000     0.000 r  clk (IN)
                         net (fo=0)                   0.000     0.000    u_clk_wiz/inst/clk
    W5                   IBUF (Prop_ibuf_I_O)         1.458     1.458 r  u_clk_wiz/inst/clkin1_ibufg/O
                         net (fo=1, routed)           1.233     2.691    u_clk_wiz/inst/clk_clk_wiz_0
    MMCME2_ADV_X1Y0      MMCME2_ADV (Prop_mmcme2_adv_CLKIN1_CLKOUT1)
                                                     -6.961    -4.269 r  u_clk_wiz/inst/mmcm_adv_inst/CLKOUT1
                         net (fo=2, routed)           1.661    -2.608    u_clk_wiz/inst/clk_pix_clk_wiz_0
    BUFGCTRL_X0Y0        BUFGCTRL (Prop_bufgctrl_I0_O)
                                                      0.096    -2.512 r  u_clk_wiz/inst/clkout2_buf/O
                         net (fo=3196, routed)        1.633    -0.879    u_top_airhockey/u_rst_ctl/clk_pix
    SLICE_X0Y14          FDPE                                         r  u_top_airhockey/u_rst_ctl/sync_ff_reg[1]/C
  -------------------------------------------------------------------    -------------------
    SLICE_X0Y14          FDPE (Prop_fdpe_C_Q)         0.419    -0.460 f  u_top_airhockey/u_rst_ctl/sync_ff_reg[1]/Q
                         net (fo=1441, routed)        5.232     4.772    u_top_airhockey/u_vga_timing/out[0]
    SLICE_X7Y52          FDCE                                         f  u_top_airhockey/u_vga_timing/vcount_reg[4]/CLR
  -------------------------------------------------------------------    -------------------

                         (clock clk_pix_clk_wiz_0 rise edge)
                                                     15.385    15.385 r  
    W5                                                0.000    15.385 r  clk (IN)
                         net (fo=0)                   0.000    15.385    u_clk_wiz/inst/clk
    W5                   IBUF (Prop_ibuf_I_O)         1.388    16.773 r  u_clk_wiz/inst/clkin1_ibufg/O
                         net (fo=1, routed)           1.162    17.935    u_clk_wiz/inst/clk_clk_wiz_0
    MMCME2_ADV_X1Y0      MMCME2_ADV (Prop_mmcme2_adv_CLKIN1_CLKOUT1)
                                                     -7.217    10.717 r  u_clk_wiz/inst/mmcm_adv_inst/CLKOUT1
                         net (fo=2, routed)           1.581    12.298    u_clk_wiz/inst/clk_pix_clk_wiz_0
    BUFGCTRL_X0Y0        BUFGCTRL (Prop_bufgctrl_I0_O)
                                                      0.091    12.389 r  u_clk_wiz/inst/clkout2_buf/O
                         net (fo=3196, routed)        1.508    13.897    u_top_airhockey/u_vga_timing/clk_pix
    SLICE_X7Y52          FDCE                                         r  u_top_airhockey/u_vga_timing/vcount_reg[4]/C
                         clock pessimism              0.484    14.380    
                         clock uncertainty           -0.087    14.293    
    SLICE_X7Y52          FDCE (Recov_fdce_C_CLR)     -0.580    13.713    u_top_airhockey/u_vga_timing/vcount_reg[4]
  -------------------------------------------------------------------
                         required time                         13.713    
                         arrival time                          -4.772    
  -------------------------------------------------------------------
                         slack                                  8.941    

Slack (MET) :             8.941ns  (required time - arrival time)
  Source:                 u_top_airhockey/u_rst_ctl/sync_ff_reg[1]/C
                            (rising edge-triggered cell FDPE clocked by clk_pix_clk_wiz_0  {rise@0.000ns fall@7.692ns period=15.385ns})
  Destination:            u_top_airhockey/u_vga_timing/vcount_reg[5]/CLR
                            (recovery check against rising-edge clock clk_pix_clk_wiz_0  {rise@0.000ns fall@7.692ns period=15.385ns})
  Path Group:             **async_default**
  Path Type:              Recovery (Max at Slow Process Corner)
  Requirement:            15.385ns  (clk_pix_clk_wiz_0 rise@15.385ns - clk_pix_clk_wiz_0 rise@0.000ns)
  Data Path Delay:        5.651ns  (logic 0.419ns (7.415%)  route 5.232ns (92.585%))
  Logic Levels:           0  
  Clock Path Skew:        -0.126ns (DCD - SCD + CPR)
    Destination Clock Delay (DCD):    -1.488ns = ( 13.897 - 15.385 ) 
    Source Clock Delay      (SCD):    -0.879ns
    Clock Pessimism Removal (CPR):    0.484ns
  Clock Uncertainty:      0.087ns  ((TSJ^2 + DJ^2)^1/2) / 2 + PE
    Total System Jitter     (TSJ):    0.071ns
    Discrete Jitter          (DJ):    0.159ns
    Phase Error              (PE):    0.000ns

    Location             Delay type                Incr(ns)  Path(ns)    Netlist Resource(s)
  -------------------------------------------------------------------    -------------------
                         (clock clk_pix_clk_wiz_0 rise edge)
                                                      0.000     0.000 r  
    W5                                                0.000     0.000 r  clk (IN)
                         net (fo=0)                   0.000     0.000    u_clk_wiz/inst/clk
    W5                   IBUF (Prop_ibuf_I_O)         1.458     1.458 r  u_clk_wiz/inst/clkin1_ibufg/O
                         net (fo=1, routed)           1.233     2.691    u_clk_wiz/inst/clk_clk_wiz_0
    MMCME2_ADV_X1Y0      MMCME2_ADV (Prop_mmcme2_adv_CLKIN1_CLKOUT1)
                                                     -6.961    -4.269 r  u_clk_wiz/inst/mmcm_adv_inst/CLKOUT1
                         net (fo=2, routed)           1.661    -2.608    u_clk_wiz/inst/clk_pix_clk_wiz_0
    BUFGCTRL_X0Y0        BUFGCTRL (Prop_bufgctrl_I0_O)
                                                      0.096    -2.512 r  u_clk_wiz/inst/clkout2_buf/O
                         net (fo=3196, routed)        1.633    -0.879    u_top_airhockey/u_rst_ctl/clk_pix
    SLICE_X0Y14          FDPE                                         r  u_top_airhockey/u_rst_ctl/sync_ff_reg[1]/C
  -------------------------------------------------------------------    -------------------
    SLICE_X0Y14          FDPE (Prop_fdpe_C_Q)         0.419    -0.460 f  u_top_airhockey/u_rst_ctl/sync_ff_reg[1]/Q
                         net (fo=1441, routed)        5.232     4.772    u_top_airhockey/u_vga_timing/out[0]
    SLICE_X7Y52          FDCE                                         f  u_top_airhockey/u_vga_timing/vcount_reg[5]/CLR
  -------------------------------------------------------------------    -------------------

                         (clock clk_pix_clk_wiz_0 rise edge)
                                                     15.385    15.385 r  
    W5                                                0.000    15.385 r  clk (IN)
                         net (fo=0)                   0.000    15.385    u_clk_wiz/inst/clk
    W5                   IBUF (Prop_ibuf_I_O)         1.388    16.773 r  u_clk_wiz/inst/clkin1_ibufg/O
                         net (fo=1, routed)           1.162    17.935    u_clk_wiz/inst/clk_clk_wiz_0
    MMCME2_ADV_X1Y0      MMCME2_ADV (Prop_mmcme2_adv_CLKIN1_CLKOUT1)
                                                     -7.217    10.717 r  u_clk_wiz/inst/mmcm_adv_inst/CLKOUT1
                         net (fo=2, routed)           1.581    12.298    u_clk_wiz/inst/clk_pix_clk_wiz_0
    BUFGCTRL_X0Y0        BUFGCTRL (Prop_bufgctrl_I0_O)
                                                      0.091    12.389 r  u_clk_wiz/inst/clkout2_buf/O
                         net (fo=3196, routed)        1.508    13.897    u_top_airhockey/u_vga_timing/clk_pix
    SLICE_X7Y52          FDCE                                         r  u_top_airhockey/u_vga_timing/vcount_reg[5]/C
                         clock pessimism              0.484    14.380    
                         clock uncertainty           -0.087    14.293    
    SLICE_X7Y52          FDCE (Recov_fdce_C_CLR)     -0.580    13.713    u_top_airhockey/u_vga_timing/vcount_reg[5]
  -------------------------------------------------------------------
                         required time                         13.713    
                         arrival time                          -4.772    
  -------------------------------------------------------------------
                         slack                                  8.941    

Slack (MET) :             9.437ns  (required time - arrival time)
  Source:                 u_top_airhockey/u_rst_ctl/sync_ff_reg[1]/C
                            (rising edge-triggered cell FDPE clocked by clk_pix_clk_wiz_0  {rise@0.000ns fall@7.692ns period=15.385ns})
  Destination:            u_top_airhockey/u_vga_timing/hcount_reg[2]/CLR
                            (recovery check against rising-edge clock clk_pix_clk_wiz_0  {rise@0.000ns fall@7.692ns period=15.385ns})
  Path Group:             **async_default**
  Path Type:              Recovery (Max at Slow Process Corner)
  Requirement:            15.385ns  (clk_pix_clk_wiz_0 rise@15.385ns - clk_pix_clk_wiz_0 rise@0.000ns)
  Data Path Delay:        5.222ns  (logic 0.419ns (8.023%)  route 4.803ns (91.977%))
  Logic Levels:           0  
  Clock Path Skew:        -0.102ns (DCD - SCD + CPR)
    Destination Clock Delay (DCD):    -1.544ns = ( 13.841 - 15.385 ) 
    Source Clock Delay      (SCD):    -0.879ns
    Clock Pessimism Removal (CPR):    0.564ns
  Clock Uncertainty:      0.087ns  ((TSJ^2 + DJ^2)^1/2) / 2 + PE
    Total System Jitter     (TSJ):    0.071ns
    Discrete Jitter          (DJ):    0.159ns
    Phase Error              (PE):    0.000ns

    Location             Delay type                Incr(ns)  Path(ns)    Netlist Resource(s)
  -------------------------------------------------------------------    -------------------
                         (clock clk_pix_clk_wiz_0 rise edge)
                                                      0.000     0.000 r  
    W5                                                0.000     0.000 r  clk (IN)
                         net (fo=0)                   0.000     0.000    u_clk_wiz/inst/clk
    W5                   IBUF (Prop_ibuf_I_O)         1.458     1.458 r  u_clk_wiz/inst/clkin1_ibufg/O
                         net (fo=1, routed)           1.233     2.691    u_clk_wiz/inst/clk_clk_wiz_0
    MMCME2_ADV_X1Y0      MMCME2_ADV (Prop_mmcme2_adv_CLKIN1_CLKOUT1)
                                                     -6.961    -4.269 r  u_clk_wiz/inst/mmcm_adv_inst/CLKOUT1
                         net (fo=2, routed)           1.661    -2.608    u_clk_wiz/inst/clk_pix_clk_wiz_0
    BUFGCTRL_X0Y0        BUFGCTRL (Prop_bufgctrl_I0_O)
                                                      0.096    -2.512 r  u_clk_wiz/inst/clkout2_buf/O
                         net (fo=3196, routed)        1.633    -0.879    u_top_airhockey/u_rst_ctl/clk_pix
    SLICE_X0Y14          FDPE                                         r  u_top_airhockey/u_rst_ctl/sync_ff_reg[1]/C
  -------------------------------------------------------------------    -------------------
    SLICE_X0Y14          FDPE (Prop_fdpe_C_Q)         0.419    -0.460 f  u_top_airhockey/u_rst_ctl/sync_ff_reg[1]/Q
                         net (fo=1441, routed)        4.803     4.344    u_top_airhockey/u_vga_timing/out[0]
    SLICE_X8Y48          FDCE                                         f  u_top_airhockey/u_vga_timing/hcount_reg[2]/CLR
  -------------------------------------------------------------------    -------------------

                         (clock clk_pix_clk_wiz_0 rise edge)
                                                     15.385    15.385 r  
    W5                                                0.000    15.385 r  clk (IN)
                         net (fo=0)                   0.000    15.385    u_clk_wiz/inst/clk
    W5                   IBUF (Prop_ibuf_I_O)         1.388    16.773 r  u_clk_wiz/inst/clkin1_ibufg/O
                         net (fo=1, routed)           1.162    17.935    u_clk_wiz/inst/clk_clk_wiz_0
    MMCME2_ADV_X1Y0      MMCME2_ADV (Prop_mmcme2_adv_CLKIN1_CLKOUT1)
                                                     -7.217    10.717 r  u_clk_wiz/inst/mmcm_adv_inst/CLKOUT1
                         net (fo=2, routed)           1.581    12.298    u_clk_wiz/inst/clk_pix_clk_wiz_0
    BUFGCTRL_X0Y0        BUFGCTRL (Prop_bufgctrl_I0_O)
                                                      0.091    12.389 r  u_clk_wiz/inst/clkout2_buf/O
                         net (fo=3196, routed)        1.451    13.841    u_top_airhockey/u_vga_timing/clk_pix
    SLICE_X8Y48          FDCE                                         r  u_top_airhockey/u_vga_timing/hcount_reg[2]/C
                         clock pessimism              0.564    14.404    
                         clock uncertainty           -0.087    14.317    
    SLICE_X8Y48          FDCE (Recov_fdce_C_CLR)     -0.536    13.781    u_top_airhockey/u_vga_timing/hcount_reg[2]
  -------------------------------------------------------------------
                         required time                         13.781    
                         arrival time                          -4.344    
  -------------------------------------------------------------------
                         slack                                  9.437    





Min Delay Paths
--------------------------------------------------------------------------------------
Slack (MET) :             1.300ns  (arrival time - required time)
  Source:                 u_top_airhockey/u_rst_ctl/sync_ff_reg[1]/C
                            (rising edge-triggered cell FDPE clocked by clk_pix_clk_wiz_0  {rise@0.000ns fall@7.692ns period=15.385ns})
  Destination:            u_top_airhockey/u_draw_mouse/vga_out\\.vsync_reg/CLR
                            (removal check against rising-edge clock clk_pix_clk_wiz_0  {rise@0.000ns fall@7.692ns period=15.385ns})
  Path Group:             **async_default**
  Path Type:              Removal (Min at Fast Process Corner)
  Requirement:            0.000ns  (clk_pix_clk_wiz_0 rise@0.000ns - clk_pix_clk_wiz_0 rise@0.000ns)
  Data Path Delay:        1.218ns  (logic 0.128ns (10.508%)  route 1.090ns (89.492%))
  Logic Levels:           0  
  Clock Path Skew:        0.039ns (DCD - SCD - CPR)
    Destination Clock Delay (DCD):    -0.826ns
    Source Clock Delay      (SCD):    -0.590ns
    Clock Pessimism Removal (CPR):    -0.274ns

    Location             Delay type                Incr(ns)  Path(ns)    Netlist Resource(s)
  -------------------------------------------------------------------    -------------------
                         (clock clk_pix_clk_wiz_0 rise edge)
                                                      0.000     0.000 r  
    W5                                                0.000     0.000 r  clk (IN)
                         net (fo=0)                   0.000     0.000    u_clk_wiz/inst/clk
    W5                   IBUF (Prop_ibuf_I_O)         0.226     0.226 r  u_clk_wiz/inst/clkin1_ibufg/O
                         net (fo=1, routed)           0.440     0.667    u_clk_wiz/inst/clk_clk_wiz_0
    MMCME2_ADV_X1Y0      MMCME2_ADV (Prop_mmcme2_adv_CLKIN1_CLKOUT1)
                                                     -2.360    -1.693 r  u_clk_wiz/inst/mmcm_adv_inst/CLKOUT1
                         net (fo=2, routed)           0.486    -1.207    u_clk_wiz/inst/clk_pix_clk_wiz_0
    BUFGCTRL_X0Y0        BUFGCTRL (Prop_bufgctrl_I0_O)
                                                      0.026    -1.181 r  u_clk_wiz/inst/clkout2_buf/O
                         net (fo=3196, routed)        0.591    -0.590    u_top_airhockey/u_rst_ctl/clk_pix
    SLICE_X0Y14          FDPE                                         r  u_top_airhockey/u_rst_ctl/sync_ff_reg[1]/C
  -------------------------------------------------------------------    -------------------
    SLICE_X0Y14          FDPE (Prop_fdpe_C_Q)         0.128    -0.462 f  u_top_airhockey/u_rst_ctl/sync_ff_reg[1]/Q
                         net (fo=1441, routed)        1.090     0.628    u_top_airhockey/u_draw_mouse/out[0]
    SLICE_X2Y38          FDCE                                         f  u_top_airhockey/u_draw_mouse/vga_out\\.vsync_reg/CLR
  -------------------------------------------------------------------    -------------------

                         (clock clk_pix_clk_wiz_0 rise edge)
                                                      0.000     0.000 r  
    W5                                                0.000     0.000 r  clk (IN)
                         net (fo=0)                   0.000     0.000    u_clk_wiz/inst/clk
    W5                   IBUF (Prop_ibuf_I_O)         0.414     0.414 r  u_clk_wiz/inst/clkin1_ibufg/O
                         net (fo=1, routed)           0.480     0.894    u_clk_wiz/inst/clk_clk_wiz_0
    MMCME2_ADV_X1Y0      MMCME2_ADV (Prop_mmcme2_adv_CLKIN1_CLKOUT1)
                                                     -3.142    -2.248 r  u_clk_wiz/inst/mmcm_adv_inst/CLKOUT1
                         net (fo=2, routed)           0.530    -1.718    u_clk_wiz/inst/clk_pix_clk_wiz_0
    BUFGCTRL_X0Y0        BUFGCTRL (Prop_bufgctrl_I0_O)
                                                      0.029    -1.689 r  u_clk_wiz/inst/clkout2_buf/O
                         net (fo=3196, routed)        0.864    -0.826    u_top_airhockey/u_draw_mouse/clk_pix
    SLICE_X2Y38          FDCE                                         r  u_top_airhockey/u_draw_mouse/vga_out\\.vsync_reg/C
                         clock pessimism              0.274    -0.551    
    SLICE_X2Y38          FDCE (Remov_fdce_C_CLR)     -0.121    -0.672    u_top_airhockey/u_draw_mouse/vga_out\\.vsync_reg
  -------------------------------------------------------------------
                         required time                          0.672    
                         arrival time                           0.628    
  -------------------------------------------------------------------
                         slack                                  1.300    

Slack (MET) :             1.878ns  (arrival time - required time)
  Source:                 u_top_airhockey/u_rst_ctl/sync_ff_reg[1]/C
                            (rising edge-triggered cell FDPE clocked by clk_pix_clk_wiz_0  {rise@0.000ns fall@7.692ns period=15.385ns})
  Destination:            u_top_airhockey/u_vga_timing/hcount_reg[7]/CLR
                            (removal check against rising-edge clock clk_pix_clk_wiz_0  {rise@0.000ns fall@7.692ns period=15.385ns})
  Path Group:             **async_default**
  Path Type:              Removal (Min at Fast Process Corner)
  Requirement:            0.000ns  (clk_pix_clk_wiz_0 rise@0.000ns - clk_pix_clk_wiz_0 rise@0.000ns)
  Data Path Delay:        1.772ns  (logic 0.128ns (7.224%)  route 1.644ns (92.776%))
  Logic Levels:           0  
  Clock Path Skew:        0.040ns (DCD - SCD - CPR)
    Destination Clock Delay (DCD):    -0.825ns
    Source Clock Delay      (SCD):    -0.590ns
    Clock Pessimism Removal (CPR):    -0.274ns

    Location             Delay type                Incr(ns)  Path(ns)    Netlist Resource(s)
  -------------------------------------------------------------------    -------------------
                         (clock clk_pix_clk_wiz_0 rise edge)
                                                      0.000     0.000 r  
    W5                                                0.000     0.000 r  clk (IN)
                         net (fo=0)                   0.000     0.000    u_clk_wiz/inst/clk
    W5                   IBUF (Prop_ibuf_I_O)         0.226     0.226 r  u_clk_wiz/inst/clkin1_ibufg/O
                         net (fo=1, routed)           0.440     0.667    u_clk_wiz/inst/clk_clk_wiz_0
    MMCME2_ADV_X1Y0      MMCME2_ADV (Prop_mmcme2_adv_CLKIN1_CLKOUT1)
                                                     -2.360    -1.693 r  u_clk_wiz/inst/mmcm_adv_inst/CLKOUT1
                         net (fo=2, routed)           0.486    -1.207    u_clk_wiz/inst/clk_pix_clk_wiz_0
    BUFGCTRL_X0Y0        BUFGCTRL (Prop_bufgctrl_I0_O)
                                                      0.026    -1.181 r  u_clk_wiz/inst/clkout2_buf/O
                         net (fo=3196, routed)        0.591    -0.590    u_top_airhockey/u_rst_ctl/clk_pix
    SLICE_X0Y14          FDPE                                         r  u_top_airhockey/u_rst_ctl/sync_ff_reg[1]/C
  -------------------------------------------------------------------    -------------------
    SLICE_X0Y14          FDPE (Prop_fdpe_C_Q)         0.128    -0.462 f  u_top_airhockey/u_rst_ctl/sync_ff_reg[1]/Q
                         net (fo=1441, routed)        1.644     1.181    u_top_airhockey/u_vga_timing/out[0]
    SLICE_X7Y49          FDCE                                         f  u_top_airhockey/u_vga_timing/hcount_reg[7]/CLR
  -------------------------------------------------------------------    -------------------

                         (clock clk_pix_clk_wiz_0 rise edge)
                                                      0.000     0.000 r  
    W5                                                0.000     0.000 r  clk (IN)
                         net (fo=0)                   0.000     0.000    u_clk_wiz/inst/clk
    W5                   IBUF (Prop_ibuf_I_O)         0.414     0.414 r  u_clk_wiz/inst/clkin1_ibufg/O
                         net (fo=1, routed)           0.480     0.894    u_clk_wiz/inst/clk_clk_wiz_0
    MMCME2_ADV_X1Y0      MMCME2_ADV (Prop_mmcme2_adv_CLKIN1_CLKOUT1)
                                                     -3.142    -2.248 r  u_clk_wiz/inst/mmcm_adv_inst/CLKOUT1
                         net (fo=2, routed)           0.530    -1.718    u_clk_wiz/inst/clk_pix_clk_wiz_0
    BUFGCTRL_X0Y0        BUFGCTRL (Prop_bufgctrl_I0_O)
                                                      0.029    -1.689 r  u_clk_wiz/inst/clkout2_buf/O
                         net (fo=3196, routed)        0.865    -0.825    u_top_airhockey/u_vga_timing/clk_pix
    SLICE_X7Y49          FDCE                                         r  u_top_airhockey/u_vga_timing/hcount_reg[7]/C
                         clock pessimism              0.274    -0.550    
    SLICE_X7Y49          FDCE (Remov_fdce_C_CLR)     -0.146    -0.696    u_top_airhockey/u_vga_timing/hcount_reg[7]
  -------------------------------------------------------------------
                         required time                          0.696    
                         arrival time                           1.181    
  -------------------------------------------------------------------
                         slack                                  1.878    

Slack (MET) :             1.878ns  (arrival time - required time)
  Source:                 u_top_airhockey/u_rst_ctl/sync_ff_reg[1]/C
                            (rising edge-triggered cell FDPE clocked by clk_pix_clk_wiz_0  {rise@0.000ns fall@7.692ns period=15.385ns})
  Destination:            u_top_airhockey/u_vga_timing/hcount_reg[9]/CLR
                            (removal check against rising-edge clock clk_pix_clk_wiz_0  {rise@0.000ns fall@7.692ns period=15.385ns})
  Path Group:             **async_default**
  Path Type:              Removal (Min at Fast Process Corner)
  Requirement:            0.000ns  (clk_pix_clk_wiz_0 rise@0.000ns - clk_pix_clk_wiz_0 rise@0.000ns)
  Data Path Delay:        1.772ns  (logic 0.128ns (7.224%)  route 1.644ns (92.776%))
  Logic Levels:           0  
  Clock Path Skew:        0.040ns (DCD - SCD - CPR)
    Destination Clock Delay (DCD):    -0.825ns
    Source Clock Delay      (SCD):    -0.590ns
    Clock Pessimism Removal (CPR):    -0.274ns

    Location             Delay type                Incr(ns)  Path(ns)    Netlist Resource(s)
  -------------------------------------------------------------------    -------------------
                         (clock clk_pix_clk_wiz_0 rise edge)
                                                      0.000     0.000 r  
    W5                                                0.000     0.000 r  clk (IN)
                         net (fo=0)                   0.000     0.000    u_clk_wiz/inst/clk
    W5                   IBUF (Prop_ibuf_I_O)         0.226     0.226 r  u_clk_wiz/inst/clkin1_ibufg/O
                         net (fo=1, routed)           0.440     0.667    u_clk_wiz/inst/clk_clk_wiz_0
    MMCME2_ADV_X1Y0      MMCME2_ADV (Prop_mmcme2_adv_CLKIN1_CLKOUT1)
                                                     -2.360    -1.693 r  u_clk_wiz/inst/mmcm_adv_inst/CLKOUT1
                         net (fo=2, routed)           0.486    -1.207    u_clk_wiz/inst/clk_pix_clk_wiz_0
    BUFGCTRL_X0Y0        BUFGCTRL (Prop_bufgctrl_I0_O)
                                                      0.026    -1.181 r  u_clk_wiz/inst/clkout2_buf/O
                         net (fo=3196, routed)        0.591    -0.590    u_top_airhockey/u_rst_ctl/clk_pix
    SLICE_X0Y14          FDPE                                         r  u_top_airhockey/u_rst_ctl/sync_ff_reg[1]/C
  -------------------------------------------------------------------    -------------------
    SLICE_X0Y14          FDPE (Prop_fdpe_C_Q)         0.128    -0.462 f  u_top_airhockey/u_rst_ctl/sync_ff_reg[1]/Q
                         net (fo=1441, routed)        1.644     1.181    u_top_airhockey/u_vga_timing/out[0]
    SLICE_X7Y49          FDCE                                         f  u_top_airhockey/u_vga_timing/hcount_reg[9]/CLR
  -------------------------------------------------------------------    -------------------

                         (clock clk_pix_clk_wiz_0 rise edge)
                                                      0.000     0.000 r  
    W5                                                0.000     0.000 r  clk (IN)
                         net (fo=0)                   0.000     0.000    u_clk_wiz/inst/clk
    W5                   IBUF (Prop_ibuf_I_O)         0.414     0.414 r  u_clk_wiz/inst/clkin1_ibufg/O
                         net (fo=1, routed)           0.480     0.894    u_clk_wiz/inst/clk_clk_wiz_0
    MMCME2_ADV_X1Y0      MMCME2_ADV (Prop_mmcme2_adv_CLKIN1_CLKOUT1)
                                                     -3.142    -2.248 r  u_clk_wiz/inst/mmcm_adv_inst/CLKOUT1
                         net (fo=2, routed)           0.530    -1.718    u_clk_wiz/inst/clk_pix_clk_wiz_0
    BUFGCTRL_X0Y0        BUFGCTRL (Prop_bufgctrl_I0_O)
                                                      0.029    -1.689 r  u_clk_wiz/inst/clkout2_buf/O
                         net (fo=3196, routed)        0.865    -0.825    u_top_airhockey/u_vga_timing/clk_pix
    SLICE_X7Y49          FDCE                                         r  u_top_airhockey/u_vga_timing/hcount_reg[9]/C
                         clock pessimism              0.274    -0.550    
    SLICE_X7Y49          FDCE (Remov_fdce_C_CLR)     -0.146    -0.696    u_top_airhockey/u_vga_timing/hcount_reg[9]
  -------------------------------------------------------------------
                         required time                          0.696    
                         arrival time                           1.181    
  -------------------------------------------------------------------
                         slack                                  1.878    

Slack (MET) :             1.878ns  (arrival time - required time)
  Source:                 u_top_airhockey/u_rst_ctl/sync_ff_reg[1]/C
                            (rising edge-triggered cell FDPE clocked by clk_pix_clk_wiz_0  {rise@0.000ns fall@7.692ns period=15.385ns})
  Destination:            u_top_airhockey/u_vga_timing/hsync_reg/CLR
                            (removal check against rising-edge clock clk_pix_clk_wiz_0  {rise@0.000ns fall@7.692ns period=15.385ns})
  Path Group:             **async_default**
  Path Type:              Removal (Min at Fast Process Corner)
  Requirement:            0.000ns  (clk_pix_clk_wiz_0 rise@0.000ns - clk_pix_clk_wiz_0 rise@0.000ns)
  Data Path Delay:        1.772ns  (logic 0.128ns (7.224%)  route 1.644ns (92.776%))
  Logic Levels:           0  
  Clock Path Skew:        0.040ns (DCD - SCD - CPR)
    Destination Clock Delay (DCD):    -0.825ns
    Source Clock Delay      (SCD):    -0.590ns
    Clock Pessimism Removal (CPR):    -0.274ns

    Location             Delay type                Incr(ns)  Path(ns)    Netlist Resource(s)
  -------------------------------------------------------------------    -------------------
                         (clock clk_pix_clk_wiz_0 rise edge)
                                                      0.000     0.000 r  
    W5                                                0.000     0.000 r  clk (IN)
                         net (fo=0)                   0.000     0.000    u_clk_wiz/inst/clk
    W5                   IBUF (Prop_ibuf_I_O)         0.226     0.226 r  u_clk_wiz/inst/clkin1_ibufg/O
                         net (fo=1, routed)           0.440     0.667    u_clk_wiz/inst/clk_clk_wiz_0
    MMCME2_ADV_X1Y0      MMCME2_ADV (Prop_mmcme2_adv_CLKIN1_CLKOUT1)
                                                     -2.360    -1.693 r  u_clk_wiz/inst/mmcm_adv_inst/CLKOUT1
                         net (fo=2, routed)           0.486    -1.207    u_clk_wiz/inst/clk_pix_clk_wiz_0
    BUFGCTRL_X0Y0        BUFGCTRL (Prop_bufgctrl_I0_O)
                                                      0.026    -1.181 r  u_clk_wiz/inst/clkout2_buf/O
                         net (fo=3196, routed)        0.591    -0.590    u_top_airhockey/u_rst_ctl/clk_pix
    SLICE_X0Y14          FDPE                                         r  u_top_airhockey/u_rst_ctl/sync_ff_reg[1]/C
  -------------------------------------------------------------------    -------------------
    SLICE_X0Y14          FDPE (Prop_fdpe_C_Q)         0.128    -0.462 f  u_top_airhockey/u_rst_ctl/sync_ff_reg[1]/Q
                         net (fo=1441, routed)        1.644     1.181    u_top_airhockey/u_vga_timing/out[0]
    SLICE_X7Y49          FDCE                                         f  u_top_airhockey/u_vga_timing/hsync_reg/CLR
  -------------------------------------------------------------------    -------------------

                         (clock clk_pix_clk_wiz_0 rise edge)
                                                      0.000     0.000 r  
    W5                                                0.000     0.000 r  clk (IN)
                         net (fo=0)                   0.000     0.000    u_clk_wiz/inst/clk
    W5                   IBUF (Prop_ibuf_I_O)         0.414     0.414 r  u_clk_wiz/inst/clkin1_ibufg/O
                         net (fo=1, routed)           0.480     0.894    u_clk_wiz/inst/clk_clk_wiz_0
    MMCME2_ADV_X1Y0      MMCME2_ADV (Prop_mmcme2_adv_CLKIN1_CLKOUT1)
                                                     -3.142    -2.248 r  u_clk_wiz/inst/mmcm_adv_inst/CLKOUT1
                         net (fo=2, routed)           0.530    -1.718    u_clk_wiz/inst/clk_pix_clk_wiz_0
    BUFGCTRL_X0Y0        BUFGCTRL (Prop_bufgctrl_I0_O)
                                                      0.029    -1.689 r  u_clk_wiz/inst/clkout2_buf/O
                         net (fo=3196, routed)        0.865    -0.825    u_top_airhockey/u_vga_timing/clk_pix
    SLICE_X7Y49          FDCE                                         r  u_top_airhockey/u_vga_timing/hsync_reg/C
                         clock pessimism              0.274    -0.550    
    SLICE_X7Y49          FDCE (Remov_fdce_C_CLR)     -0.146    -0.696    u_top_airhockey/u_vga_timing/hsync_reg
  -------------------------------------------------------------------
                         required time                          0.696    
                         arrival time                           1.181    
  -------------------------------------------------------------------
                         slack                                  1.878    

Slack (MET) :             1.889ns  (arrival time - required time)
  Source:                 u_top_airhockey/u_rst_ctl/sync_ff_reg[1]/C
                            (rising edge-triggered cell FDPE clocked by clk_pix_clk_wiz_0  {rise@0.000ns fall@7.692ns period=15.385ns})
  Destination:            u_top_airhockey/u_vga_timing/vcount_reg[0]/CLR
                            (removal check against rising-edge clock clk_pix_clk_wiz_0  {rise@0.000ns fall@7.692ns period=15.385ns})
  Path Group:             **async_default**
  Path Type:              Removal (Min at Fast Process Corner)
  Requirement:            0.000ns  (clk_pix_clk_wiz_0 rise@0.000ns - clk_pix_clk_wiz_0 rise@0.000ns)
  Data Path Delay:        2.040ns  (logic 0.128ns (6.276%)  route 1.912ns (93.724%))
  Logic Levels:           0  
  Clock Path Skew:        0.272ns (DCD - SCD - CPR)
    Destination Clock Delay (DCD):    -0.827ns
    Source Clock Delay      (SCD):    -0.590ns
    Clock Pessimism Removal (CPR):    -0.508ns

    Location             Delay type                Incr(ns)  Path(ns)    Netlist Resource(s)
  -------------------------------------------------------------------    -------------------
                         (clock clk_pix_clk_wiz_0 rise edge)
                                                      0.000     0.000 r  
    W5                                                0.000     0.000 r  clk (IN)
                         net (fo=0)                   0.000     0.000    u_clk_wiz/inst/clk
    W5                   IBUF (Prop_ibuf_I_O)         0.226     0.226 r  u_clk_wiz/inst/clkin1_ibufg/O
                         net (fo=1, routed)           0.440     0.667    u_clk_wiz/inst/clk_clk_wiz_0
    MMCME2_ADV_X1Y0      MMCME2_ADV (Prop_mmcme2_adv_CLKIN1_CLKOUT1)
                                                     -2.360    -1.693 r  u_clk_wiz/inst/mmcm_adv_inst/CLKOUT1
                         net (fo=2, routed)           0.486    -1.207    u_clk_wiz/inst/clk_pix_clk_wiz_0
    BUFGCTRL_X0Y0        BUFGCTRL (Prop_bufgctrl_I0_O)
                                                      0.026    -1.181 r  u_clk_wiz/inst/clkout2_buf/O
                         net (fo=3196, routed)        0.591    -0.590    u_top_airhockey/u_rst_ctl/clk_pix
    SLICE_X0Y14          FDPE                                         r  u_top_airhockey/u_rst_ctl/sync_ff_reg[1]/C
  -------------------------------------------------------------------    -------------------
    SLICE_X0Y14          FDPE (Prop_fdpe_C_Q)         0.128    -0.462 f  u_top_airhockey/u_rst_ctl/sync_ff_reg[1]/Q
                         net (fo=1441, routed)        1.912     1.449    u_top_airhockey/u_vga_timing/out[0]
    SLICE_X6Y50          FDCE                                         f  u_top_airhockey/u_vga_timing/vcount_reg[0]/CLR
  -------------------------------------------------------------------    -------------------

                         (clock clk_pix_clk_wiz_0 rise edge)
                                                      0.000     0.000 r  
    W5                                                0.000     0.000 r  clk (IN)
                         net (fo=0)                   0.000     0.000    u_clk_wiz/inst/clk
    W5                   IBUF (Prop_ibuf_I_O)         0.414     0.414 r  u_clk_wiz/inst/clkin1_ibufg/O
                         net (fo=1, routed)           0.480     0.894    u_clk_wiz/inst/clk_clk_wiz_0
    MMCME2_ADV_X1Y0      MMCME2_ADV (Prop_mmcme2_adv_CLKIN1_CLKOUT1)
                                                     -3.142    -2.248 r  u_clk_wiz/inst/mmcm_adv_inst/CLKOUT1
                         net (fo=2, routed)           0.530    -1.718    u_clk_wiz/inst/clk_pix_clk_wiz_0
    BUFGCTRL_X0Y0        BUFGCTRL (Prop_bufgctrl_I0_O)
                                                      0.029    -1.689 r  u_clk_wiz/inst/clkout2_buf/O
                         net (fo=3196, routed)        0.863    -0.827    u_top_airhockey/u_vga_timing/clk_pix
    SLICE_X6Y50          FDCE                                         r  u_top_airhockey/u_vga_timing/vcount_reg[0]/C
                         clock pessimism              0.508    -0.318    
    SLICE_X6Y50          FDCE (Remov_fdce_C_CLR)     -0.121    -0.439    u_top_airhockey/u_vga_timing/vcount_reg[0]
  -------------------------------------------------------------------
                         required time                          0.439    
                         arrival time                           1.449    
  -------------------------------------------------------------------
                         slack                                  1.889    

Slack (MET) :             1.894ns  (arrival time - required time)
  Source:                 u_top_airhockey/u_rst_ctl/sync_ff_reg[1]/C
                            (rising edge-triggered cell FDPE clocked by clk_pix_clk_wiz_0  {rise@0.000ns fall@7.692ns period=15.385ns})
  Destination:            u_top_airhockey/u_draw_mouse/vga_out\\.rgb_reg[10]/CLR
                            (removal check against rising-edge clock clk_pix_clk_wiz_0  {rise@0.000ns fall@7.692ns period=15.385ns})
  Path Group:             **async_default**
  Path Type:              Removal (Min at Fast Process Corner)
  Requirement:            0.000ns  (clk_pix_clk_wiz_0 rise@0.000ns - clk_pix_clk_wiz_0 rise@0.000ns)
  Data Path Delay:        1.815ns  (logic 0.128ns (7.053%)  route 1.687ns (92.947%))
  Logic Levels:           0  
  Clock Path Skew:        0.042ns (DCD - SCD - CPR)
    Destination Clock Delay (DCD):    -0.823ns
    Source Clock Delay      (SCD):    -0.590ns
    Clock Pessimism Removal (CPR):    -0.274ns

    Location             Delay type                Incr(ns)  Path(ns)    Netlist Resource(s)
  -------------------------------------------------------------------    -------------------
                         (clock clk_pix_clk_wiz_0 rise edge)
                                                      0.000     0.000 r  
    W5                                                0.000     0.000 r  clk (IN)
                         net (fo=0)                   0.000     0.000    u_clk_wiz/inst/clk
    W5                   IBUF (Prop_ibuf_I_O)         0.226     0.226 r  u_clk_wiz/inst/clkin1_ibufg/O
                         net (fo=1, routed)           0.440     0.667    u_clk_wiz/inst/clk_clk_wiz_0
    MMCME2_ADV_X1Y0      MMCME2_ADV (Prop_mmcme2_adv_CLKIN1_CLKOUT1)
                                                     -2.360    -1.693 r  u_clk_wiz/inst/mmcm_adv_inst/CLKOUT1
                         net (fo=2, routed)           0.486    -1.207    u_clk_wiz/inst/clk_pix_clk_wiz_0
    BUFGCTRL_X0Y0        BUFGCTRL (Prop_bufgctrl_I0_O)
                                                      0.026    -1.181 r  u_clk_wiz/inst/clkout2_buf/O
                         net (fo=3196, routed)        0.591    -0.590    u_top_airhockey/u_rst_ctl/clk_pix
    SLICE_X0Y14          FDPE                                         r  u_top_airhockey/u_rst_ctl/sync_ff_reg[1]/C
  -------------------------------------------------------------------    -------------------
    SLICE_X0Y14          FDPE (Prop_fdpe_C_Q)         0.128    -0.462 f  u_top_airhockey/u_rst_ctl/sync_ff_reg[1]/Q
                         net (fo=1441, routed)        1.687     1.225    u_top_airhockey/u_draw_mouse/out[0]
    SLICE_X2Y48          FDCE                                         f  u_top_airhockey/u_draw_mouse/vga_out\\.rgb_reg[10]/CLR
  -------------------------------------------------------------------    -------------------

                         (clock clk_pix_clk_wiz_0 rise edge)
                                                      0.000     0.000 r  
    W5                                                0.000     0.000 r  clk (IN)
                         net (fo=0)                   0.000     0.000    u_clk_wiz/inst/clk
    W5                   IBUF (Prop_ibuf_I_O)         0.414     0.414 r  u_clk_wiz/inst/clkin1_ibufg/O
                         net (fo=1, routed)           0.480     0.894    u_clk_wiz/inst/clk_clk_wiz_0
    MMCME2_ADV_X1Y0      MMCME2_ADV (Prop_mmcme2_adv_CLKIN1_CLKOUT1)
                                                     -3.142    -2.248 r  u_clk_wiz/inst/mmcm_adv_inst/CLKOUT1
                         net (fo=2, routed)           0.530    -1.718    u_clk_wiz/inst/clk_pix_clk_wiz_0
    BUFGCTRL_X0Y0        BUFGCTRL (Prop_bufgctrl_I0_O)
                                                      0.029    -1.689 r  u_clk_wiz/inst/clkout2_buf/O
                         net (fo=3196, routed)        0.867    -0.823    u_top_airhockey/u_draw_mouse/clk_pix
    SLICE_X2Y48          FDCE                                         r  u_top_airhockey/u_draw_mouse/vga_out\\.rgb_reg[10]/C
                         clock pessimism              0.274    -0.548    
    SLICE_X2Y48          FDCE (Remov_fdce_C_CLR)     -0.121    -0.669    u_top_airhockey/u_draw_mouse/vga_out\\.rgb_reg[10]
  -------------------------------------------------------------------
                         required time                          0.669    
                         arrival time                           1.225    
  -------------------------------------------------------------------
                         slack                                  1.894    

Slack (MET) :             1.894ns  (arrival time - required time)
  Source:                 u_top_airhockey/u_rst_ctl/sync_ff_reg[1]/C
                            (rising edge-triggered cell FDPE clocked by clk_pix_clk_wiz_0  {rise@0.000ns fall@7.692ns period=15.385ns})
  Destination:            u_top_airhockey/u_draw_mouse/vga_out\\.rgb_reg[2]/CLR
                            (removal check against rising-edge clock clk_pix_clk_wiz_0  {rise@0.000ns fall@7.692ns period=15.385ns})
  Path Group:             **async_default**
  Path Type:              Removal (Min at Fast Process Corner)
  Requirement:            0.000ns  (clk_pix_clk_wiz_0 rise@0.000ns - clk_pix_clk_wiz_0 rise@0.000ns)
  Data Path Delay:        1.815ns  (logic 0.128ns (7.053%)  route 1.687ns (92.947%))
  Logic Levels:           0  
  Clock Path Skew:        0.042ns (DCD - SCD - CPR)
    Destination Clock Delay (DCD):    -0.823ns
    Source Clock Delay      (SCD):    -0.590ns
    Clock Pessimism Removal (CPR):    -0.274ns

    Location             Delay type                Incr(ns)  Path(ns)    Netlist Resource(s)
  -------------------------------------------------------------------    -------------------
                         (clock clk_pix_clk_wiz_0 rise edge)
                                                      0.000     0.000 r  
    W5                                                0.000     0.000 r  clk (IN)
                         net (fo=0)                   0.000     0.000    u_clk_wiz/inst/clk
    W5                   IBUF (Prop_ibuf_I_O)         0.226     0.226 r  u_clk_wiz/inst/clkin1_ibufg/O
                         net (fo=1, routed)           0.440     0.667    u_clk_wiz/inst/clk_clk_wiz_0
    MMCME2_ADV_X1Y0      MMCME2_ADV (Prop_mmcme2_adv_CLKIN1_CLKOUT1)
                                                     -2.360    -1.693 r  u_clk_wiz/inst/mmcm_adv_inst/CLKOUT1
                         net (fo=2, routed)           0.486    -1.207    u_clk_wiz/inst/clk_pix_clk_wiz_0
    BUFGCTRL_X0Y0        BUFGCTRL (Prop_bufgctrl_I0_O)
                                                      0.026    -1.181 r  u_clk_wiz/inst/clkout2_buf/O
                         net (fo=3196, routed)        0.591    -0.590    u_top_airhockey/u_rst_ctl/clk_pix
    SLICE_X0Y14          FDPE                                         r  u_top_airhockey/u_rst_ctl/sync_ff_reg[1]/C
  -------------------------------------------------------------------    -------------------
    SLICE_X0Y14          FDPE (Prop_fdpe_C_Q)         0.128    -0.462 f  u_top_airhockey/u_rst_ctl/sync_ff_reg[1]/Q
                         net (fo=1441, routed)        1.687     1.225    u_top_airhockey/u_draw_mouse/out[0]
    SLICE_X2Y48          FDCE                                         f  u_top_airhockey/u_draw_mouse/vga_out\\.rgb_reg[2]/CLR
  -------------------------------------------------------------------    -------------------

                         (clock clk_pix_clk_wiz_0 rise edge)
                                                      0.000     0.000 r  
    W5                                                0.000     0.000 r  clk (IN)
                         net (fo=0)                   0.000     0.000    u_clk_wiz/inst/clk
    W5                   IBUF (Prop_ibuf_I_O)         0.414     0.414 r  u_clk_wiz/inst/clkin1_ibufg/O
                         net (fo=1, routed)           0.480     0.894    u_clk_wiz/inst/clk_clk_wiz_0
    MMCME2_ADV_X1Y0      MMCME2_ADV (Prop_mmcme2_adv_CLKIN1_CLKOUT1)
                                                     -3.142    -2.248 r  u_clk_wiz/inst/mmcm_adv_inst/CLKOUT1
                         net (fo=2, routed)           0.530    -1.718    u_clk_wiz/inst/clk_pix_clk_wiz_0
    BUFGCTRL_X0Y0        BUFGCTRL (Prop_bufgctrl_I0_O)
                                                      0.029    -1.689 r  u_clk_wiz/inst/clkout2_buf/O
                         net (fo=3196, routed)        0.867    -0.823    u_top_airhockey/u_draw_mouse/clk_pix
    SLICE_X2Y48          FDCE                                         r  u_top_airhockey/u_draw_mouse/vga_out\\.rgb_reg[2]/C
                         clock pessimism              0.274    -0.548    
    SLICE_X2Y48          FDCE (Remov_fdce_C_CLR)     -0.121    -0.669    u_top_airhockey/u_draw_mouse/vga_out\\.rgb_reg[2]
  -------------------------------------------------------------------
                         required time                          0.669    
                         arrival time                           1.225    
  -------------------------------------------------------------------
                         slack                                  1.894    

Slack (MET) :             1.894ns  (arrival time - required time)
  Source:                 u_top_airhockey/u_rst_ctl/sync_ff_reg[1]/C
                            (rising edge-triggered cell FDPE clocked by clk_pix_clk_wiz_0  {rise@0.000ns fall@7.692ns period=15.385ns})
  Destination:            u_top_airhockey/u_draw_mouse/vga_out\\.rgb_reg[4]/CLR
                            (removal check against rising-edge clock clk_pix_clk_wiz_0  {rise@0.000ns fall@7.692ns period=15.385ns})
  Path Group:             **async_default**
  Path Type:              Removal (Min at Fast Process Corner)
  Requirement:            0.000ns  (clk_pix_clk_wiz_0 rise@0.000ns - clk_pix_clk_wiz_0 rise@0.000ns)
  Data Path Delay:        1.815ns  (logic 0.128ns (7.053%)  route 1.687ns (92.947%))
  Logic Levels:           0  
  Clock Path Skew:        0.042ns (DCD - SCD - CPR)
    Destination Clock Delay (DCD):    -0.823ns
    Source Clock Delay      (SCD):    -0.590ns
    Clock Pessimism Removal (CPR):    -0.274ns

    Location             Delay type                Incr(ns)  Path(ns)    Netlist Resource(s)
  -------------------------------------------------------------------    -------------------
                         (clock clk_pix_clk_wiz_0 rise edge)
                                                      0.000     0.000 r  
    W5                                                0.000     0.000 r  clk (IN)
                         net (fo=0)                   0.000     0.000    u_clk_wiz/inst/clk
    W5                   IBUF (Prop_ibuf_I_O)         0.226     0.226 r  u_clk_wiz/inst/clkin1_ibufg/O
                         net (fo=1, routed)           0.440     0.667    u_clk_wiz/inst/clk_clk_wiz_0
    MMCME2_ADV_X1Y0      MMCME2_ADV (Prop_mmcme2_adv_CLKIN1_CLKOUT1)
                                                     -2.360    -1.693 r  u_clk_wiz/inst/mmcm_adv_inst/CLKOUT1
                         net (fo=2, routed)           0.486    -1.207    u_clk_wiz/inst/clk_pix_clk_wiz_0
    BUFGCTRL_X0Y0        BUFGCTRL (Prop_bufgctrl_I0_O)
                                                      0.026    -1.181 r  u_clk_wiz/inst/clkout2_buf/O
                         net (fo=3196, routed)        0.591    -0.590    u_top_airhockey/u_rst_ctl/clk_pix
    SLICE_X0Y14          FDPE                                         r  u_top_airhockey/u_rst_ctl/sync_ff_reg[1]/C
  -------------------------------------------------------------------    -------------------
    SLICE_X0Y14          FDPE (Prop_fdpe_C_Q)         0.128    -0.462 f  u_top_airhockey/u_rst_ctl/sync_ff_reg[1]/Q
                         net (fo=1441, routed)        1.687     1.225    u_top_airhockey/u_draw_mouse/out[0]
    SLICE_X2Y48          FDCE                                         f  u_top_airhockey/u_draw_mouse/vga_out\\.rgb_reg[4]/CLR
  -------------------------------------------------------------------    -------------------

                         (clock clk_pix_clk_wiz_0 rise edge)
                                                      0.000     0.000 r  
    W5                                                0.000     0.000 r  clk (IN)
                         net (fo=0)                   0.000     0.000    u_clk_wiz/inst/clk
    W5                   IBUF (Prop_ibuf_I_O)         0.414     0.414 r  u_clk_wiz/inst/clkin1_ibufg/O
                         net (fo=1, routed)           0.480     0.894    u_clk_wiz/inst/clk_clk_wiz_0
    MMCME2_ADV_X1Y0      MMCME2_ADV (Prop_mmcme2_adv_CLKIN1_CLKOUT1)
                                                     -3.142    -2.248 r  u_clk_wiz/inst/mmcm_adv_inst/CLKOUT1
                         net (fo=2, routed)           0.530    -1.718    u_clk_wiz/inst/clk_pix_clk_wiz_0
    BUFGCTRL_X0Y0        BUFGCTRL (Prop_bufgctrl_I0_O)
                                                      0.029    -1.689 r  u_clk_wiz/inst/clkout2_buf/O
                         net (fo=3196, routed)        0.867    -0.823    u_top_airhockey/u_draw_mouse/clk_pix
    SLICE_X2Y48          FDCE                                         r  u_top_airhockey/u_draw_mouse/vga_out\\.rgb_reg[4]/C
                         clock pessimism              0.274    -0.548    
    SLICE_X2Y48          FDCE (Remov_fdce_C_CLR)     -0.121    -0.669    u_top_airhockey/u_draw_mouse/vga_out\\.rgb_reg[4]
  -------------------------------------------------------------------
                         required time                          0.669    
                         arrival time                           1.225    
  -------------------------------------------------------------------
                         slack                                  1.894    

Slack (MET) :             1.894ns  (arrival time - required time)
  Source:                 u_top_airhockey/u_rst_ctl/sync_ff_reg[1]/C
                            (rising edge-triggered cell FDPE clocked by clk_pix_clk_wiz_0  {rise@0.000ns fall@7.692ns period=15.385ns})
  Destination:            u_top_airhockey/u_draw_mouse/vga_out\\.rgb_reg[5]/CLR
                            (removal check against rising-edge clock clk_pix_clk_wiz_0  {rise@0.000ns fall@7.692ns period=15.385ns})
  Path Group:             **async_default**
  Path Type:              Removal (Min at Fast Process Corner)
  Requirement:            0.000ns  (clk_pix_clk_wiz_0 rise@0.000ns - clk_pix_clk_wiz_0 rise@0.000ns)
  Data Path Delay:        1.815ns  (logic 0.128ns (7.053%)  route 1.687ns (92.947%))
  Logic Levels:           0  
  Clock Path Skew:        0.042ns (DCD - SCD - CPR)
    Destination Clock Delay (DCD):    -0.823ns
    Source Clock Delay      (SCD):    -0.590ns
    Clock Pessimism Removal (CPR):    -0.274ns

    Location             Delay type                Incr(ns)  Path(ns)    Netlist Resource(s)
  -------------------------------------------------------------------    -------------------
                         (clock clk_pix_clk_wiz_0 rise edge)
                                                      0.000     0.000 r  
    W5                                                0.000     0.000 r  clk (IN)
                         net (fo=0)                   0.000     0.000    u_clk_wiz/inst/clk
    W5                   IBUF (Prop_ibuf_I_O)         0.226     0.226 r  u_clk_wiz/inst/clkin1_ibufg/O
                         net (fo=1, routed)           0.440     0.667    u_clk_wiz/inst/clk_clk_wiz_0
    MMCME2_ADV_X1Y0      MMCME2_ADV (Prop_mmcme2_adv_CLKIN1_CLKOUT1)
                                                     -2.360    -1.693 r  u_clk_wiz/inst/mmcm_adv_inst/CLKOUT1
                         net (fo=2, routed)           0.486    -1.207    u_clk_wiz/inst/clk_pix_clk_wiz_0
    BUFGCTRL_X0Y0        BUFGCTRL (Prop_bufgctrl_I0_O)
                                                      0.026    -1.181 r  u_clk_wiz/inst/clkout2_buf/O
                         net (fo=3196, routed)        0.591    -0.590    u_top_airhockey/u_rst_ctl/clk_pix
    SLICE_X0Y14          FDPE                                         r  u_top_airhockey/u_rst_ctl/sync_ff_reg[1]/C
  -------------------------------------------------------------------    -------------------
    SLICE_X0Y14          FDPE (Prop_fdpe_C_Q)         0.128    -0.462 f  u_top_airhockey/u_rst_ctl/sync_ff_reg[1]/Q
                         net (fo=1441, routed)        1.687     1.225    u_top_airhockey/u_draw_mouse/out[0]
    SLICE_X2Y48          FDCE                                         f  u_top_airhockey/u_draw_mouse/vga_out\\.rgb_reg[5]/CLR
  -------------------------------------------------------------------    -------------------

                         (clock clk_pix_clk_wiz_0 rise edge)
                                                      0.000     0.000 r  
    W5                                                0.000     0.000 r  clk (IN)
                         net (fo=0)                   0.000     0.000    u_clk_wiz/inst/clk
    W5                   IBUF (Prop_ibuf_I_O)         0.414     0.414 r  u_clk_wiz/inst/clkin1_ibufg/O
                         net (fo=1, routed)           0.480     0.894    u_clk_wiz/inst/clk_clk_wiz_0
    MMCME2_ADV_X1Y0      MMCME2_ADV (Prop_mmcme2_adv_CLKIN1_CLKOUT1)
                                                     -3.142    -2.248 r  u_clk_wiz/inst/mmcm_adv_inst/CLKOUT1
                         net (fo=2, routed)           0.530    -1.718    u_clk_wiz/inst/clk_pix_clk_wiz_0
    BUFGCTRL_X0Y0        BUFGCTRL (Prop_bufgctrl_I0_O)
                                                      0.029    -1.689 r  u_clk_wiz/inst/clkout2_buf/O
                         net (fo=3196, routed)        0.867    -0.823    u_top_airhockey/u_draw_mouse/clk_pix
    SLICE_X2Y48          FDCE                                         r  u_top_airhockey/u_draw_mouse/vga_out\\.rgb_reg[5]/C
                         clock pessimism              0.274    -0.548    
    SLICE_X2Y48          FDCE (Remov_fdce_C_CLR)     -0.121    -0.669    u_top_airhockey/u_draw_mouse/vga_out\\.rgb_reg[5]
  -------------------------------------------------------------------
                         required time                          0.669    
                         arrival time                           1.225    
  -------------------------------------------------------------------
                         slack                                  1.894    

Slack (MET) :             1.894ns  (arrival time - required time)
  Source:                 u_top_airhockey/u_rst_ctl/sync_ff_reg[1]/C
                            (rising edge-triggered cell FDPE clocked by clk_pix_clk_wiz_0  {rise@0.000ns fall@7.692ns period=15.385ns})
  Destination:            u_top_airhockey/u_draw_mouse/vga_out\\.rgb_reg[8]/CLR
                            (removal check against rising-edge clock clk_pix_clk_wiz_0  {rise@0.000ns fall@7.692ns period=15.385ns})
  Path Group:             **async_default**
  Path Type:              Removal (Min at Fast Process Corner)
  Requirement:            0.000ns  (clk_pix_clk_wiz_0 rise@0.000ns - clk_pix_clk_wiz_0 rise@0.000ns)
  Data Path Delay:        1.815ns  (logic 0.128ns (7.053%)  route 1.687ns (92.947%))
  Logic Levels:           0  
  Clock Path Skew:        0.042ns (DCD - SCD - CPR)
    Destination Clock Delay (DCD):    -0.823ns
    Source Clock Delay      (SCD):    -0.590ns
    Clock Pessimism Removal (CPR):    -0.274ns

    Location             Delay type                Incr(ns)  Path(ns)    Netlist Resource(s)
  -------------------------------------------------------------------    -------------------
                         (clock clk_pix_clk_wiz_0 rise edge)
                                                      0.000     0.000 r  
    W5                                                0.000     0.000 r  clk (IN)
                         net (fo=0)                   0.000     0.000    u_clk_wiz/inst/clk
    W5                   IBUF (Prop_ibuf_I_O)         0.226     0.226 r  u_clk_wiz/inst/clkin1_ibufg/O
                         net (fo=1, routed)           0.440     0.667    u_clk_wiz/inst/clk_clk_wiz_0
    MMCME2_ADV_X1Y0      MMCME2_ADV (Prop_mmcme2_adv_CLKIN1_CLKOUT1)
                                                     -2.360    -1.693 r  u_clk_wiz/inst/mmcm_adv_inst/CLKOUT1
                         net (fo=2, routed)           0.486    -1.207    u_clk_wiz/inst/clk_pix_clk_wiz_0
    BUFGCTRL_X0Y0        BUFGCTRL (Prop_bufgctrl_I0_O)
                                                      0.026    -1.181 r  u_clk_wiz/inst/clkout2_buf/O
                         net (fo=3196, routed)        0.591    -0.590    u_top_airhockey/u_rst_ctl/clk_pix
    SLICE_X0Y14          FDPE                                         r  u_top_airhockey/u_rst_ctl/sync_ff_reg[1]/C
  -------------------------------------------------------------------    -------------------
    SLICE_X0Y14          FDPE (Prop_fdpe_C_Q)         0.128    -0.462 f  u_top_airhockey/u_rst_ctl/sync_ff_reg[1]/Q
                         net (fo=1441, routed)        1.687     1.225    u_top_airhockey/u_draw_mouse/out[0]
    SLICE_X2Y48          FDCE                                         f  u_top_airhockey/u_draw_mouse/vga_out\\.rgb_reg[8]/CLR
  -------------------------------------------------------------------    -------------------

                         (clock clk_pix_clk_wiz_0 rise edge)
                                                      0.000     0.000 r  
    W5                                                0.000     0.000 r  clk (IN)
                         net (fo=0)                   0.000     0.000    u_clk_wiz/inst/clk
    W5                   IBUF (Prop_ibuf_I_O)         0.414     0.414 r  u_clk_wiz/inst/clkin1_ibufg/O
                         net (fo=1, routed)           0.480     0.894    u_clk_wiz/inst/clk_clk_wiz_0
    MMCME2_ADV_X1Y0      MMCME2_ADV (Prop_mmcme2_adv_CLKIN1_CLKOUT1)
                                                     -3.142    -2.248 r  u_clk_wiz/inst/mmcm_adv_inst/CLKOUT1
                         net (fo=2, routed)           0.530    -1.718    u_clk_wiz/inst/clk_pix_clk_wiz_0
    BUFGCTRL_X0Y0        BUFGCTRL (Prop_bufgctrl_I0_O)
                                                      0.029    -1.689 r  u_clk_wiz/inst/clkout2_buf/O
                         net (fo=3196, routed)        0.867    -0.823    u_top_airhockey/u_draw_mouse/clk_pix
    SLICE_X2Y48          FDCE                                         r  u_top_airhockey/u_draw_mouse/vga_out\\.rgb_reg[8]/C
                         clock pessimism              0.274    -0.548    
    SLICE_X2Y48          FDCE (Remov_fdce_C_CLR)     -0.121    -0.669    u_top_airhockey/u_draw_mouse/vga_out\\.rgb_reg[8]
  -------------------------------------------------------------------
                         required time                          0.669    
                         arrival time                           1.225    
  -------------------------------------------------------------------
                         slack                                  1.894    





--------------------------------------------------------------------------------------
Path Group:  (none)
From Clock:  clk100MHz_clk_wiz_0
  To Clock:  clk_pix_clk_wiz_0

Max Delay            24 Endpoints
Min Delay            24 Endpoints
--------------------------------------------------------------------------------------


Max Delay Paths
--------------------------------------------------------------------------------------
Slack:                    inf
  Source:                 u_top_airhockey/u_mouse/xpos_reg[7]/C
                            (rising edge-triggered cell FDRE clocked by clk100MHz_clk_wiz_0  {rise@0.000ns fall@5.000ns period=10.000ns})
  Destination:            u_top_airhockey/mouse_x_sync1_reg[7]/D
                            (rising edge-triggered cell FDRE clocked by clk_pix_clk_wiz_0  {rise@0.000ns fall@7.692ns period=15.385ns})
  Path Group:             (none)
  Path Type:              Setup (Max at Slow Process Corner)
  Data Path Delay:        1.007ns  (logic 0.518ns (51.454%)  route 0.489ns (48.546%))
  Logic Levels:           0  
  Clock Path Skew:        -0.601ns (DCD - SCD + CPR)
    Destination Clock Delay (DCD):    -1.480ns
    Source Clock Delay      (SCD):    -0.880ns
    Clock Pessimism Removal (CPR):    0.000ns
  Clock Uncertainty:      0.207ns  ((TSJ^2 + DJ^2)^1/2) / 2 + PE
    Total System Jitter     (TSJ):    0.071ns
    Discrete Jitter          (DJ):    0.159ns
    Phase Error              (PE):    0.120ns
  Timing Exception:       False Path

    Location             Delay type                Incr(ns)  Path(ns)    Netlist Resource(s)
  -------------------------------------------------------------------    -------------------
                         (clock clk100MHz_clk_wiz_0 rise edge)
                                                      0.000     0.000 r  
    W5                                                0.000     0.000 r  clk (IN)
                         net (fo=0)                   0.000     0.000    u_clk_wiz/inst/clk
    W5                   IBUF (Prop_ibuf_I_O)         1.458     1.458 r  u_clk_wiz/inst/clkin1_ibufg/O
                         net (fo=1, routed)           1.233     2.691    u_clk_wiz/inst/clk_clk_wiz_0
    MMCME2_ADV_X1Y0      MMCME2_ADV (Prop_mmcme2_adv_CLKIN1_CLKOUT0)
                                                     -6.961    -4.269 r  u_clk_wiz/inst/mmcm_adv_inst/CLKOUT0
                         net (fo=2, routed)           1.661    -2.608    u_clk_wiz/inst/clk100MHz_clk_wiz_0
    BUFGCTRL_X0Y1        BUFGCTRL (Prop_bufgctrl_I0_O)
                                                      0.096    -2.512 r  u_clk_wiz/inst/clkout1_buf/O
                         net (fo=268, routed)         1.632    -0.880    u_top_airhockey/u_mouse/CLK
    SLICE_X6Y38          FDRE                                         r  u_top_airhockey/u_mouse/xpos_reg[7]/C
  -------------------------------------------------------------------    -------------------
    SLICE_X6Y38          FDRE (Prop_fdre_C_Q)         0.518    -0.362 r  u_top_airhockey/u_mouse/xpos_reg[7]/Q
                         net (fo=1, routed)           0.489     0.127    u_top_airhockey/mouse_x[7]
    SLICE_X5Y39          FDRE                                         r  u_top_airhockey/mouse_x_sync1_reg[7]/D
  -------------------------------------------------------------------    -------------------

                         (clock clk_pix_clk_wiz_0 rise edge)
                                                      0.000     0.000 r  
    W5                                                0.000     0.000 r  clk (IN)
                         net (fo=0)                   0.000     0.000    u_clk_wiz/inst/clk
    W5                   IBUF (Prop_ibuf_I_O)         1.388     1.388 r  u_clk_wiz/inst/clkin1_ibufg/O
                         net (fo=1, routed)           1.162     2.550    u_clk_wiz/inst/clk_clk_wiz_0
    MMCME2_ADV_X1Y0      MMCME2_ADV (Prop_mmcme2_adv_CLKIN1_CLKOUT1)
                                                     -7.217    -4.668 r  u_clk_wiz/inst/mmcm_adv_inst/CLKOUT1
                         net (fo=2, routed)           1.581    -3.086    u_clk_wiz/inst/clk_pix_clk_wiz_0
    BUFGCTRL_X0Y0        BUFGCTRL (Prop_bufgctrl_I0_O)
                                                      0.091    -2.995 r  u_clk_wiz/inst/clkout2_buf/O
                         net (fo=3196, routed)        1.515    -1.480    u_top_airhockey/clk_pix
    SLICE_X5Y39          FDRE                                         r  u_top_airhockey/mouse_x_sync1_reg[7]/C

Slack:                    inf
  Source:                 u_top_airhockey/u_mouse/xpos_reg[4]/C
                            (rising edge-triggered cell FDRE clocked by clk100MHz_clk_wiz_0  {rise@0.000ns fall@5.000ns period=10.000ns})
  Destination:            u_top_airhockey/mouse_x_sync1_reg[4]/D
                            (rising edge-triggered cell FDRE clocked by clk_pix_clk_wiz_0  {rise@0.000ns fall@7.692ns period=15.385ns})
  Path Group:             (none)
  Path Type:              Setup (Max at Slow Process Corner)
  Data Path Delay:        0.963ns  (logic 0.518ns (53.775%)  route 0.445ns (46.225%))
  Logic Levels:           0  
  Clock Path Skew:        -0.601ns (DCD - SCD + CPR)
    Destination Clock Delay (DCD):    -1.480ns
    Source Clock Delay      (SCD):    -0.880ns
    Clock Pessimism Removal (CPR):    0.000ns
  Clock Uncertainty:      0.207ns  ((TSJ^2 + DJ^2)^1/2) / 2 + PE
    Total System Jitter     (TSJ):    0.071ns
    Discrete Jitter          (DJ):    0.159ns
    Phase Error              (PE):    0.120ns
  Timing Exception:       False Path

    Location             Delay type                Incr(ns)  Path(ns)    Netlist Resource(s)
  -------------------------------------------------------------------    -------------------
                         (clock clk100MHz_clk_wiz_0 rise edge)
                                                      0.000     0.000 r  
    W5                                                0.000     0.000 r  clk (IN)
                         net (fo=0)                   0.000     0.000    u_clk_wiz/inst/clk
    W5                   IBUF (Prop_ibuf_I_O)         1.458     1.458 r  u_clk_wiz/inst/clkin1_ibufg/O
                         net (fo=1, routed)           1.233     2.691    u_clk_wiz/inst/clk_clk_wiz_0
    MMCME2_ADV_X1Y0      MMCME2_ADV (Prop_mmcme2_adv_CLKIN1_CLKOUT0)
                                                     -6.961    -4.269 r  u_clk_wiz/inst/mmcm_adv_inst/CLKOUT0
                         net (fo=2, routed)           1.661    -2.608    u_clk_wiz/inst/clk100MHz_clk_wiz_0
    BUFGCTRL_X0Y1        BUFGCTRL (Prop_bufgctrl_I0_O)
                                                      0.096    -2.512 r  u_clk_wiz/inst/clkout1_buf/O
                         net (fo=268, routed)         1.632    -0.880    u_top_airhockey/u_mouse/CLK
    SLICE_X6Y38          FDRE                                         r  u_top_airhockey/u_mouse/xpos_reg[4]/C
  -------------------------------------------------------------------    -------------------
    SLICE_X6Y38          FDRE (Prop_fdre_C_Q)         0.518    -0.362 r  u_top_airhockey/u_mouse/xpos_reg[4]/Q
                         net (fo=1, routed)           0.445     0.084    u_top_airhockey/mouse_x[4]
    SLICE_X5Y39          FDRE                                         r  u_top_airhockey/mouse_x_sync1_reg[4]/D
  -------------------------------------------------------------------    -------------------

                         (clock clk_pix_clk_wiz_0 rise edge)
                                                      0.000     0.000 r  
    W5                                                0.000     0.000 r  clk (IN)
                         net (fo=0)                   0.000     0.000    u_clk_wiz/inst/clk
    W5                   IBUF (Prop_ibuf_I_O)         1.388     1.388 r  u_clk_wiz/inst/clkin1_ibufg/O
                         net (fo=1, routed)           1.162     2.550    u_clk_wiz/inst/clk_clk_wiz_0
    MMCME2_ADV_X1Y0      MMCME2_ADV (Prop_mmcme2_adv_CLKIN1_CLKOUT1)
                                                     -7.217    -4.668 r  u_clk_wiz/inst/mmcm_adv_inst/CLKOUT1
                         net (fo=2, routed)           1.581    -3.086    u_clk_wiz/inst/clk_pix_clk_wiz_0
    BUFGCTRL_X0Y0        BUFGCTRL (Prop_bufgctrl_I0_O)
                                                      0.091    -2.995 r  u_clk_wiz/inst/clkout2_buf/O
                         net (fo=3196, routed)        1.515    -1.480    u_top_airhockey/clk_pix
    SLICE_X5Y39          FDRE                                         r  u_top_airhockey/mouse_x_sync1_reg[4]/C

Slack:                    inf
  Source:                 u_top_airhockey/u_mouse/ypos_reg[4]/C
                            (rising edge-triggered cell FDRE clocked by clk100MHz_clk_wiz_0  {rise@0.000ns fall@5.000ns period=10.000ns})
  Destination:            u_top_airhockey/mouse_y_sync1_reg[4]/D
                            (rising edge-triggered cell FDRE clocked by clk_pix_clk_wiz_0  {rise@0.000ns fall@7.692ns period=15.385ns})
  Path Group:             (none)
  Path Type:              Setup (Max at Slow Process Corner)
  Data Path Delay:        0.941ns  (logic 0.456ns (48.473%)  route 0.485ns (51.527%))
  Logic Levels:           0  
  Clock Path Skew:        -0.603ns (DCD - SCD + CPR)
    Destination Clock Delay (DCD):    -1.477ns
    Source Clock Delay      (SCD):    -0.875ns
    Clock Pessimism Removal (CPR):    0.000ns
  Clock Uncertainty:      0.207ns  ((TSJ^2 + DJ^2)^1/2) / 2 + PE
    Total System Jitter     (TSJ):    0.071ns
    Discrete Jitter          (DJ):    0.159ns
    Phase Error              (PE):    0.120ns
  Timing Exception:       False Path

    Location             Delay type                Incr(ns)  Path(ns)    Netlist Resource(s)
  -------------------------------------------------------------------    -------------------
                         (clock clk100MHz_clk_wiz_0 rise edge)
                                                      0.000     0.000 r  
    W5                                                0.000     0.000 r  clk (IN)
                         net (fo=0)                   0.000     0.000    u_clk_wiz/inst/clk
    W5                   IBUF (Prop_ibuf_I_O)         1.458     1.458 r  u_clk_wiz/inst/clkin1_ibufg/O
                         net (fo=1, routed)           1.233     2.691    u_clk_wiz/inst/clk_clk_wiz_0
    MMCME2_ADV_X1Y0      MMCME2_ADV (Prop_mmcme2_adv_CLKIN1_CLKOUT0)
                                                     -6.961    -4.269 r  u_clk_wiz/inst/mmcm_adv_inst/CLKOUT0
                         net (fo=2, routed)           1.661    -2.608    u_clk_wiz/inst/clk100MHz_clk_wiz_0
    BUFGCTRL_X0Y1        BUFGCTRL (Prop_bufgctrl_I0_O)
                                                      0.096    -2.512 r  u_clk_wiz/inst/clkout1_buf/O
                         net (fo=268, routed)         1.637    -0.875    u_top_airhockey/u_mouse/CLK
    SLICE_X1Y41          FDRE                                         r  u_top_airhockey/u_mouse/ypos_reg[4]/C
  -------------------------------------------------------------------    -------------------
    SLICE_X1Y41          FDRE (Prop_fdre_C_Q)         0.456    -0.419 r  u_top_airhockey/u_mouse/ypos_reg[4]/Q
                         net (fo=1, routed)           0.485     0.066    u_top_airhockey/mouse_y[4]
    SLICE_X3Y41          FDRE                                         r  u_top_airhockey/mouse_y_sync1_reg[4]/D
  -------------------------------------------------------------------    -------------------

                         (clock clk_pix_clk_wiz_0 rise edge)
                                                      0.000     0.000 r  
    W5                                                0.000     0.000 r  clk (IN)
                         net (fo=0)                   0.000     0.000    u_clk_wiz/inst/clk
    W5                   IBUF (Prop_ibuf_I_O)         1.388     1.388 r  u_clk_wiz/inst/clkin1_ibufg/O
                         net (fo=1, routed)           1.162     2.550    u_clk_wiz/inst/clk_clk_wiz_0
    MMCME2_ADV_X1Y0      MMCME2_ADV (Prop_mmcme2_adv_CLKIN1_CLKOUT1)
                                                     -7.217    -4.668 r  u_clk_wiz/inst/mmcm_adv_inst/CLKOUT1
                         net (fo=2, routed)           1.581    -3.086    u_clk_wiz/inst/clk_pix_clk_wiz_0
    BUFGCTRL_X0Y0        BUFGCTRL (Prop_bufgctrl_I0_O)
                                                      0.091    -2.995 r  u_clk_wiz/inst/clkout2_buf/O
                         net (fo=3196, routed)        1.518    -1.477    u_top_airhockey/clk_pix
    SLICE_X3Y41          FDRE                                         r  u_top_airhockey/mouse_y_sync1_reg[4]/C

Slack:                    inf
  Source:                 u_top_airhockey/u_mouse/ypos_reg[1]/C
                            (rising edge-triggered cell FDRE clocked by clk100MHz_clk_wiz_0  {rise@0.000ns fall@5.000ns period=10.000ns})
  Destination:            u_top_airhockey/mouse_y_sync1_reg[1]/D
                            (rising edge-triggered cell FDRE clocked by clk_pix_clk_wiz_0  {rise@0.000ns fall@7.692ns period=15.385ns})
  Path Group:             (none)
  Path Type:              Setup (Max at Slow Process Corner)
  Data Path Delay:        0.941ns  (logic 0.456ns (48.434%)  route 0.485ns (51.566%))
  Logic Levels:           0  
  Clock Path Skew:        -0.602ns (DCD - SCD + CPR)
    Destination Clock Delay (DCD):    -1.477ns
    Source Clock Delay      (SCD):    -0.876ns
    Clock Pessimism Removal (CPR):    0.000ns
  Clock Uncertainty:      0.207ns  ((TSJ^2 + DJ^2)^1/2) / 2 + PE
    Total System Jitter     (TSJ):    0.071ns
    Discrete Jitter          (DJ):    0.159ns
    Phase Error              (PE):    0.120ns
  Timing Exception:       False Path

    Location             Delay type                Incr(ns)  Path(ns)    Netlist Resource(s)
  -------------------------------------------------------------------    -------------------
                         (clock clk100MHz_clk_wiz_0 rise edge)
                                                      0.000     0.000 r  
    W5                                                0.000     0.000 r  clk (IN)
                         net (fo=0)                   0.000     0.000    u_clk_wiz/inst/clk
    W5                   IBUF (Prop_ibuf_I_O)         1.458     1.458 r  u_clk_wiz/inst/clkin1_ibufg/O
                         net (fo=1, routed)           1.233     2.691    u_clk_wiz/inst/clk_clk_wiz_0
    MMCME2_ADV_X1Y0      MMCME2_ADV (Prop_mmcme2_adv_CLKIN1_CLKOUT0)
                                                     -6.961    -4.269 r  u_clk_wiz/inst/mmcm_adv_inst/CLKOUT0
                         net (fo=2, routed)           1.661    -2.608    u_clk_wiz/inst/clk100MHz_clk_wiz_0
    BUFGCTRL_X0Y1        BUFGCTRL (Prop_bufgctrl_I0_O)
                                                      0.096    -2.512 r  u_clk_wiz/inst/clkout1_buf/O
                         net (fo=268, routed)         1.636    -0.876    u_top_airhockey/u_mouse/CLK
    SLICE_X3Y40          FDRE                                         r  u_top_airhockey/u_mouse/ypos_reg[1]/C
  -------------------------------------------------------------------    -------------------
    SLICE_X3Y40          FDRE (Prop_fdre_C_Q)         0.456    -0.420 r  u_top_airhockey/u_mouse/ypos_reg[1]/Q
                         net (fo=1, routed)           0.485     0.066    u_top_airhockey/mouse_y[1]
    SLICE_X3Y41          FDRE                                         r  u_top_airhockey/mouse_y_sync1_reg[1]/D
  -------------------------------------------------------------------    -------------------

                         (clock clk_pix_clk_wiz_0 rise edge)
                                                      0.000     0.000 r  
    W5                                                0.000     0.000 r  clk (IN)
                         net (fo=0)                   0.000     0.000    u_clk_wiz/inst/clk
    W5                   IBUF (Prop_ibuf_I_O)         1.388     1.388 r  u_clk_wiz/inst/clkin1_ibufg/O
                         net (fo=1, routed)           1.162     2.550    u_clk_wiz/inst/clk_clk_wiz_0
    MMCME2_ADV_X1Y0      MMCME2_ADV (Prop_mmcme2_adv_CLKIN1_CLKOUT1)
                                                     -7.217    -4.668 r  u_clk_wiz/inst/mmcm_adv_inst/CLKOUT1
                         net (fo=2, routed)           1.581    -3.086    u_clk_wiz/inst/clk_pix_clk_wiz_0
    BUFGCTRL_X0Y0        BUFGCTRL (Prop_bufgctrl_I0_O)
                                                      0.091    -2.995 r  u_clk_wiz/inst/clkout2_buf/O
                         net (fo=3196, routed)        1.518    -1.477    u_top_airhockey/clk_pix
    SLICE_X3Y41          FDRE                                         r  u_top_airhockey/mouse_y_sync1_reg[1]/C

Slack:                    inf
  Source:                 u_top_airhockey/u_mouse/xpos_reg[8]/C
                            (rising edge-triggered cell FDRE clocked by clk100MHz_clk_wiz_0  {rise@0.000ns fall@5.000ns period=10.000ns})
  Destination:            u_top_airhockey/mouse_x_sync1_reg[8]/D
                            (rising edge-triggered cell FDRE clocked by clk_pix_clk_wiz_0  {rise@0.000ns fall@7.692ns period=15.385ns})
  Path Group:             (none)
  Path Type:              Setup (Max at Slow Process Corner)
  Data Path Delay:        0.944ns  (logic 0.456ns (48.302%)  route 0.488ns (51.698%))
  Logic Levels:           0  
  Clock Path Skew:        -0.602ns (DCD - SCD + CPR)
    Destination Clock Delay (DCD):    -1.480ns
    Source Clock Delay      (SCD):    -0.879ns
    Clock Pessimism Removal (CPR):    0.000ns
  Clock Uncertainty:      0.207ns  ((TSJ^2 + DJ^2)^1/2) / 2 + PE
    Total System Jitter     (TSJ):    0.071ns
    Discrete Jitter          (DJ):    0.159ns
    Phase Error              (PE):    0.120ns
  Timing Exception:       False Path

    Location             Delay type                Incr(ns)  Path(ns)    Netlist Resource(s)
  -------------------------------------------------------------------    -------------------
                         (clock clk100MHz_clk_wiz_0 rise edge)
                                                      0.000     0.000 r  
    W5                                                0.000     0.000 r  clk (IN)
                         net (fo=0)                   0.000     0.000    u_clk_wiz/inst/clk
    W5                   IBUF (Prop_ibuf_I_O)         1.458     1.458 r  u_clk_wiz/inst/clkin1_ibufg/O
                         net (fo=1, routed)           1.233     2.691    u_clk_wiz/inst/clk_clk_wiz_0
    MMCME2_ADV_X1Y0      MMCME2_ADV (Prop_mmcme2_adv_CLKIN1_CLKOUT0)
                                                     -6.961    -4.269 r  u_clk_wiz/inst/mmcm_adv_inst/CLKOUT0
                         net (fo=2, routed)           1.661    -2.608    u_clk_wiz/inst/clk100MHz_clk_wiz_0
    BUFGCTRL_X0Y1        BUFGCTRL (Prop_bufgctrl_I0_O)
                                                      0.096    -2.512 r  u_clk_wiz/inst/clkout1_buf/O
                         net (fo=268, routed)         1.633    -0.879    u_top_airhockey/u_mouse/CLK
    SLICE_X4Y39          FDRE                                         r  u_top_airhockey/u_mouse/xpos_reg[8]/C
  -------------------------------------------------------------------    -------------------
    SLICE_X4Y39          FDRE (Prop_fdre_C_Q)         0.456    -0.423 r  u_top_airhockey/u_mouse/xpos_reg[8]/Q
                         net (fo=1, routed)           0.488     0.066    u_top_airhockey/mouse_x[8]
    SLICE_X5Y39          FDRE                                         r  u_top_airhockey/mouse_x_sync1_reg[8]/D
  -------------------------------------------------------------------    -------------------

                         (clock clk_pix_clk_wiz_0 rise edge)
                                                      0.000     0.000 r  
    W5                                                0.000     0.000 r  clk (IN)
                         net (fo=0)                   0.000     0.000    u_clk_wiz/inst/clk
    W5                   IBUF (Prop_ibuf_I_O)         1.388     1.388 r  u_clk_wiz/inst/clkin1_ibufg/O
                         net (fo=1, routed)           1.162     2.550    u_clk_wiz/inst/clk_clk_wiz_0
    MMCME2_ADV_X1Y0      MMCME2_ADV (Prop_mmcme2_adv_CLKIN1_CLKOUT1)
                                                     -7.217    -4.668 r  u_clk_wiz/inst/mmcm_adv_inst/CLKOUT1
                         net (fo=2, routed)           1.581    -3.086    u_clk_wiz/inst/clk_pix_clk_wiz_0
    BUFGCTRL_X0Y0        BUFGCTRL (Prop_bufgctrl_I0_O)
                                                      0.091    -2.995 r  u_clk_wiz/inst/clkout2_buf/O
                         net (fo=3196, routed)        1.515    -1.480    u_top_airhockey/clk_pix
    SLICE_X5Y39          FDRE                                         r  u_top_airhockey/mouse_x_sync1_reg[8]/C

Slack:                    inf
  Source:                 u_top_airhockey/u_mouse/xpos_reg[5]/C
                            (rising edge-triggered cell FDRE clocked by clk100MHz_clk_wiz_0  {rise@0.000ns fall@5.000ns period=10.000ns})
  Destination:            u_top_airhockey/mouse_x_sync1_reg[5]/D
                            (rising edge-triggered cell FDRE clocked by clk_pix_clk_wiz_0  {rise@0.000ns fall@7.692ns period=15.385ns})
  Path Group:             (none)
  Path Type:              Setup (Max at Slow Process Corner)
  Data Path Delay:        0.944ns  (logic 0.518ns (54.870%)  route 0.426ns (45.130%))
  Logic Levels:           0  
  Clock Path Skew:        -0.601ns (DCD - SCD + CPR)
    Destination Clock Delay (DCD):    -1.480ns
    Source Clock Delay      (SCD):    -0.880ns
    Clock Pessimism Removal (CPR):    0.000ns
  Clock Uncertainty:      0.207ns  ((TSJ^2 + DJ^2)^1/2) / 2 + PE
    Total System Jitter     (TSJ):    0.071ns
    Discrete Jitter          (DJ):    0.159ns
    Phase Error              (PE):    0.120ns
  Timing Exception:       False Path

    Location             Delay type                Incr(ns)  Path(ns)    Netlist Resource(s)
  -------------------------------------------------------------------    -------------------
                         (clock clk100MHz_clk_wiz_0 rise edge)
                                                      0.000     0.000 r  
    W5                                                0.000     0.000 r  clk (IN)
                         net (fo=0)                   0.000     0.000    u_clk_wiz/inst/clk
    W5                   IBUF (Prop_ibuf_I_O)         1.458     1.458 r  u_clk_wiz/inst/clkin1_ibufg/O
                         net (fo=1, routed)           1.233     2.691    u_clk_wiz/inst/clk_clk_wiz_0
    MMCME2_ADV_X1Y0      MMCME2_ADV (Prop_mmcme2_adv_CLKIN1_CLKOUT0)
                                                     -6.961    -4.269 r  u_clk_wiz/inst/mmcm_adv_inst/CLKOUT0
                         net (fo=2, routed)           1.661    -2.608    u_clk_wiz/inst/clk100MHz_clk_wiz_0
    BUFGCTRL_X0Y1        BUFGCTRL (Prop_bufgctrl_I0_O)
                                                      0.096    -2.512 r  u_clk_wiz/inst/clkout1_buf/O
                         net (fo=268, routed)         1.632    -0.880    u_top_airhockey/u_mouse/CLK
    SLICE_X6Y38          FDRE                                         r  u_top_airhockey/u_mouse/xpos_reg[5]/C
  -------------------------------------------------------------------    -------------------
    SLICE_X6Y38          FDRE (Prop_fdre_C_Q)         0.518    -0.362 r  u_top_airhockey/u_mouse/xpos_reg[5]/Q
                         net (fo=1, routed)           0.426     0.065    u_top_airhockey/mouse_x[5]
    SLICE_X5Y39          FDRE                                         r  u_top_airhockey/mouse_x_sync1_reg[5]/D
  -------------------------------------------------------------------    -------------------

                         (clock clk_pix_clk_wiz_0 rise edge)
                                                      0.000     0.000 r  
    W5                                                0.000     0.000 r  clk (IN)
                         net (fo=0)                   0.000     0.000    u_clk_wiz/inst/clk
    W5                   IBUF (Prop_ibuf_I_O)         1.388     1.388 r  u_clk_wiz/inst/clkin1_ibufg/O
                         net (fo=1, routed)           1.162     2.550    u_clk_wiz/inst/clk_clk_wiz_0
    MMCME2_ADV_X1Y0      MMCME2_ADV (Prop_mmcme2_adv_CLKIN1_CLKOUT1)
                                                     -7.217    -4.668 r  u_clk_wiz/inst/mmcm_adv_inst/CLKOUT1
                         net (fo=2, routed)           1.581    -3.086    u_clk_wiz/inst/clk_pix_clk_wiz_0
    BUFGCTRL_X0Y0        BUFGCTRL (Prop_bufgctrl_I0_O)
                                                      0.091    -2.995 r  u_clk_wiz/inst/clkout2_buf/O
                         net (fo=3196, routed)        1.515    -1.480    u_top_airhockey/clk_pix
    SLICE_X5Y39          FDRE                                         r  u_top_airhockey/mouse_x_sync1_reg[5]/C

Slack:                    inf
  Source:                 u_top_airhockey/u_mouse/ypos_reg[0]/C
                            (rising edge-triggered cell FDRE clocked by clk100MHz_clk_wiz_0  {rise@0.000ns fall@5.000ns period=10.000ns})
  Destination:            u_top_airhockey/mouse_y_sync1_reg[0]/D
                            (rising edge-triggered cell FDRE clocked by clk_pix_clk_wiz_0  {rise@0.000ns fall@7.692ns period=15.385ns})
  Path Group:             (none)
  Path Type:              Setup (Max at Slow Process Corner)
  Data Path Delay:        0.938ns  (logic 0.456ns (48.598%)  route 0.482ns (51.402%))
  Logic Levels:           0  
  Clock Path Skew:        -0.602ns (DCD - SCD + CPR)
    Destination Clock Delay (DCD):    -1.480ns
    Source Clock Delay      (SCD):    -0.879ns
    Clock Pessimism Removal (CPR):    0.000ns
  Clock Uncertainty:      0.207ns  ((TSJ^2 + DJ^2)^1/2) / 2 + PE
    Total System Jitter     (TSJ):    0.071ns
    Discrete Jitter          (DJ):    0.159ns
    Phase Error              (PE):    0.120ns
  Timing Exception:       False Path

    Location             Delay type                Incr(ns)  Path(ns)    Netlist Resource(s)
  -------------------------------------------------------------------    -------------------
                         (clock clk100MHz_clk_wiz_0 rise edge)
                                                      0.000     0.000 r  
    W5                                                0.000     0.000 r  clk (IN)
                         net (fo=0)                   0.000     0.000    u_clk_wiz/inst/clk
    W5                   IBUF (Prop_ibuf_I_O)         1.458     1.458 r  u_clk_wiz/inst/clkin1_ibufg/O
                         net (fo=1, routed)           1.233     2.691    u_clk_wiz/inst/clk_clk_wiz_0
    MMCME2_ADV_X1Y0      MMCME2_ADV (Prop_mmcme2_adv_CLKIN1_CLKOUT0)
                                                     -6.961    -4.269 r  u_clk_wiz/inst/mmcm_adv_inst/CLKOUT0
                         net (fo=2, routed)           1.661    -2.608    u_clk_wiz/inst/clk100MHz_clk_wiz_0
    BUFGCTRL_X0Y1        BUFGCTRL (Prop_bufgctrl_I0_O)
                                                      0.096    -2.512 r  u_clk_wiz/inst/clkout1_buf/O
                         net (fo=268, routed)         1.633    -0.879    u_top_airhockey/u_mouse/CLK
    SLICE_X4Y40          FDRE                                         r  u_top_airhockey/u_mouse/ypos_reg[0]/C
  -------------------------------------------------------------------    -------------------
    SLICE_X4Y40          FDRE (Prop_fdre_C_Q)         0.456    -0.423 r  u_top_airhockey/u_mouse/ypos_reg[0]/Q
                         net (fo=1, routed)           0.482     0.060    u_top_airhockey/mouse_y[0]
    SLICE_X5Y40          FDRE                                         r  u_top_airhockey/mouse_y_sync1_reg[0]/D
  -------------------------------------------------------------------    -------------------

                         (clock clk_pix_clk_wiz_0 rise edge)
                                                      0.000     0.000 r  
    W5                                                0.000     0.000 r  clk (IN)
                         net (fo=0)                   0.000     0.000    u_clk_wiz/inst/clk
    W5                   IBUF (Prop_ibuf_I_O)         1.388     1.388 r  u_clk_wiz/inst/clkin1_ibufg/O
                         net (fo=1, routed)           1.162     2.550    u_clk_wiz/inst/clk_clk_wiz_0
    MMCME2_ADV_X1Y0      MMCME2_ADV (Prop_mmcme2_adv_CLKIN1_CLKOUT1)
                                                     -7.217    -4.668 r  u_clk_wiz/inst/mmcm_adv_inst/CLKOUT1
                         net (fo=2, routed)           1.581    -3.086    u_clk_wiz/inst/clk_pix_clk_wiz_0
    BUFGCTRL_X0Y0        BUFGCTRL (Prop_bufgctrl_I0_O)
                                                      0.091    -2.995 r  u_clk_wiz/inst/clkout2_buf/O
                         net (fo=3196, routed)        1.515    -1.480    u_top_airhockey/clk_pix
    SLICE_X5Y40          FDRE                                         r  u_top_airhockey/mouse_y_sync1_reg[0]/C

Slack:                    inf
  Source:                 u_top_airhockey/u_mouse/xpos_reg[11]/C
                            (rising edge-triggered cell FDRE clocked by clk100MHz_clk_wiz_0  {rise@0.000ns fall@5.000ns period=10.000ns})
  Destination:            u_top_airhockey/mouse_x_sync1_reg[11]/D
                            (rising edge-triggered cell FDRE clocked by clk_pix_clk_wiz_0  {rise@0.000ns fall@7.692ns period=15.385ns})
  Path Group:             (none)
  Path Type:              Setup (Max at Slow Process Corner)
  Data Path Delay:        0.932ns  (logic 0.456ns (48.944%)  route 0.476ns (51.056%))
  Logic Levels:           0  
  Clock Path Skew:        -0.602ns (DCD - SCD + CPR)
    Destination Clock Delay (DCD):    -1.480ns
    Source Clock Delay      (SCD):    -0.879ns
    Clock Pessimism Removal (CPR):    0.000ns
  Clock Uncertainty:      0.207ns  ((TSJ^2 + DJ^2)^1/2) / 2 + PE
    Total System Jitter     (TSJ):    0.071ns
    Discrete Jitter          (DJ):    0.159ns
    Phase Error              (PE):    0.120ns
  Timing Exception:       False Path

    Location             Delay type                Incr(ns)  Path(ns)    Netlist Resource(s)
  -------------------------------------------------------------------    -------------------
                         (clock clk100MHz_clk_wiz_0 rise edge)
                                                      0.000     0.000 r  
    W5                                                0.000     0.000 r  clk (IN)
                         net (fo=0)                   0.000     0.000    u_clk_wiz/inst/clk
    W5                   IBUF (Prop_ibuf_I_O)         1.458     1.458 r  u_clk_wiz/inst/clkin1_ibufg/O
                         net (fo=1, routed)           1.233     2.691    u_clk_wiz/inst/clk_clk_wiz_0
    MMCME2_ADV_X1Y0      MMCME2_ADV (Prop_mmcme2_adv_CLKIN1_CLKOUT0)
                                                     -6.961    -4.269 r  u_clk_wiz/inst/mmcm_adv_inst/CLKOUT0
                         net (fo=2, routed)           1.661    -2.608    u_clk_wiz/inst/clk100MHz_clk_wiz_0
    BUFGCTRL_X0Y1        BUFGCTRL (Prop_bufgctrl_I0_O)
                                                      0.096    -2.512 r  u_clk_wiz/inst/clkout1_buf/O
                         net (fo=268, routed)         1.633    -0.879    u_top_airhockey/u_mouse/CLK
    SLICE_X7Y39          FDRE                                         r  u_top_airhockey/u_mouse/xpos_reg[11]/C
  -------------------------------------------------------------------    -------------------
    SLICE_X7Y39          FDRE (Prop_fdre_C_Q)         0.456    -0.423 r  u_top_airhockey/u_mouse/xpos_reg[11]/Q
                         net (fo=1, routed)           0.476     0.053    u_top_airhockey/mouse_x[11]
    SLICE_X7Y40          FDRE                                         r  u_top_airhockey/mouse_x_sync1_reg[11]/D
  -------------------------------------------------------------------    -------------------

                         (clock clk_pix_clk_wiz_0 rise edge)
                                                      0.000     0.000 r  
    W5                                                0.000     0.000 r  clk (IN)
                         net (fo=0)                   0.000     0.000    u_clk_wiz/inst/clk
    W5                   IBUF (Prop_ibuf_I_O)         1.388     1.388 r  u_clk_wiz/inst/clkin1_ibufg/O
                         net (fo=1, routed)           1.162     2.550    u_clk_wiz/inst/clk_clk_wiz_0
    MMCME2_ADV_X1Y0      MMCME2_ADV (Prop_mmcme2_adv_CLKIN1_CLKOUT1)
                                                     -7.217    -4.668 r  u_clk_wiz/inst/mmcm_adv_inst/CLKOUT1
                         net (fo=2, routed)           1.581    -3.086    u_clk_wiz/inst/clk_pix_clk_wiz_0
    BUFGCTRL_X0Y0        BUFGCTRL (Prop_bufgctrl_I0_O)
                                                      0.091    -2.995 r  u_clk_wiz/inst/clkout2_buf/O
                         net (fo=3196, routed)        1.515    -1.480    u_top_airhockey/clk_pix
    SLICE_X7Y40          FDRE                                         r  u_top_airhockey/mouse_x_sync1_reg[11]/C

Slack:                    inf
  Source:                 u_top_airhockey/u_mouse/ypos_reg[7]/C
                            (rising edge-triggered cell FDRE clocked by clk100MHz_clk_wiz_0  {rise@0.000ns fall@5.000ns period=10.000ns})
  Destination:            u_top_airhockey/mouse_y_sync1_reg[7]/D
                            (rising edge-triggered cell FDRE clocked by clk_pix_clk_wiz_0  {rise@0.000ns fall@7.692ns period=15.385ns})
  Path Group:             (none)
  Path Type:              Setup (Max at Slow Process Corner)
  Data Path Delay:        0.926ns  (logic 0.456ns (49.241%)  route 0.470ns (50.759%))
  Logic Levels:           0  
  Clock Path Skew:        -0.600ns (DCD - SCD + CPR)
    Destination Clock Delay (DCD):    -1.477ns
    Source Clock Delay      (SCD):    -0.878ns
    Clock Pessimism Removal (CPR):    0.000ns
  Clock Uncertainty:      0.207ns  ((TSJ^2 + DJ^2)^1/2) / 2 + PE
    Total System Jitter     (TSJ):    0.071ns
    Discrete Jitter          (DJ):    0.159ns
    Phase Error              (PE):    0.120ns
  Timing Exception:       False Path

    Location             Delay type                Incr(ns)  Path(ns)    Netlist Resource(s)
  -------------------------------------------------------------------    -------------------
                         (clock clk100MHz_clk_wiz_0 rise edge)
                                                      0.000     0.000 r  
    W5                                                0.000     0.000 r  clk (IN)
                         net (fo=0)                   0.000     0.000    u_clk_wiz/inst/clk
    W5                   IBUF (Prop_ibuf_I_O)         1.458     1.458 r  u_clk_wiz/inst/clkin1_ibufg/O
                         net (fo=1, routed)           1.233     2.691    u_clk_wiz/inst/clk_clk_wiz_0
    MMCME2_ADV_X1Y0      MMCME2_ADV (Prop_mmcme2_adv_CLKIN1_CLKOUT0)
                                                     -6.961    -4.269 r  u_clk_wiz/inst/mmcm_adv_inst/CLKOUT0
                         net (fo=2, routed)           1.661    -2.608    u_clk_wiz/inst/clk100MHz_clk_wiz_0
    BUFGCTRL_X0Y1        BUFGCTRL (Prop_bufgctrl_I0_O)
                                                      0.096    -2.512 r  u_clk_wiz/inst/clkout1_buf/O
                         net (fo=268, routed)         1.634    -0.878    u_top_airhockey/u_mouse/CLK
    SLICE_X4Y42          FDRE                                         r  u_top_airhockey/u_mouse/ypos_reg[7]/C
  -------------------------------------------------------------------    -------------------
    SLICE_X4Y42          FDRE (Prop_fdre_C_Q)         0.456    -0.422 r  u_top_airhockey/u_mouse/ypos_reg[7]/Q
                         net (fo=1, routed)           0.470     0.049    u_top_airhockey/mouse_y[7]
    SLICE_X3Y42          FDRE                                         r  u_top_airhockey/mouse_y_sync1_reg[7]/D
  -------------------------------------------------------------------    -------------------

                         (clock clk_pix_clk_wiz_0 rise edge)
                                                      0.000     0.000 r  
    W5                                                0.000     0.000 r  clk (IN)
                         net (fo=0)                   0.000     0.000    u_clk_wiz/inst/clk
    W5                   IBUF (Prop_ibuf_I_O)         1.388     1.388 r  u_clk_wiz/inst/clkin1_ibufg/O
                         net (fo=1, routed)           1.162     2.550    u_clk_wiz/inst/clk_clk_wiz_0
    MMCME2_ADV_X1Y0      MMCME2_ADV (Prop_mmcme2_adv_CLKIN1_CLKOUT1)
                                                     -7.217    -4.668 r  u_clk_wiz/inst/mmcm_adv_inst/CLKOUT1
                         net (fo=2, routed)           1.581    -3.086    u_clk_wiz/inst/clk_pix_clk_wiz_0
    BUFGCTRL_X0Y0        BUFGCTRL (Prop_bufgctrl_I0_O)
                                                      0.091    -2.995 r  u_clk_wiz/inst/clkout2_buf/O
                         net (fo=3196, routed)        1.518    -1.477    u_top_airhockey/clk_pix
    SLICE_X3Y42          FDRE                                         r  u_top_airhockey/mouse_y_sync1_reg[7]/C

Slack:                    inf
  Source:                 u_top_airhockey/u_mouse/ypos_reg[6]/C
                            (rising edge-triggered cell FDRE clocked by clk100MHz_clk_wiz_0  {rise@0.000ns fall@5.000ns period=10.000ns})
  Destination:            u_top_airhockey/mouse_y_sync1_reg[6]/D
                            (rising edge-triggered cell FDRE clocked by clk_pix_clk_wiz_0  {rise@0.000ns fall@7.692ns period=15.385ns})
  Path Group:             (none)
  Path Type:              Setup (Max at Slow Process Corner)
  Data Path Delay:        0.895ns  (logic 0.456ns (50.932%)  route 0.439ns (49.068%))
  Logic Levels:           0  
  Clock Path Skew:        -0.603ns (DCD - SCD + CPR)
    Destination Clock Delay (DCD):    -1.477ns
    Source Clock Delay      (SCD):    -0.875ns
    Clock Pessimism Removal (CPR):    0.000ns
  Clock Uncertainty:      0.207ns  ((TSJ^2 + DJ^2)^1/2) / 2 + PE
    Total System Jitter     (TSJ):    0.071ns
    Discrete Jitter          (DJ):    0.159ns
    Phase Error              (PE):    0.120ns
  Timing Exception:       False Path

    Location             Delay type                Incr(ns)  Path(ns)    Netlist Resource(s)
  -------------------------------------------------------------------    -------------------
                         (clock clk100MHz_clk_wiz_0 rise edge)
                                                      0.000     0.000 r  
    W5                                                0.000     0.000 r  clk (IN)
                         net (fo=0)                   0.000     0.000    u_clk_wiz/inst/clk
    W5                   IBUF (Prop_ibuf_I_O)         1.458     1.458 r  u_clk_wiz/inst/clkin1_ibufg/O
                         net (fo=1, routed)           1.233     2.691    u_clk_wiz/inst/clk_clk_wiz_0
    MMCME2_ADV_X1Y0      MMCME2_ADV (Prop_mmcme2_adv_CLKIN1_CLKOUT0)
                                                     -6.961    -4.269 r  u_clk_wiz/inst/mmcm_adv_inst/CLKOUT0
                         net (fo=2, routed)           1.661    -2.608    u_clk_wiz/inst/clk100MHz_clk_wiz_0
    BUFGCTRL_X0Y1        BUFGCTRL (Prop_bufgctrl_I0_O)
                                                      0.096    -2.512 r  u_clk_wiz/inst/clkout1_buf/O
                         net (fo=268, routed)         1.637    -0.875    u_top_airhockey/u_mouse/CLK
    SLICE_X1Y41          FDRE                                         r  u_top_airhockey/u_mouse/ypos_reg[6]/C
  -------------------------------------------------------------------    -------------------
    SLICE_X1Y41          FDRE (Prop_fdre_C_Q)         0.456    -0.419 r  u_top_airhockey/u_mouse/ypos_reg[6]/Q
                         net (fo=1, routed)           0.439     0.021    u_top_airhockey/mouse_y[6]
    SLICE_X3Y41          FDRE                                         r  u_top_airhockey/mouse_y_sync1_reg[6]/D
  -------------------------------------------------------------------    -------------------

                         (clock clk_pix_clk_wiz_0 rise edge)
                                                      0.000     0.000 r  
    W5                                                0.000     0.000 r  clk (IN)
                         net (fo=0)                   0.000     0.000    u_clk_wiz/inst/clk
    W5                   IBUF (Prop_ibuf_I_O)         1.388     1.388 r  u_clk_wiz/inst/clkin1_ibufg/O
                         net (fo=1, routed)           1.162     2.550    u_clk_wiz/inst/clk_clk_wiz_0
    MMCME2_ADV_X1Y0      MMCME2_ADV (Prop_mmcme2_adv_CLKIN1_CLKOUT1)
                                                     -7.217    -4.668 r  u_clk_wiz/inst/mmcm_adv_inst/CLKOUT1
                         net (fo=2, routed)           1.581    -3.086    u_clk_wiz/inst/clk_pix_clk_wiz_0
    BUFGCTRL_X0Y0        BUFGCTRL (Prop_bufgctrl_I0_O)
                                                      0.091    -2.995 r  u_clk_wiz/inst/clkout2_buf/O
                         net (fo=3196, routed)        1.518    -1.477    u_top_airhockey/clk_pix
    SLICE_X3Y41          FDRE                                         r  u_top_airhockey/mouse_y_sync1_reg[6]/C





Min Delay Paths
--------------------------------------------------------------------------------------
Slack:                    inf
  Source:                 u_top_airhockey/u_mouse/xpos_reg[6]/C
                            (rising edge-triggered cell FDRE clocked by clk100MHz_clk_wiz_0  {rise@0.000ns fall@5.000ns period=10.000ns})
  Destination:            u_top_airhockey/mouse_x_sync1_reg[6]/D
                            (rising edge-triggered cell FDRE clocked by clk_pix_clk_wiz_0  {rise@0.000ns fall@7.692ns period=15.385ns})
  Path Group:             (none)
  Path Type:              Hold (Min at Slow Process Corner)
  Data Path Delay:        0.583ns  (logic 0.337ns (57.826%)  route 0.246ns (42.174%))
  Logic Levels:           0  
  Clock Path Skew:        0.604ns (DCD - SCD - CPR)
    Destination Clock Delay (DCD):    -0.945ns
    Source Clock Delay      (SCD):    -1.548ns
    Clock Pessimism Removal (CPR):    -0.000ns
  Clock Uncertainty:      0.207ns  ((TSJ^2 + DJ^2)^1/2) / 2 + PE
    Total System Jitter     (TSJ):    0.071ns
    Discrete Jitter          (DJ):    0.159ns
    Phase Error              (PE):    0.120ns
  Timing Exception:       False Path

    Location             Delay type                Incr(ns)  Path(ns)    Netlist Resource(s)
  -------------------------------------------------------------------    -------------------
                         (clock clk100MHz_clk_wiz_0 rise edge)
                                                      0.000     0.000 r  
    W5                                                0.000     0.000 r  clk (IN)
                         net (fo=0)                   0.000     0.000    u_clk_wiz/inst/clk
    W5                   IBUF (Prop_ibuf_I_O)         1.388     1.388 r  u_clk_wiz/inst/clkin1_ibufg/O
                         net (fo=1, routed)           1.162     2.550    u_clk_wiz/inst/clk_clk_wiz_0
    MMCME2_ADV_X1Y0      MMCME2_ADV (Prop_mmcme2_adv_CLKIN1_CLKOUT0)
                                                     -7.217    -4.668 r  u_clk_wiz/inst/mmcm_adv_inst/CLKOUT0
                         net (fo=2, routed)           1.581    -3.086    u_clk_wiz/inst/clk100MHz_clk_wiz_0
    BUFGCTRL_X0Y1        BUFGCTRL (Prop_bufgctrl_I0_O)
                                                      0.091    -2.995 r  u_clk_wiz/inst/clkout1_buf/O
                         net (fo=268, routed)         1.447    -1.548    u_top_airhockey/u_mouse/CLK
    SLICE_X9Y38          FDRE                                         r  u_top_airhockey/u_mouse/xpos_reg[6]/C
  -------------------------------------------------------------------    -------------------
    SLICE_X9Y38          FDRE (Prop_fdre_C_Q)         0.337    -1.211 r  u_top_airhockey/u_mouse/xpos_reg[6]/Q
                         net (fo=1, routed)           0.246    -0.965    u_top_airhockey/mouse_x[6]
    SLICE_X9Y39          FDRE                                         r  u_top_airhockey/mouse_x_sync1_reg[6]/D
  -------------------------------------------------------------------    -------------------

                         (clock clk_pix_clk_wiz_0 rise edge)
                                                      0.000     0.000 r  
    W5                                                0.000     0.000 r  clk (IN)
                         net (fo=0)                   0.000     0.000    u_clk_wiz/inst/clk
    W5                   IBUF (Prop_ibuf_I_O)         1.458     1.458 r  u_clk_wiz/inst/clkin1_ibufg/O
                         net (fo=1, routed)           1.233     2.691    u_clk_wiz/inst/clk_clk_wiz_0
    MMCME2_ADV_X1Y0      MMCME2_ADV (Prop_mmcme2_adv_CLKIN1_CLKOUT1)
                                                     -6.961    -4.269 r  u_clk_wiz/inst/mmcm_adv_inst/CLKOUT1
                         net (fo=2, routed)           1.661    -2.608    u_clk_wiz/inst/clk_pix_clk_wiz_0
    BUFGCTRL_X0Y0        BUFGCTRL (Prop_bufgctrl_I0_O)
                                                      0.096    -2.512 r  u_clk_wiz/inst/clkout2_buf/O
                         net (fo=3196, routed)        1.567    -0.945    u_top_airhockey/clk_pix
    SLICE_X9Y39          FDRE                                         r  u_top_airhockey/mouse_x_sync1_reg[6]/C

Slack:                    inf
  Source:                 u_top_airhockey/u_mouse/ypos_reg[5]/C
                            (rising edge-triggered cell FDRE clocked by clk100MHz_clk_wiz_0  {rise@0.000ns fall@5.000ns period=10.000ns})
  Destination:            u_top_airhockey/mouse_y_sync1_reg[5]/D
                            (rising edge-triggered cell FDRE clocked by clk_pix_clk_wiz_0  {rise@0.000ns fall@7.692ns period=15.385ns})
  Path Group:             (none)
  Path Type:              Hold (Min at Slow Process Corner)
  Data Path Delay:        0.609ns  (logic 0.367ns (60.246%)  route 0.242ns (39.754%))
  Logic Levels:           0  
  Clock Path Skew:        0.602ns (DCD - SCD - CPR)
    Destination Clock Delay (DCD):    -0.879ns
    Source Clock Delay      (SCD):    -1.480ns
    Clock Pessimism Removal (CPR):    -0.000ns
  Clock Uncertainty:      0.207ns  ((TSJ^2 + DJ^2)^1/2) / 2 + PE
    Total System Jitter     (TSJ):    0.071ns
    Discrete Jitter          (DJ):    0.159ns
    Phase Error              (PE):    0.120ns
  Timing Exception:       False Path

    Location             Delay type                Incr(ns)  Path(ns)    Netlist Resource(s)
  -------------------------------------------------------------------    -------------------
                         (clock clk100MHz_clk_wiz_0 rise edge)
                                                      0.000     0.000 r  
    W5                                                0.000     0.000 r  clk (IN)
                         net (fo=0)                   0.000     0.000    u_clk_wiz/inst/clk
    W5                   IBUF (Prop_ibuf_I_O)         1.388     1.388 r  u_clk_wiz/inst/clkin1_ibufg/O
                         net (fo=1, routed)           1.162     2.550    u_clk_wiz/inst/clk_clk_wiz_0
    MMCME2_ADV_X1Y0      MMCME2_ADV (Prop_mmcme2_adv_CLKIN1_CLKOUT0)
                                                     -7.217    -4.668 r  u_clk_wiz/inst/mmcm_adv_inst/CLKOUT0
                         net (fo=2, routed)           1.581    -3.086    u_clk_wiz/inst/clk100MHz_clk_wiz_0
    BUFGCTRL_X0Y1        BUFGCTRL (Prop_bufgctrl_I0_O)
                                                      0.091    -2.995 r  u_clk_wiz/inst/clkout1_buf/O
                         net (fo=268, routed)         1.515    -1.480    u_top_airhockey/u_mouse/CLK
    SLICE_X7Y39          FDRE                                         r  u_top_airhockey/u_mouse/ypos_reg[5]/C
  -------------------------------------------------------------------    -------------------
    SLICE_X7Y39          FDRE (Prop_fdre_C_Q)         0.367    -1.113 r  u_top_airhockey/u_mouse/ypos_reg[5]/Q
                         net (fo=1, routed)           0.242    -0.871    u_top_airhockey/mouse_y[5]
    SLICE_X7Y40          FDRE                                         r  u_top_airhockey/mouse_y_sync1_reg[5]/D
  -------------------------------------------------------------------    -------------------

                         (clock clk_pix_clk_wiz_0 rise edge)
                                                      0.000     0.000 r  
    W5                                                0.000     0.000 r  clk (IN)
                         net (fo=0)                   0.000     0.000    u_clk_wiz/inst/clk
    W5                   IBUF (Prop_ibuf_I_O)         1.458     1.458 r  u_clk_wiz/inst/clkin1_ibufg/O
                         net (fo=1, routed)           1.233     2.691    u_clk_wiz/inst/clk_clk_wiz_0
    MMCME2_ADV_X1Y0      MMCME2_ADV (Prop_mmcme2_adv_CLKIN1_CLKOUT1)
                                                     -6.961    -4.269 r  u_clk_wiz/inst/mmcm_adv_inst/CLKOUT1
                         net (fo=2, routed)           1.661    -2.608    u_clk_wiz/inst/clk_pix_clk_wiz_0
    BUFGCTRL_X0Y0        BUFGCTRL (Prop_bufgctrl_I0_O)
                                                      0.096    -2.512 r  u_clk_wiz/inst/clkout2_buf/O
                         net (fo=3196, routed)        1.633    -0.879    u_top_airhockey/clk_pix
    SLICE_X7Y40          FDRE                                         r  u_top_airhockey/mouse_y_sync1_reg[5]/C

Slack:                    inf
  Source:                 u_top_airhockey/u_mouse/ypos_reg[8]/C
                            (rising edge-triggered cell FDRE clocked by clk100MHz_clk_wiz_0  {rise@0.000ns fall@5.000ns period=10.000ns})
  Destination:            u_top_airhockey/mouse_y_sync1_reg[8]/D
                            (rising edge-triggered cell FDRE clocked by clk_pix_clk_wiz_0  {rise@0.000ns fall@7.692ns period=15.385ns})
  Path Group:             (none)
  Path Type:              Hold (Min at Slow Process Corner)
  Data Path Delay:        0.609ns  (logic 0.367ns (60.246%)  route 0.242ns (39.754%))
  Logic Levels:           0  
  Clock Path Skew:        0.603ns (DCD - SCD - CPR)
    Destination Clock Delay (DCD):    -0.875ns
    Source Clock Delay      (SCD):    -1.477ns
    Clock Pessimism Removal (CPR):    -0.000ns
  Clock Uncertainty:      0.207ns  ((TSJ^2 + DJ^2)^1/2) / 2 + PE
    Total System Jitter     (TSJ):    0.071ns
    Discrete Jitter          (DJ):    0.159ns
    Phase Error              (PE):    0.120ns
  Timing Exception:       False Path

    Location             Delay type                Incr(ns)  Path(ns)    Netlist Resource(s)
  -------------------------------------------------------------------    -------------------
                         (clock clk100MHz_clk_wiz_0 rise edge)
                                                      0.000     0.000 r  
    W5                                                0.000     0.000 r  clk (IN)
                         net (fo=0)                   0.000     0.000    u_clk_wiz/inst/clk
    W5                   IBUF (Prop_ibuf_I_O)         1.388     1.388 r  u_clk_wiz/inst/clkin1_ibufg/O
                         net (fo=1, routed)           1.162     2.550    u_clk_wiz/inst/clk_clk_wiz_0
    MMCME2_ADV_X1Y0      MMCME2_ADV (Prop_mmcme2_adv_CLKIN1_CLKOUT0)
                                                     -7.217    -4.668 r  u_clk_wiz/inst/mmcm_adv_inst/CLKOUT0
                         net (fo=2, routed)           1.581    -3.086    u_clk_wiz/inst/clk100MHz_clk_wiz_0
    BUFGCTRL_X0Y1        BUFGCTRL (Prop_bufgctrl_I0_O)
                                                      0.091    -2.995 r  u_clk_wiz/inst/clkout1_buf/O
                         net (fo=268, routed)         1.518    -1.477    u_top_airhockey/u_mouse/CLK
    SLICE_X1Y41          FDRE                                         r  u_top_airhockey/u_mouse/ypos_reg[8]/C
  -------------------------------------------------------------------    -------------------
    SLICE_X1Y41          FDRE (Prop_fdre_C_Q)         0.367    -1.110 r  u_top_airhockey/u_mouse/ypos_reg[8]/Q
                         net (fo=1, routed)           0.242    -0.868    u_top_airhockey/mouse_y[8]
    SLICE_X3Y41          FDRE                                         r  u_top_airhockey/mouse_y_sync1_reg[8]/D
  -------------------------------------------------------------------    -------------------

                         (clock clk_pix_clk_wiz_0 rise edge)
                                                      0.000     0.000 r  
    W5                                                0.000     0.000 r  clk (IN)
                         net (fo=0)                   0.000     0.000    u_clk_wiz/inst/clk
    W5                   IBUF (Prop_ibuf_I_O)         1.458     1.458 r  u_clk_wiz/inst/clkin1_ibufg/O
                         net (fo=1, routed)           1.233     2.691    u_clk_wiz/inst/clk_clk_wiz_0
    MMCME2_ADV_X1Y0      MMCME2_ADV (Prop_mmcme2_adv_CLKIN1_CLKOUT1)
                                                     -6.961    -4.269 r  u_clk_wiz/inst/mmcm_adv_inst/CLKOUT1
                         net (fo=2, routed)           1.661    -2.608    u_clk_wiz/inst/clk_pix_clk_wiz_0
    BUFGCTRL_X0Y0        BUFGCTRL (Prop_bufgctrl_I0_O)
                                                      0.096    -2.512 r  u_clk_wiz/inst/clkout2_buf/O
                         net (fo=3196, routed)        1.637    -0.875    u_top_airhockey/clk_pix
    SLICE_X3Y41          FDRE                                         r  u_top_airhockey/mouse_y_sync1_reg[8]/C

Slack:                    inf
  Source:                 u_top_airhockey/u_mouse/left_reg/C
                            (rising edge-triggered cell FDRE clocked by clk100MHz_clk_wiz_0  {rise@0.000ns fall@5.000ns period=10.000ns})
  Destination:            u_top_airhockey/mouse_left_sync1_reg/D
                            (rising edge-triggered cell FDRE clocked by clk_pix_clk_wiz_0  {rise@0.000ns fall@7.692ns period=15.385ns})
  Path Group:             (none)
  Path Type:              Hold (Min at Slow Process Corner)
  Data Path Delay:        0.618ns  (logic 0.367ns (59.409%)  route 0.251ns (40.591%))
  Logic Levels:           0  
  Clock Path Skew:        0.602ns (DCD - SCD - CPR)
    Destination Clock Delay (DCD):    -0.879ns
    Source Clock Delay      (SCD):    -1.480ns
    Clock Pessimism Removal (CPR):    -0.000ns
  Clock Uncertainty:      0.207ns  ((TSJ^2 + DJ^2)^1/2) / 2 + PE
    Total System Jitter     (TSJ):    0.071ns
    Discrete Jitter          (DJ):    0.159ns
    Phase Error              (PE):    0.120ns
  Timing Exception:       False Path

    Location             Delay type                Incr(ns)  Path(ns)    Netlist Resource(s)
  -------------------------------------------------------------------    -------------------
                         (clock clk100MHz_clk_wiz_0 rise edge)
                                                      0.000     0.000 r  
    W5                                                0.000     0.000 r  clk (IN)
                         net (fo=0)                   0.000     0.000    u_clk_wiz/inst/clk
    W5                   IBUF (Prop_ibuf_I_O)         1.388     1.388 r  u_clk_wiz/inst/clkin1_ibufg/O
                         net (fo=1, routed)           1.162     2.550    u_clk_wiz/inst/clk_clk_wiz_0
    MMCME2_ADV_X1Y0      MMCME2_ADV (Prop_mmcme2_adv_CLKIN1_CLKOUT0)
                                                     -7.217    -4.668 r  u_clk_wiz/inst/mmcm_adv_inst/CLKOUT0
                         net (fo=2, routed)           1.581    -3.086    u_clk_wiz/inst/clk100MHz_clk_wiz_0
    BUFGCTRL_X0Y1        BUFGCTRL (Prop_bufgctrl_I0_O)
                                                      0.091    -2.995 r  u_clk_wiz/inst/clkout1_buf/O
                         net (fo=268, routed)         1.515    -1.480    u_top_airhockey/u_mouse/CLK
    SLICE_X4Y40          FDRE                                         r  u_top_airhockey/u_mouse/left_reg/C
  -------------------------------------------------------------------    -------------------
    SLICE_X4Y40          FDRE (Prop_fdre_C_Q)         0.367    -1.113 r  u_top_airhockey/u_mouse/left_reg/Q
                         net (fo=1, routed)           0.251    -0.862    u_top_airhockey/mouse_left
    SLICE_X5Y40          FDRE                                         r  u_top_airhockey/mouse_left_sync1_reg/D
  -------------------------------------------------------------------    -------------------

                         (clock clk_pix_clk_wiz_0 rise edge)
                                                      0.000     0.000 r  
    W5                                                0.000     0.000 r  clk (IN)
                         net (fo=0)                   0.000     0.000    u_clk_wiz/inst/clk
    W5                   IBUF (Prop_ibuf_I_O)         1.458     1.458 r  u_clk_wiz/inst/clkin1_ibufg/O
                         net (fo=1, routed)           1.233     2.691    u_clk_wiz/inst/clk_clk_wiz_0
    MMCME2_ADV_X1Y0      MMCME2_ADV (Prop_mmcme2_adv_CLKIN1_CLKOUT1)
                                                     -6.961    -4.269 r  u_clk_wiz/inst/mmcm_adv_inst/CLKOUT1
                         net (fo=2, routed)           1.661    -2.608    u_clk_wiz/inst/clk_pix_clk_wiz_0
    BUFGCTRL_X0Y0        BUFGCTRL (Prop_bufgctrl_I0_O)
                                                      0.096    -2.512 r  u_clk_wiz/inst/clkout2_buf/O
                         net (fo=3196, routed)        1.633    -0.879    u_top_airhockey/clk_pix
    SLICE_X5Y40          FDRE                                         r  u_top_airhockey/mouse_left_sync1_reg/C

Slack:                    inf
  Source:                 u_top_airhockey/u_mouse/ypos_reg[10]/C
                            (rising edge-triggered cell FDRE clocked by clk100MHz_clk_wiz_0  {rise@0.000ns fall@5.000ns period=10.000ns})
  Destination:            u_top_airhockey/mouse_y_sync1_reg[10]/D
                            (rising edge-triggered cell FDRE clocked by clk_pix_clk_wiz_0  {rise@0.000ns fall@7.692ns period=15.385ns})
  Path Group:             (none)
  Path Type:              Hold (Min at Slow Process Corner)
  Data Path Delay:        0.618ns  (logic 0.367ns (59.409%)  route 0.251ns (40.591%))
  Logic Levels:           0  
  Clock Path Skew:        0.602ns (DCD - SCD - CPR)
    Destination Clock Delay (DCD):    -0.878ns
    Source Clock Delay      (SCD):    -1.479ns
    Clock Pessimism Removal (CPR):    -0.000ns
  Clock Uncertainty:      0.207ns  ((TSJ^2 + DJ^2)^1/2) / 2 + PE
    Total System Jitter     (TSJ):    0.071ns
    Discrete Jitter          (DJ):    0.159ns
    Phase Error              (PE):    0.120ns
  Timing Exception:       False Path

    Location             Delay type                Incr(ns)  Path(ns)    Netlist Resource(s)
  -------------------------------------------------------------------    -------------------
                         (clock clk100MHz_clk_wiz_0 rise edge)
                                                      0.000     0.000 r  
    W5                                                0.000     0.000 r  clk (IN)
                         net (fo=0)                   0.000     0.000    u_clk_wiz/inst/clk
    W5                   IBUF (Prop_ibuf_I_O)         1.388     1.388 r  u_clk_wiz/inst/clkin1_ibufg/O
                         net (fo=1, routed)           1.162     2.550    u_clk_wiz/inst/clk_clk_wiz_0
    MMCME2_ADV_X1Y0      MMCME2_ADV (Prop_mmcme2_adv_CLKIN1_CLKOUT0)
                                                     -7.217    -4.668 r  u_clk_wiz/inst/mmcm_adv_inst/CLKOUT0
                         net (fo=2, routed)           1.581    -3.086    u_clk_wiz/inst/clk100MHz_clk_wiz_0
    BUFGCTRL_X0Y1        BUFGCTRL (Prop_bufgctrl_I0_O)
                                                      0.091    -2.995 r  u_clk_wiz/inst/clkout1_buf/O
                         net (fo=268, routed)         1.516    -1.479    u_top_airhockey/u_mouse/CLK
    SLICE_X4Y42          FDRE                                         r  u_top_airhockey/u_mouse/ypos_reg[10]/C
  -------------------------------------------------------------------    -------------------
    SLICE_X4Y42          FDRE (Prop_fdre_C_Q)         0.367    -1.112 r  u_top_airhockey/u_mouse/ypos_reg[10]/Q
                         net (fo=1, routed)           0.251    -0.861    u_top_airhockey/mouse_y[10]
    SLICE_X5Y42          FDRE                                         r  u_top_airhockey/mouse_y_sync1_reg[10]/D
  -------------------------------------------------------------------    -------------------

                         (clock clk_pix_clk_wiz_0 rise edge)
                                                      0.000     0.000 r  
    W5                                                0.000     0.000 r  clk (IN)
                         net (fo=0)                   0.000     0.000    u_clk_wiz/inst/clk
    W5                   IBUF (Prop_ibuf_I_O)         1.458     1.458 r  u_clk_wiz/inst/clkin1_ibufg/O
                         net (fo=1, routed)           1.233     2.691    u_clk_wiz/inst/clk_clk_wiz_0
    MMCME2_ADV_X1Y0      MMCME2_ADV (Prop_mmcme2_adv_CLKIN1_CLKOUT1)
                                                     -6.961    -4.269 r  u_clk_wiz/inst/mmcm_adv_inst/CLKOUT1
                         net (fo=2, routed)           1.661    -2.608    u_clk_wiz/inst/clk_pix_clk_wiz_0
    BUFGCTRL_X0Y0        BUFGCTRL (Prop_bufgctrl_I0_O)
                                                      0.096    -2.512 r  u_clk_wiz/inst/clkout2_buf/O
                         net (fo=3196, routed)        1.634    -0.878    u_top_airhockey/clk_pix
    SLICE_X5Y42          FDRE                                         r  u_top_airhockey/mouse_y_sync1_reg[10]/C

Slack:                    inf
  Source:                 u_top_airhockey/u_mouse/ypos_reg[2]/C
                            (rising edge-triggered cell FDRE clocked by clk100MHz_clk_wiz_0  {rise@0.000ns fall@5.000ns period=10.000ns})
  Destination:            u_top_airhockey/mouse_y_sync1_reg[2]/D
                            (rising edge-triggered cell FDRE clocked by clk_pix_clk_wiz_0  {rise@0.000ns fall@7.692ns period=15.385ns})
  Path Group:             (none)
  Path Type:              Hold (Min at Slow Process Corner)
  Data Path Delay:        0.624ns  (logic 0.367ns (58.776%)  route 0.257ns (41.224%))
  Logic Levels:           0  
  Clock Path Skew:        0.603ns (DCD - SCD - CPR)
    Destination Clock Delay (DCD):    -0.878ns
    Source Clock Delay      (SCD):    -1.480ns
    Clock Pessimism Removal (CPR):    -0.000ns
  Clock Uncertainty:      0.207ns  ((TSJ^2 + DJ^2)^1/2) / 2 + PE
    Total System Jitter     (TSJ):    0.071ns
    Discrete Jitter          (DJ):    0.159ns
    Phase Error              (PE):    0.120ns
  Timing Exception:       False Path

    Location             Delay type                Incr(ns)  Path(ns)    Netlist Resource(s)
  -------------------------------------------------------------------    -------------------
                         (clock clk100MHz_clk_wiz_0 rise edge)
                                                      0.000     0.000 r  
    W5                                                0.000     0.000 r  clk (IN)
                         net (fo=0)                   0.000     0.000    u_clk_wiz/inst/clk
    W5                   IBUF (Prop_ibuf_I_O)         1.388     1.388 r  u_clk_wiz/inst/clkin1_ibufg/O
                         net (fo=1, routed)           1.162     2.550    u_clk_wiz/inst/clk_clk_wiz_0
    MMCME2_ADV_X1Y0      MMCME2_ADV (Prop_mmcme2_adv_CLKIN1_CLKOUT0)
                                                     -7.217    -4.668 r  u_clk_wiz/inst/mmcm_adv_inst/CLKOUT0
                         net (fo=2, routed)           1.581    -3.086    u_clk_wiz/inst/clk100MHz_clk_wiz_0
    BUFGCTRL_X0Y1        BUFGCTRL (Prop_bufgctrl_I0_O)
                                                      0.091    -2.995 r  u_clk_wiz/inst/clkout1_buf/O
                         net (fo=268, routed)         1.515    -1.480    u_top_airhockey/u_mouse/CLK
    SLICE_X4Y40          FDRE                                         r  u_top_airhockey/u_mouse/ypos_reg[2]/C
  -------------------------------------------------------------------    -------------------
    SLICE_X4Y40          FDRE (Prop_fdre_C_Q)         0.367    -1.113 r  u_top_airhockey/u_mouse/ypos_reg[2]/Q
                         net (fo=1, routed)           0.257    -0.856    u_top_airhockey/mouse_y[2]
    SLICE_X4Y41          FDRE                                         r  u_top_airhockey/mouse_y_sync1_reg[2]/D
  -------------------------------------------------------------------    -------------------

                         (clock clk_pix_clk_wiz_0 rise edge)
                                                      0.000     0.000 r  
    W5                                                0.000     0.000 r  clk (IN)
                         net (fo=0)                   0.000     0.000    u_clk_wiz/inst/clk
    W5                   IBUF (Prop_ibuf_I_O)         1.458     1.458 r  u_clk_wiz/inst/clkin1_ibufg/O
                         net (fo=1, routed)           1.233     2.691    u_clk_wiz/inst/clk_clk_wiz_0
    MMCME2_ADV_X1Y0      MMCME2_ADV (Prop_mmcme2_adv_CLKIN1_CLKOUT1)
                                                     -6.961    -4.269 r  u_clk_wiz/inst/mmcm_adv_inst/CLKOUT1
                         net (fo=2, routed)           1.661    -2.608    u_clk_wiz/inst/clk_pix_clk_wiz_0
    BUFGCTRL_X0Y0        BUFGCTRL (Prop_bufgctrl_I0_O)
                                                      0.096    -2.512 r  u_clk_wiz/inst/clkout2_buf/O
                         net (fo=3196, routed)        1.634    -0.878    u_top_airhockey/clk_pix
    SLICE_X4Y41          FDRE                                         r  u_top_airhockey/mouse_y_sync1_reg[2]/C

Slack:                    inf
  Source:                 u_top_airhockey/u_mouse/ypos_reg[3]/C
                            (rising edge-triggered cell FDRE clocked by clk100MHz_clk_wiz_0  {rise@0.000ns fall@5.000ns period=10.000ns})
  Destination:            u_top_airhockey/mouse_y_sync1_reg[3]/D
                            (rising edge-triggered cell FDRE clocked by clk_pix_clk_wiz_0  {rise@0.000ns fall@7.692ns period=15.385ns})
  Path Group:             (none)
  Path Type:              Hold (Min at Slow Process Corner)
  Data Path Delay:        0.625ns  (logic 0.367ns (58.684%)  route 0.258ns (41.316%))
  Logic Levels:           0  
  Clock Path Skew:        0.605ns (DCD - SCD - CPR)
    Destination Clock Delay (DCD):    -0.875ns
    Source Clock Delay      (SCD):    -1.479ns
    Clock Pessimism Removal (CPR):    -0.000ns
  Clock Uncertainty:      0.207ns  ((TSJ^2 + DJ^2)^1/2) / 2 + PE
    Total System Jitter     (TSJ):    0.071ns
    Discrete Jitter          (DJ):    0.159ns
    Phase Error              (PE):    0.120ns
  Timing Exception:       False Path

    Location             Delay type                Incr(ns)  Path(ns)    Netlist Resource(s)
  -------------------------------------------------------------------    -------------------
                         (clock clk100MHz_clk_wiz_0 rise edge)
                                                      0.000     0.000 r  
    W5                                                0.000     0.000 r  clk (IN)
                         net (fo=0)                   0.000     0.000    u_clk_wiz/inst/clk
    W5                   IBUF (Prop_ibuf_I_O)         1.388     1.388 r  u_clk_wiz/inst/clkin1_ibufg/O
                         net (fo=1, routed)           1.162     2.550    u_clk_wiz/inst/clk_clk_wiz_0
    MMCME2_ADV_X1Y0      MMCME2_ADV (Prop_mmcme2_adv_CLKIN1_CLKOUT0)
                                                     -7.217    -4.668 r  u_clk_wiz/inst/mmcm_adv_inst/CLKOUT0
                         net (fo=2, routed)           1.581    -3.086    u_clk_wiz/inst/clk100MHz_clk_wiz_0
    BUFGCTRL_X0Y1        BUFGCTRL (Prop_bufgctrl_I0_O)
                                                      0.091    -2.995 r  u_clk_wiz/inst/clkout1_buf/O
                         net (fo=268, routed)         1.516    -1.479    u_top_airhockey/u_mouse/CLK
    SLICE_X4Y42          FDRE                                         r  u_top_airhockey/u_mouse/ypos_reg[3]/C
  -------------------------------------------------------------------    -------------------
    SLICE_X4Y42          FDRE (Prop_fdre_C_Q)         0.367    -1.112 r  u_top_airhockey/u_mouse/ypos_reg[3]/Q
                         net (fo=1, routed)           0.258    -0.854    u_top_airhockey/mouse_y[3]
    SLICE_X3Y42          FDRE                                         r  u_top_airhockey/mouse_y_sync1_reg[3]/D
  -------------------------------------------------------------------    -------------------

                         (clock clk_pix_clk_wiz_0 rise edge)
                                                      0.000     0.000 r  
    W5                                                0.000     0.000 r  clk (IN)
                         net (fo=0)                   0.000     0.000    u_clk_wiz/inst/clk
    W5                   IBUF (Prop_ibuf_I_O)         1.458     1.458 r  u_clk_wiz/inst/clkin1_ibufg/O
                         net (fo=1, routed)           1.233     2.691    u_clk_wiz/inst/clk_clk_wiz_0
    MMCME2_ADV_X1Y0      MMCME2_ADV (Prop_mmcme2_adv_CLKIN1_CLKOUT1)
                                                     -6.961    -4.269 r  u_clk_wiz/inst/mmcm_adv_inst/CLKOUT1
                         net (fo=2, routed)           1.661    -2.608    u_clk_wiz/inst/clk_pix_clk_wiz_0
    BUFGCTRL_X0Y0        BUFGCTRL (Prop_bufgctrl_I0_O)
                                                      0.096    -2.512 r  u_clk_wiz/inst/clkout2_buf/O
                         net (fo=3196, routed)        1.637    -0.875    u_top_airhockey/clk_pix
    SLICE_X3Y42          FDRE                                         r  u_top_airhockey/mouse_y_sync1_reg[3]/C

Slack:                    inf
  Source:                 u_top_airhockey/u_mouse/xpos_reg[3]/C
                            (rising edge-triggered cell FDRE clocked by clk100MHz_clk_wiz_0  {rise@0.000ns fall@5.000ns period=10.000ns})
  Destination:            u_top_airhockey/mouse_x_sync1_reg[3]/D
                            (rising edge-triggered cell FDRE clocked by clk_pix_clk_wiz_0  {rise@0.000ns fall@7.692ns period=15.385ns})
  Path Group:             (none)
  Path Type:              Hold (Min at Slow Process Corner)
  Data Path Delay:        0.732ns  (logic 0.367ns (50.116%)  route 0.365ns (49.884%))
  Logic Levels:           0  
  Clock Path Skew:        0.604ns (DCD - SCD - CPR)
    Destination Clock Delay (DCD):    -0.945ns
    Source Clock Delay      (SCD):    -1.548ns
    Clock Pessimism Removal (CPR):    -0.000ns
  Clock Uncertainty:      0.207ns  ((TSJ^2 + DJ^2)^1/2) / 2 + PE
    Total System Jitter     (TSJ):    0.071ns
    Discrete Jitter          (DJ):    0.159ns
    Phase Error              (PE):    0.120ns
  Timing Exception:       False Path

    Location             Delay type                Incr(ns)  Path(ns)    Netlist Resource(s)
  -------------------------------------------------------------------    -------------------
                         (clock clk100MHz_clk_wiz_0 rise edge)
                                                      0.000     0.000 r  
    W5                                                0.000     0.000 r  clk (IN)
                         net (fo=0)                   0.000     0.000    u_clk_wiz/inst/clk
    W5                   IBUF (Prop_ibuf_I_O)         1.388     1.388 r  u_clk_wiz/inst/clkin1_ibufg/O
                         net (fo=1, routed)           1.162     2.550    u_clk_wiz/inst/clk_clk_wiz_0
    MMCME2_ADV_X1Y0      MMCME2_ADV (Prop_mmcme2_adv_CLKIN1_CLKOUT0)
                                                     -7.217    -4.668 r  u_clk_wiz/inst/mmcm_adv_inst/CLKOUT0
                         net (fo=2, routed)           1.581    -3.086    u_clk_wiz/inst/clk100MHz_clk_wiz_0
    BUFGCTRL_X0Y1        BUFGCTRL (Prop_bufgctrl_I0_O)
                                                      0.091    -2.995 r  u_clk_wiz/inst/clkout1_buf/O
                         net (fo=268, routed)         1.447    -1.548    u_top_airhockey/u_mouse/CLK
    SLICE_X9Y38          FDRE                                         r  u_top_airhockey/u_mouse/xpos_reg[3]/C
  -------------------------------------------------------------------    -------------------
    SLICE_X9Y38          FDRE (Prop_fdre_C_Q)         0.367    -1.181 r  u_top_airhockey/u_mouse/xpos_reg[3]/Q
                         net (fo=1, routed)           0.365    -0.816    u_top_airhockey/mouse_x[3]
    SLICE_X9Y39          FDRE                                         r  u_top_airhockey/mouse_x_sync1_reg[3]/D
  -------------------------------------------------------------------    -------------------

                         (clock clk_pix_clk_wiz_0 rise edge)
                                                      0.000     0.000 r  
    W5                                                0.000     0.000 r  clk (IN)
                         net (fo=0)                   0.000     0.000    u_clk_wiz/inst/clk
    W5                   IBUF (Prop_ibuf_I_O)         1.458     1.458 r  u_clk_wiz/inst/clkin1_ibufg/O
                         net (fo=1, routed)           1.233     2.691    u_clk_wiz/inst/clk_clk_wiz_0
    MMCME2_ADV_X1Y0      MMCME2_ADV (Prop_mmcme2_adv_CLKIN1_CLKOUT1)
                                                     -6.961    -4.269 r  u_clk_wiz/inst/mmcm_adv_inst/CLKOUT1
                         net (fo=2, routed)           1.661    -2.608    u_clk_wiz/inst/clk_pix_clk_wiz_0
    BUFGCTRL_X0Y0        BUFGCTRL (Prop_bufgctrl_I0_O)
                                                      0.096    -2.512 r  u_clk_wiz/inst/clkout2_buf/O
                         net (fo=3196, routed)        1.567    -0.945    u_top_airhockey/clk_pix
    SLICE_X9Y39          FDRE                                         r  u_top_airhockey/mouse_x_sync1_reg[3]/C

Slack:                    inf
  Source:                 u_top_airhockey/u_mouse/xpos_reg[0]/C
                            (rising edge-triggered cell FDRE clocked by clk100MHz_clk_wiz_0  {rise@0.000ns fall@5.000ns period=10.000ns})
  Destination:            u_top_airhockey/mouse_x_sync1_reg[0]/D
                            (rising edge-triggered cell FDRE clocked by clk_pix_clk_wiz_0  {rise@0.000ns fall@7.692ns period=15.385ns})
  Path Group:             (none)
  Path Type:              Hold (Min at Slow Process Corner)
  Data Path Delay:        0.733ns  (logic 0.367ns (50.065%)  route 0.366ns (49.935%))
  Logic Levels:           0  
  Clock Path Skew:        0.604ns (DCD - SCD - CPR)
    Destination Clock Delay (DCD):    -0.945ns
    Source Clock Delay      (SCD):    -1.548ns
    Clock Pessimism Removal (CPR):    -0.000ns
  Clock Uncertainty:      0.207ns  ((TSJ^2 + DJ^2)^1/2) / 2 + PE
    Total System Jitter     (TSJ):    0.071ns
    Discrete Jitter          (DJ):    0.159ns
    Phase Error              (PE):    0.120ns
  Timing Exception:       False Path

    Location             Delay type                Incr(ns)  Path(ns)    Netlist Resource(s)
  -------------------------------------------------------------------    -------------------
                         (clock clk100MHz_clk_wiz_0 rise edge)
                                                      0.000     0.000 r  
    W5                                                0.000     0.000 r  clk (IN)
                         net (fo=0)                   0.000     0.000    u_clk_wiz/inst/clk
    W5                   IBUF (Prop_ibuf_I_O)         1.388     1.388 r  u_clk_wiz/inst/clkin1_ibufg/O
                         net (fo=1, routed)           1.162     2.550    u_clk_wiz/inst/clk_clk_wiz_0
    MMCME2_ADV_X1Y0      MMCME2_ADV (Prop_mmcme2_adv_CLKIN1_CLKOUT0)
                                                     -7.217    -4.668 r  u_clk_wiz/inst/mmcm_adv_inst/CLKOUT0
                         net (fo=2, routed)           1.581    -3.086    u_clk_wiz/inst/clk100MHz_clk_wiz_0
    BUFGCTRL_X0Y1        BUFGCTRL (Prop_bufgctrl_I0_O)
                                                      0.091    -2.995 r  u_clk_wiz/inst/clkout1_buf/O
                         net (fo=268, routed)         1.447    -1.548    u_top_airhockey/u_mouse/CLK
    SLICE_X9Y38          FDRE                                         r  u_top_airhockey/u_mouse/xpos_reg[0]/C
  -------------------------------------------------------------------    -------------------
    SLICE_X9Y38          FDRE (Prop_fdre_C_Q)         0.367    -1.181 r  u_top_airhockey/u_mouse/xpos_reg[0]/Q
                         net (fo=1, routed)           0.366    -0.815    u_top_airhockey/mouse_x[0]
    SLICE_X9Y39          FDRE                                         r  u_top_airhockey/mouse_x_sync1_reg[0]/D
  -------------------------------------------------------------------    -------------------

                         (clock clk_pix_clk_wiz_0 rise edge)
                                                      0.000     0.000 r  
    W5                                                0.000     0.000 r  clk (IN)
                         net (fo=0)                   0.000     0.000    u_clk_wiz/inst/clk
    W5                   IBUF (Prop_ibuf_I_O)         1.458     1.458 r  u_clk_wiz/inst/clkin1_ibufg/O
                         net (fo=1, routed)           1.233     2.691    u_clk_wiz/inst/clk_clk_wiz_0
    MMCME2_ADV_X1Y0      MMCME2_ADV (Prop_mmcme2_adv_CLKIN1_CLKOUT1)
                                                     -6.961    -4.269 r  u_clk_wiz/inst/mmcm_adv_inst/CLKOUT1
                         net (fo=2, routed)           1.661    -2.608    u_clk_wiz/inst/clk_pix_clk_wiz_0
    BUFGCTRL_X0Y0        BUFGCTRL (Prop_bufgctrl_I0_O)
                                                      0.096    -2.512 r  u_clk_wiz/inst/clkout2_buf/O
                         net (fo=3196, routed)        1.567    -0.945    u_top_airhockey/clk_pix
    SLICE_X9Y39          FDRE                                         r  u_top_airhockey/mouse_x_sync1_reg[0]/C

Slack:                    inf
  Source:                 u_top_airhockey/u_mouse/ypos_reg[9]/C
                            (rising edge-triggered cell FDRE clocked by clk100MHz_clk_wiz_0  {rise@0.000ns fall@5.000ns period=10.000ns})
  Destination:            u_top_airhockey/mouse_y_sync1_reg[9]/D
                            (rising edge-triggered cell FDRE clocked by clk_pix_clk_wiz_0  {rise@0.000ns fall@7.692ns period=15.385ns})
  Path Group:             (none)
  Path Type:              Hold (Min at Slow Process Corner)
  Data Path Delay:        0.665ns  (logic 0.418ns (62.841%)  route 0.247ns (37.159%))
  Logic Levels:           0  
  Clock Path Skew:        0.603ns (DCD - SCD - CPR)
    Destination Clock Delay (DCD):    -0.874ns
    Source Clock Delay      (SCD):    -1.476ns
    Clock Pessimism Removal (CPR):    -0.000ns
  Clock Uncertainty:      0.207ns  ((TSJ^2 + DJ^2)^1/2) / 2 + PE
    Total System Jitter     (TSJ):    0.071ns
    Discrete Jitter          (DJ):    0.159ns
    Phase Error              (PE):    0.120ns
  Timing Exception:       False Path

    Location             Delay type                Incr(ns)  Path(ns)    Netlist Resource(s)
  -------------------------------------------------------------------    -------------------
                         (clock clk100MHz_clk_wiz_0 rise edge)
                                                      0.000     0.000 r  
    W5                                                0.000     0.000 r  clk (IN)
                         net (fo=0)                   0.000     0.000    u_clk_wiz/inst/clk
    W5                   IBUF (Prop_ibuf_I_O)         1.388     1.388 r  u_clk_wiz/inst/clkin1_ibufg/O
                         net (fo=1, routed)           1.162     2.550    u_clk_wiz/inst/clk_clk_wiz_0
    MMCME2_ADV_X1Y0      MMCME2_ADV (Prop_mmcme2_adv_CLKIN1_CLKOUT0)
                                                     -7.217    -4.668 r  u_clk_wiz/inst/mmcm_adv_inst/CLKOUT0
                         net (fo=2, routed)           1.581    -3.086    u_clk_wiz/inst/clk100MHz_clk_wiz_0
    BUFGCTRL_X0Y1        BUFGCTRL (Prop_bufgctrl_I0_O)
                                                      0.091    -2.995 r  u_clk_wiz/inst/clkout1_buf/O
                         net (fo=268, routed)         1.519    -1.476    u_top_airhockey/u_mouse/CLK
    SLICE_X2Y43          FDRE                                         r  u_top_airhockey/u_mouse/ypos_reg[9]/C
  -------------------------------------------------------------------    -------------------
    SLICE_X2Y43          FDRE (Prop_fdre_C_Q)         0.418    -1.058 r  u_top_airhockey/u_mouse/ypos_reg[9]/Q
                         net (fo=1, routed)           0.247    -0.811    u_top_airhockey/mouse_y[9]
    SLICE_X3Y43          FDRE                                         r  u_top_airhockey/mouse_y_sync1_reg[9]/D
  -------------------------------------------------------------------    -------------------

                         (clock clk_pix_clk_wiz_0 rise edge)
                                                      0.000     0.000 r  
    W5                                                0.000     0.000 r  clk (IN)
                         net (fo=0)                   0.000     0.000    u_clk_wiz/inst/clk
    W5                   IBUF (Prop_ibuf_I_O)         1.458     1.458 r  u_clk_wiz/inst/clkin1_ibufg/O
                         net (fo=1, routed)           1.233     2.691    u_clk_wiz/inst/clk_clk_wiz_0
    MMCME2_ADV_X1Y0      MMCME2_ADV (Prop_mmcme2_adv_CLKIN1_CLKOUT1)
                                                     -6.961    -4.269 r  u_clk_wiz/inst/mmcm_adv_inst/CLKOUT1
                         net (fo=2, routed)           1.661    -2.608    u_clk_wiz/inst/clk_pix_clk_wiz_0
    BUFGCTRL_X0Y0        BUFGCTRL (Prop_bufgctrl_I0_O)
                                                      0.096    -2.512 r  u_clk_wiz/inst/clkout2_buf/O
                         net (fo=3196, routed)        1.638    -0.874    u_top_airhockey/clk_pix
    SLICE_X3Y43          FDRE                                         r  u_top_airhockey/mouse_y_sync1_reg[9]/C





--------------------------------------------------------------------------------------
Path Group:  (none)
From Clock:  clk100MHz_clk_wiz_0
  To Clock:  

Max Delay             2 Endpoints
Min Delay             2 Endpoints
--------------------------------------------------------------------------------------


Max Delay Paths
--------------------------------------------------------------------------------------
Slack:                    inf
  Source:                 u_top_airhockey/u_mouse/Inst_Ps2Interface/ps2_data_h_reg_inv/C
                            (rising edge-triggered cell FDRE clocked by clk100MHz_clk_wiz_0  {rise@0.000ns fall@5.000ns period=10.000ns})
  Destination:            PS2Data
                            (output port)
  Path Group:             (none)
  Path Type:              Max at Slow Process Corner
  Data Path Delay:        9.282ns  (logic 3.978ns (42.857%)  route 5.304ns (57.143%))
  Logic Levels:           1  (OBUFT=1)
  Clock Uncertainty:      0.201ns  ((TSJ^2 + DJ^2)^1/2) / 2 + PE
    Total System Jitter     (TSJ):    0.050ns
    Discrete Jitter          (DJ):    0.146ns
    Phase Error              (PE):    0.125ns

    Location             Delay type                Incr(ns)  Path(ns)    Netlist Resource(s)
  -------------------------------------------------------------------    -------------------
                         (clock clk100MHz_clk_wiz_0 rise edge)
                                                      0.000     0.000 r  
    W5                                                0.000     0.000 r  clk (IN)
                         net (fo=0)                   0.000     0.000    u_clk_wiz/inst/clk
    W5                   IBUF (Prop_ibuf_I_O)         1.458     1.458 r  u_clk_wiz/inst/clkin1_ibufg/O
                         net (fo=1, routed)           1.233     2.691    u_clk_wiz/inst/clk_clk_wiz_0
    MMCME2_ADV_X1Y0      MMCME2_ADV (Prop_mmcme2_adv_CLKIN1_CLKOUT0)
                                                     -6.961    -4.269 r  u_clk_wiz/inst/mmcm_adv_inst/CLKOUT0
                         net (fo=2, routed)           1.661    -2.608    u_clk_wiz/inst/clk100MHz_clk_wiz_0
    BUFGCTRL_X0Y1        BUFGCTRL (Prop_bufgctrl_I0_O)
                                                      0.096    -2.512 r  u_clk_wiz/inst/clkout1_buf/O
                         net (fo=268, routed)         1.629    -0.883    u_top_airhockey/u_mouse/Inst_Ps2Interface/CLK
    SLICE_X3Y32          FDRE                                         r  u_top_airhockey/u_mouse/Inst_Ps2Interface/ps2_data_h_reg_inv/C
  -------------------------------------------------------------------    -------------------
    SLICE_X3Y32          FDRE (Prop_fdre_C_Q)         0.456    -0.427 f  u_top_airhockey/u_mouse/Inst_Ps2Interface/ps2_data_h_reg_inv/Q
                         net (fo=1, routed)           5.304     4.878    PS2Data_IOBUF_inst/T
    B17                  OBUFT (TriStatE_obuft_T_O)
                                                      3.522     8.400 r  PS2Data_IOBUF_inst/OBUFT/O
                         net (fo=1, unset)            0.000     8.400    PS2Data
    B17                                                               r  PS2Data (INOUT)
  -------------------------------------------------------------------    -------------------

Slack:                    inf
  Source:                 u_top_airhockey/u_mouse/Inst_Ps2Interface/ps2_clk_h_reg_inv/C
                            (rising edge-triggered cell FDRE clocked by clk100MHz_clk_wiz_0  {rise@0.000ns fall@5.000ns period=10.000ns})
  Destination:            PS2Clk
                            (output port)
  Path Group:             (none)
  Path Type:              Max at Slow Process Corner
  Data Path Delay:        7.652ns  (logic 3.975ns (51.942%)  route 3.677ns (48.058%))
  Logic Levels:           1  (OBUFT=1)
  Clock Uncertainty:      0.201ns  ((TSJ^2 + DJ^2)^1/2) / 2 + PE
    Total System Jitter     (TSJ):    0.050ns
    Discrete Jitter          (DJ):    0.146ns
    Phase Error              (PE):    0.125ns

    Location             Delay type                Incr(ns)  Path(ns)    Netlist Resource(s)
  -------------------------------------------------------------------    -------------------
                         (clock clk100MHz_clk_wiz_0 rise edge)
                                                      0.000     0.000 r  
    W5                                                0.000     0.000 r  clk (IN)
                         net (fo=0)                   0.000     0.000    u_clk_wiz/inst/clk
    W5                   IBUF (Prop_ibuf_I_O)         1.458     1.458 r  u_clk_wiz/inst/clkin1_ibufg/O
                         net (fo=1, routed)           1.233     2.691    u_clk_wiz/inst/clk_clk_wiz_0
    MMCME2_ADV_X1Y0      MMCME2_ADV (Prop_mmcme2_adv_CLKIN1_CLKOUT0)
                                                     -6.961    -4.269 r  u_clk_wiz/inst/mmcm_adv_inst/CLKOUT0
                         net (fo=2, routed)           1.661    -2.608    u_clk_wiz/inst/clk100MHz_clk_wiz_0
    BUFGCTRL_X0Y1        BUFGCTRL (Prop_bufgctrl_I0_O)
                                                      0.096    -2.512 r  u_clk_wiz/inst/clkout1_buf/O
                         net (fo=268, routed)         1.629    -0.883    u_top_airhockey/u_mouse/Inst_Ps2Interface/CLK
    SLICE_X3Y32          FDRE                                         r  u_top_airhockey/u_mouse/Inst_Ps2Interface/ps2_clk_h_reg_inv/C
  -------------------------------------------------------------------    -------------------
    SLICE_X3Y32          FDRE (Prop_fdre_C_Q)         0.456    -0.427 f  u_top_airhockey/u_mouse/Inst_Ps2Interface/ps2_clk_h_reg_inv/Q
                         net (fo=1, routed)           3.677     3.251    PS2Clk_IOBUF_inst/T
    C17                  OBUFT (TriStatE_obuft_T_O)
                                                      3.519     6.769 r  PS2Clk_IOBUF_inst/OBUFT/O
                         net (fo=1, unset)            0.000     6.769    PS2Clk
    C17                                                               r  PS2Clk (INOUT)
  -------------------------------------------------------------------    -------------------





Min Delay Paths
--------------------------------------------------------------------------------------
Slack:                    inf
  Source:                 u_top_airhockey/u_mouse/Inst_Ps2Interface/ps2_clk_h_reg_inv/C
                            (rising edge-triggered cell FDRE clocked by clk100MHz_clk_wiz_0  {rise@0.000ns fall@5.000ns period=10.000ns})
  Destination:            PS2Clk
                            (output port)
  Path Group:             (none)
  Path Type:              Min at Fast Process Corner
  Data Path Delay:        2.314ns  (logic 0.965ns (41.696%)  route 1.349ns (58.304%))
  Logic Levels:           1  (OBUFT=1)
  Clock Uncertainty:      0.201ns  ((TSJ^2 + DJ^2)^1/2) / 2 + PE
    Total System Jitter     (TSJ):    0.050ns
    Discrete Jitter          (DJ):    0.146ns
    Phase Error              (PE):    0.125ns

    Location             Delay type                Incr(ns)  Path(ns)    Netlist Resource(s)
  -------------------------------------------------------------------    -------------------
                         (clock clk100MHz_clk_wiz_0 rise edge)
                                                      0.000     0.000 r  
    W5                                                0.000     0.000 r  clk (IN)
                         net (fo=0)                   0.000     0.000    u_clk_wiz/inst/clk
    W5                   IBUF (Prop_ibuf_I_O)         0.226     0.226 r  u_clk_wiz/inst/clkin1_ibufg/O
                         net (fo=1, routed)           0.440     0.667    u_clk_wiz/inst/clk_clk_wiz_0
    MMCME2_ADV_X1Y0      MMCME2_ADV (Prop_mmcme2_adv_CLKIN1_CLKOUT0)
                                                     -2.360    -1.693 r  u_clk_wiz/inst/mmcm_adv_inst/CLKOUT0
                         net (fo=2, routed)           0.486    -1.207    u_clk_wiz/inst/clk100MHz_clk_wiz_0
    BUFGCTRL_X0Y1        BUFGCTRL (Prop_bufgctrl_I0_O)
                                                      0.026    -1.181 r  u_clk_wiz/inst/clkout1_buf/O
                         net (fo=268, routed)         0.589    -0.592    u_top_airhockey/u_mouse/Inst_Ps2Interface/CLK
    SLICE_X3Y32          FDRE                                         r  u_top_airhockey/u_mouse/Inst_Ps2Interface/ps2_clk_h_reg_inv/C
  -------------------------------------------------------------------    -------------------
    SLICE_X3Y32          FDRE (Prop_fdre_C_Q)         0.141    -0.451 r  u_top_airhockey/u_mouse/Inst_Ps2Interface/ps2_clk_h_reg_inv/Q
                         net (fo=1, routed)           1.349     0.898    PS2Clk_IOBUF_inst/T
    C17                  OBUFT (TriStatD_obuft_T_O)
                                                      0.824     1.722 r  PS2Clk_IOBUF_inst/OBUFT/O
                         net (fo=1, unset)            0.000     1.722    PS2Clk
    C17                                                               r  PS2Clk (INOUT)
  -------------------------------------------------------------------    -------------------

Slack:                    inf
  Source:                 u_top_airhockey/u_mouse/Inst_Ps2Interface/ps2_data_h_reg_inv/C
                            (rising edge-triggered cell FDRE clocked by clk100MHz_clk_wiz_0  {rise@0.000ns fall@5.000ns period=10.000ns})
  Destination:            PS2Data
                            (output port)
  Path Group:             (none)
  Path Type:              Min at Fast Process Corner
  Data Path Delay:        3.291ns  (logic 0.965ns (29.322%)  route 2.326ns (70.678%))
  Logic Levels:           1  (OBUFT=1)
  Clock Uncertainty:      0.201ns  ((TSJ^2 + DJ^2)^1/2) / 2 + PE
    Total System Jitter     (TSJ):    0.050ns
    Discrete Jitter          (DJ):    0.146ns
    Phase Error              (PE):    0.125ns

    Location             Delay type                Incr(ns)  Path(ns)    Netlist Resource(s)
  -------------------------------------------------------------------    -------------------
                         (clock clk100MHz_clk_wiz_0 rise edge)
                                                      0.000     0.000 r  
    W5                                                0.000     0.000 r  clk (IN)
                         net (fo=0)                   0.000     0.000    u_clk_wiz/inst/clk
    W5                   IBUF (Prop_ibuf_I_O)         0.226     0.226 r  u_clk_wiz/inst/clkin1_ibufg/O
                         net (fo=1, routed)           0.440     0.667    u_clk_wiz/inst/clk_clk_wiz_0
    MMCME2_ADV_X1Y0      MMCME2_ADV (Prop_mmcme2_adv_CLKIN1_CLKOUT0)
                                                     -2.360    -1.693 r  u_clk_wiz/inst/mmcm_adv_inst/CLKOUT0
                         net (fo=2, routed)           0.486    -1.207    u_clk_wiz/inst/clk100MHz_clk_wiz_0
    BUFGCTRL_X0Y1        BUFGCTRL (Prop_bufgctrl_I0_O)
                                                      0.026    -1.181 r  u_clk_wiz/inst/clkout1_buf/O
                         net (fo=268, routed)         0.589    -0.592    u_top_airhockey/u_mouse/Inst_Ps2Interface/CLK
    SLICE_X3Y32          FDRE                                         r  u_top_airhockey/u_mouse/Inst_Ps2Interface/ps2_data_h_reg_inv/C
  -------------------------------------------------------------------    -------------------
    SLICE_X3Y32          FDRE (Prop_fdre_C_Q)         0.141    -0.451 r  u_top_airhockey/u_mouse/Inst_Ps2Interface/ps2_data_h_reg_inv/Q
                         net (fo=1, routed)           2.326     1.875    PS2Data_IOBUF_inst/T
    B17                  OBUFT (TriStatD_obuft_T_O)
                                                      0.824     2.699 r  PS2Data_IOBUF_inst/OBUFT/O
                         net (fo=1, unset)            0.000     2.699    PS2Data
    B17                                                               r  PS2Data (INOUT)
  -------------------------------------------------------------------    -------------------





--------------------------------------------------------------------------------------
Path Group:  (none)
From Clock:  clk_pix_clk_wiz_0
  To Clock:  

Max Delay            17 Endpoints
Min Delay            17 Endpoints
--------------------------------------------------------------------------------------


Max Delay Paths
--------------------------------------------------------------------------------------
Slack:                    inf
  Source:                 pclk_oddr/C
                            (falling edge-triggered cell ODDR clocked by clk_pix_clk_wiz_0  {rise@0.000ns fall@7.692ns period=15.385ns})
  Destination:            JA1
                            (output port)
  Path Group:             (none)
  Path Type:              Max at Slow Process Corner
  Data Path Delay:        3.978ns  (logic 3.977ns (99.975%)  route 0.001ns (0.025%))
  Logic Levels:           1  (OBUF=1)
  Clock Uncertainty:      0.208ns  ((TSJ^2 + DJ^2)^1/2) / 2 + PE
    Total System Jitter     (TSJ):    0.050ns
    Discrete Jitter          (DJ):    0.159ns
    Phase Error              (PE):    0.125ns

    Location             Delay type                Incr(ns)  Path(ns)    Netlist Resource(s)
  -------------------------------------------------------------------    -------------------
                         (clock clk_pix_clk_wiz_0 fall edge)
                                                      7.692     7.692 f  
    W5                                                0.000     7.692 f  clk (IN)
                         net (fo=0)                   0.000     7.692    u_clk_wiz/inst/clk
    W5                   IBUF (Prop_ibuf_I_O)         1.458     9.151 f  u_clk_wiz/inst/clkin1_ibufg/O
                         net (fo=1, routed)           1.233    10.384    u_clk_wiz/inst/clk_clk_wiz_0
    MMCME2_ADV_X1Y0      MMCME2_ADV (Prop_mmcme2_adv_CLKIN1_CLKOUT1)
                                                     -6.961     3.423 f  u_clk_wiz/inst/mmcm_adv_inst/CLKOUT1
                         net (fo=2, routed)           1.661     5.084    u_clk_wiz/inst/clk_pix_clk_wiz_0
    BUFGCTRL_X0Y0        BUFGCTRL (Prop_bufgctrl_I0_O)
                                                      0.096     5.180 f  u_clk_wiz/inst/clkout2_buf/O
                         net (fo=3196, routed)        1.666     6.847    clk_pix
    OLOGIC_X1Y93         ODDR                                         f  pclk_oddr/C
  -------------------------------------------------------------------    -------------------
    OLOGIC_X1Y93         ODDR (Prop_oddr_C_Q)         0.472     7.319 r  pclk_oddr/Q
                         net (fo=1, routed)           0.001     7.320    JA1_OBUF
    J1                   OBUF (Prop_obuf_I_O)         3.505    10.825 r  JA1_OBUF_inst/O
                         net (fo=0)                   0.000    10.825    JA1
    J1                                                                r  JA1 (OUT)
  -------------------------------------------------------------------    -------------------

Slack:                    inf
  Source:                 u_top_airhockey/link_led_timer_reg[22]/C
                            (rising edge-triggered cell FDRE clocked by clk_pix_clk_wiz_0  {rise@0.000ns fall@7.692ns period=15.385ns})
  Destination:            led0
                            (output port)
  Path Group:             (none)
  Path Type:              Max at Slow Process Corner
  Data Path Delay:        8.281ns  (logic 4.347ns (52.493%)  route 3.934ns (47.507%))
  Logic Levels:           3  (LUT4=1 LUT6=1 OBUF=1)
  Clock Uncertainty:      0.208ns  ((TSJ^2 + DJ^2)^1/2) / 2 + PE
    Total System Jitter     (TSJ):    0.050ns
    Discrete Jitter          (DJ):    0.159ns
    Phase Error              (PE):    0.125ns

    Location             Delay type                Incr(ns)  Path(ns)    Netlist Resource(s)
  -------------------------------------------------------------------    -------------------
                         (clock clk_pix_clk_wiz_0 rise edge)
                                                      0.000     0.000 r  
    W5                                                0.000     0.000 r  clk (IN)
                         net (fo=0)                   0.000     0.000    u_clk_wiz/inst/clk
    W5                   IBUF (Prop_ibuf_I_O)         1.458     1.458 r  u_clk_wiz/inst/clkin1_ibufg/O
                         net (fo=1, routed)           1.233     2.691    u_clk_wiz/inst/clk_clk_wiz_0
    MMCME2_ADV_X1Y0      MMCME2_ADV (Prop_mmcme2_adv_CLKIN1_CLKOUT1)
                                                     -6.961    -4.269 r  u_clk_wiz/inst/mmcm_adv_inst/CLKOUT1
                         net (fo=2, routed)           1.661    -2.608    u_clk_wiz/inst/clk_pix_clk_wiz_0
    BUFGCTRL_X0Y0        BUFGCTRL (Prop_bufgctrl_I0_O)
                                                      0.096    -2.512 r  u_clk_wiz/inst/clkout2_buf/O
                         net (fo=3196, routed)        1.632    -0.880    u_top_airhockey/clk_pix
    SLICE_X4Y11          FDRE                                         r  u_top_airhockey/link_led_timer_reg[22]/C
  -------------------------------------------------------------------    -------------------
    SLICE_X4Y11          FDRE (Prop_fdre_C_Q)         0.419    -0.461 r  u_top_airhockey/link_led_timer_reg[22]/Q
                         net (fo=3, routed)           1.097     0.636    u_top_airhockey/link_led_timer_reg_n_0_[22]
    SLICE_X4Y10          LUT6 (Prop_lut6_I0_O)        0.299     0.935 f  u_top_airhockey/led0_OBUF_inst_i_5/O
                         net (fo=2, routed)           0.955     1.890    u_top_airhockey/led0_OBUF_inst_i_5_n_0
    SLICE_X4Y8           LUT4 (Prop_lut4_I3_O)        0.124     2.014 r  u_top_airhockey/led0_OBUF_inst_i_1/O
                         net (fo=15, routed)          1.883     3.896    led0_OBUF
    U16                  OBUF (Prop_obuf_I_O)         3.505     7.401 r  led0_OBUF_inst/O
                         net (fo=0)                   0.000     7.401    led0
    U16                                                               r  led0 (OUT)
  -------------------------------------------------------------------    -------------------

Slack:                    inf
  Source:                 u_top_airhockey/u_link_tx_ctl/u_uart_tx/tx_reg/C
                            (rising edge-triggered cell FDSE clocked by clk_pix_clk_wiz_0  {rise@0.000ns fall@7.692ns period=15.385ns})
  Destination:            ja_tx
                            (output port)
  Path Group:             (none)
  Path Type:              Max at Slow Process Corner
  Data Path Delay:        7.673ns  (logic 3.972ns (51.769%)  route 3.701ns (48.231%))
  Logic Levels:           1  (OBUF=1)
  Clock Uncertainty:      0.208ns  ((TSJ^2 + DJ^2)^1/2) / 2 + PE
    Total System Jitter     (TSJ):    0.050ns
    Discrete Jitter          (DJ):    0.159ns
    Phase Error              (PE):    0.125ns

    Location             Delay type                Incr(ns)  Path(ns)    Netlist Resource(s)
  -------------------------------------------------------------------    -------------------
                         (clock clk_pix_clk_wiz_0 rise edge)
                                                      0.000     0.000 r  
    W5                                                0.000     0.000 r  clk (IN)
                         net (fo=0)                   0.000     0.000    u_clk_wiz/inst/clk
    W5                   IBUF (Prop_ibuf_I_O)         1.458     1.458 r  u_clk_wiz/inst/clkin1_ibufg/O
                         net (fo=1, routed)           1.233     2.691    u_clk_wiz/inst/clk_clk_wiz_0
    MMCME2_ADV_X1Y0      MMCME2_ADV (Prop_mmcme2_adv_CLKIN1_CLKOUT1)
                                                     -6.961    -4.269 r  u_clk_wiz/inst/mmcm_adv_inst/CLKOUT1
                         net (fo=2, routed)           1.661    -2.608    u_clk_wiz/inst/clk_pix_clk_wiz_0
    BUFGCTRL_X0Y0        BUFGCTRL (Prop_bufgctrl_I0_O)
                                                      0.096    -2.512 r  u_clk_wiz/inst/clkout2_buf/O
                         net (fo=3196, routed)        1.565    -0.947    u_top_airhockey/u_link_tx_ctl/u_uart_tx/clk_pix
    SLICE_X48Y35         FDSE                                         r  u_top_airhockey/u_link_tx_ctl/u_uart_tx/tx_reg/C
  -------------------------------------------------------------------    -------------------
    SLICE_X48Y35         FDSE (Prop_fdse_C_Q)         0.456    -0.491 r  u_top_airhockey/u_link_tx_ctl/u_uart_tx/tx_reg/Q
                         net (fo=1, routed)           3.701     3.210    ja_tx_OBUF
    L2                   OBUF (Prop_obuf_I_O)         3.516     6.726 r  ja_tx_OBUF_inst/O
                         net (fo=0)                   0.000     6.726    ja_tx
    L2                                                                r  ja_tx (OUT)
  -------------------------------------------------------------------    -------------------

Slack:                    inf
  Source:                 u_top_airhockey/u_draw_mouse/vga_out\\.hsync_reg/C
                            (rising edge-triggered cell FDCE clocked by clk_pix_clk_wiz_0  {rise@0.000ns fall@7.692ns period=15.385ns})
  Destination:            Hsync
                            (output port)
  Path Group:             (none)
  Path Type:              Max at Slow Process Corner
  Data Path Delay:        7.019ns  (logic 4.077ns (58.076%)  route 2.943ns (41.924%))
  Logic Levels:           2  (LUT1=1 OBUF=1)
  Clock Uncertainty:      0.208ns  ((TSJ^2 + DJ^2)^1/2) / 2 + PE
    Total System Jitter     (TSJ):    0.050ns
    Discrete Jitter          (DJ):    0.159ns
    Phase Error              (PE):    0.125ns

    Location             Delay type                Incr(ns)  Path(ns)    Netlist Resource(s)
  -------------------------------------------------------------------    -------------------
                         (clock clk_pix_clk_wiz_0 rise edge)
                                                      0.000     0.000 r  
    W5                                                0.000     0.000 r  clk (IN)
                         net (fo=0)                   0.000     0.000    u_clk_wiz/inst/clk
    W5                   IBUF (Prop_ibuf_I_O)         1.458     1.458 r  u_clk_wiz/inst/clkin1_ibufg/O
                         net (fo=1, routed)           1.233     2.691    u_clk_wiz/inst/clk_clk_wiz_0
    MMCME2_ADV_X1Y0      MMCME2_ADV (Prop_mmcme2_adv_CLKIN1_CLKOUT1)
                                                     -6.961    -4.269 r  u_clk_wiz/inst/mmcm_adv_inst/CLKOUT1
                         net (fo=2, routed)           1.661    -2.608    u_clk_wiz/inst/clk_pix_clk_wiz_0
    BUFGCTRL_X0Y0        BUFGCTRL (Prop_bufgctrl_I0_O)
                                                      0.096    -2.512 r  u_clk_wiz/inst/clkout2_buf/O
                         net (fo=3196, routed)        1.638    -0.874    u_top_airhockey/u_draw_mouse/clk_pix
    SLICE_X3Y46          FDCE                                         r  u_top_airhockey/u_draw_mouse/vga_out\\.hsync_reg/C
  -------------------------------------------------------------------    -------------------
    SLICE_X3Y46          FDCE (Prop_fdce_C_Q)         0.456    -0.418 f  u_top_airhockey/u_draw_mouse/vga_out\\.hsync_reg/Q
                         net (fo=1, routed)           0.808     0.391    u_top_airhockey/u_draw_mouse/vga_out_final\\.hsync
    SLICE_X0Y45          LUT1 (Prop_lut1_I0_O)        0.124     0.515 r  u_top_airhockey/u_draw_mouse/Hsync_OBUF_inst_i_1/O
                         net (fo=1, routed)           2.134     2.649    Hsync_OBUF
    P19                  OBUF (Prop_obuf_I_O)         3.497     6.146 r  Hsync_OBUF_inst/O
                         net (fo=0)                   0.000     6.146    Hsync
    P19                                                               r  Hsync (OUT)
  -------------------------------------------------------------------    -------------------

Slack:                    inf
  Source:                 u_top_airhockey/u_draw_mouse/vga_out\\.vsync_reg/C
                            (rising edge-triggered cell FDCE clocked by clk_pix_clk_wiz_0  {rise@0.000ns fall@7.692ns period=15.385ns})
  Destination:            Vsync
                            (output port)
  Path Group:             (none)
  Path Type:              Max at Slow Process Corner
  Data Path Delay:        6.592ns  (logic 4.145ns (62.888%)  route 2.446ns (37.112%))
  Logic Levels:           2  (LUT1=1 OBUF=1)
  Clock Uncertainty:      0.208ns  ((TSJ^2 + DJ^2)^1/2) / 2 + PE
    Total System Jitter     (TSJ):    0.050ns
    Discrete Jitter          (DJ):    0.159ns
    Phase Error              (PE):    0.125ns

    Location             Delay type                Incr(ns)  Path(ns)    Netlist Resource(s)
  -------------------------------------------------------------------    -------------------
                         (clock clk_pix_clk_wiz_0 rise edge)
                                                      0.000     0.000 r  
    W5                                                0.000     0.000 r  clk (IN)
                         net (fo=0)                   0.000     0.000    u_clk_wiz/inst/clk
    W5                   IBUF (Prop_ibuf_I_O)         1.458     1.458 r  u_clk_wiz/inst/clkin1_ibufg/O
                         net (fo=1, routed)           1.233     2.691    u_clk_wiz/inst/clk_clk_wiz_0
    MMCME2_ADV_X1Y0      MMCME2_ADV (Prop_mmcme2_adv_CLKIN1_CLKOUT1)
                                                     -6.961    -4.269 r  u_clk_wiz/inst/mmcm_adv_inst/CLKOUT1
                         net (fo=2, routed)           1.661    -2.608    u_clk_wiz/inst/clk_pix_clk_wiz_0
    BUFGCTRL_X0Y0        BUFGCTRL (Prop_bufgctrl_I0_O)
                                                      0.096    -2.512 r  u_clk_wiz/inst/clkout2_buf/O
                         net (fo=3196, routed)        1.635    -0.877    u_top_airhockey/u_draw_mouse/clk_pix
    SLICE_X2Y38          FDCE                                         r  u_top_airhockey/u_draw_mouse/vga_out\\.vsync_reg/C
  -------------------------------------------------------------------    -------------------
    SLICE_X2Y38          FDCE (Prop_fdce_C_Q)         0.518    -0.359 f  u_top_airhockey/u_draw_mouse/vga_out\\.vsync_reg/Q
                         net (fo=1, routed)           0.521     0.163    u_top_airhockey/u_draw_mouse/vga_out_final\\.vsync
    SLICE_X2Y38          LUT1 (Prop_lut1_I0_O)        0.124     0.287 r  u_top_airhockey/u_draw_mouse/Vsync_OBUF_inst_i_1/O
                         net (fo=1, routed)           1.925     2.212    Vsync_OBUF
    R19                  OBUF (Prop_obuf_I_O)         3.503     5.715 r  Vsync_OBUF_inst/O
                         net (fo=0)                   0.000     5.715    Vsync
    R19                                                               r  Vsync (OUT)
  -------------------------------------------------------------------    -------------------

Slack:                    inf
  Source:                 u_top_airhockey/u_draw_mouse/vga_out\\.rgb_reg[11]/C
                            (rising edge-triggered cell FDCE clocked by clk_pix_clk_wiz_0  {rise@0.000ns fall@7.692ns period=15.385ns})
  Destination:            vgaRed[3]
                            (output port)
  Path Group:             (none)
  Path Type:              Max at Slow Process Corner
  Data Path Delay:        6.276ns  (logic 3.958ns (63.078%)  route 2.317ns (36.922%))
  Logic Levels:           1  (OBUF=1)
  Clock Uncertainty:      0.208ns  ((TSJ^2 + DJ^2)^1/2) / 2 + PE
    Total System Jitter     (TSJ):    0.050ns
    Discrete Jitter          (DJ):    0.159ns
    Phase Error              (PE):    0.125ns

    Location             Delay type                Incr(ns)  Path(ns)    Netlist Resource(s)
  -------------------------------------------------------------------    -------------------
                         (clock clk_pix_clk_wiz_0 rise edge)
                                                      0.000     0.000 r  
    W5                                                0.000     0.000 r  clk (IN)
                         net (fo=0)                   0.000     0.000    u_clk_wiz/inst/clk
    W5                   IBUF (Prop_ibuf_I_O)         1.458     1.458 r  u_clk_wiz/inst/clkin1_ibufg/O
                         net (fo=1, routed)           1.233     2.691    u_clk_wiz/inst/clk_clk_wiz_0
    MMCME2_ADV_X1Y0      MMCME2_ADV (Prop_mmcme2_adv_CLKIN1_CLKOUT1)
                                                     -6.961    -4.269 r  u_clk_wiz/inst/mmcm_adv_inst/CLKOUT1
                         net (fo=2, routed)           1.661    -2.608    u_clk_wiz/inst/clk_pix_clk_wiz_0
    BUFGCTRL_X0Y0        BUFGCTRL (Prop_bufgctrl_I0_O)
                                                      0.096    -2.512 r  u_clk_wiz/inst/clkout2_buf/O
                         net (fo=3196, routed)        1.624    -0.888    u_top_airhockey/u_draw_mouse/clk_pix
    SLICE_X5Y50          FDCE                                         r  u_top_airhockey/u_draw_mouse/vga_out\\.rgb_reg[11]/C
  -------------------------------------------------------------------    -------------------
    SLICE_X5Y50          FDCE (Prop_fdce_C_Q)         0.456    -0.432 r  u_top_airhockey/u_draw_mouse/vga_out\\.rgb_reg[11]/Q
                         net (fo=1, routed)           2.317     1.885    vgaRed_OBUF[3]
    N19                  OBUF (Prop_obuf_I_O)         3.502     5.388 r  vgaRed_OBUF[3]_inst/O
                         net (fo=0)                   0.000     5.388    vgaRed[3]
    N19                                                               r  vgaRed[3] (OUT)
  -------------------------------------------------------------------    -------------------

Slack:                    inf
  Source:                 u_top_airhockey/u_draw_mouse/vga_out\\.rgb_reg[0]/C
                            (rising edge-triggered cell FDCE clocked by clk_pix_clk_wiz_0  {rise@0.000ns fall@7.692ns period=15.385ns})
  Destination:            vgaBlue[0]
                            (output port)
  Path Group:             (none)
  Path Type:              Max at Slow Process Corner
  Data Path Delay:        6.250ns  (logic 3.951ns (63.219%)  route 2.299ns (36.781%))
  Logic Levels:           1  (OBUF=1)
  Clock Uncertainty:      0.208ns  ((TSJ^2 + DJ^2)^1/2) / 2 + PE
    Total System Jitter     (TSJ):    0.050ns
    Discrete Jitter          (DJ):    0.159ns
    Phase Error              (PE):    0.125ns

    Location             Delay type                Incr(ns)  Path(ns)    Netlist Resource(s)
  -------------------------------------------------------------------    -------------------
                         (clock clk_pix_clk_wiz_0 rise edge)
                                                      0.000     0.000 r  
    W5                                                0.000     0.000 r  clk (IN)
                         net (fo=0)                   0.000     0.000    u_clk_wiz/inst/clk
    W5                   IBUF (Prop_ibuf_I_O)         1.458     1.458 r  u_clk_wiz/inst/clkin1_ibufg/O
                         net (fo=1, routed)           1.233     2.691    u_clk_wiz/inst/clk_clk_wiz_0
    MMCME2_ADV_X1Y0      MMCME2_ADV (Prop_mmcme2_adv_CLKIN1_CLKOUT1)
                                                     -6.961    -4.269 r  u_clk_wiz/inst/mmcm_adv_inst/CLKOUT1
                         net (fo=2, routed)           1.661    -2.608    u_clk_wiz/inst/clk_pix_clk_wiz_0
    BUFGCTRL_X0Y0        BUFGCTRL (Prop_bufgctrl_I0_O)
                                                      0.096    -2.512 r  u_clk_wiz/inst/clkout2_buf/O
                         net (fo=3196, routed)        1.624    -0.888    u_top_airhockey/u_draw_mouse/clk_pix
    SLICE_X5Y50          FDCE                                         r  u_top_airhockey/u_draw_mouse/vga_out\\.rgb_reg[0]/C
  -------------------------------------------------------------------    -------------------
    SLICE_X5Y50          FDCE (Prop_fdce_C_Q)         0.456    -0.432 r  u_top_airhockey/u_draw_mouse/vga_out\\.rgb_reg[0]/Q
                         net (fo=1, routed)           2.299     1.867    vgaBlue_OBUF[0]
    N18                  OBUF (Prop_obuf_I_O)         3.495     5.362 r  vgaBlue_OBUF[0]_inst/O
                         net (fo=0)                   0.000     5.362    vgaBlue[0]
    N18                                                               r  vgaBlue[0] (OUT)
  -------------------------------------------------------------------    -------------------

Slack:                    inf
  Source:                 u_top_airhockey/u_draw_mouse/vga_out\\.rgb_reg[2]/C
                            (rising edge-triggered cell FDCE clocked by clk_pix_clk_wiz_0  {rise@0.000ns fall@7.692ns period=15.385ns})
  Destination:            vgaBlue[2]
                            (output port)
  Path Group:             (none)
  Path Type:              Max at Slow Process Corner
  Data Path Delay:        6.156ns  (logic 4.037ns (65.571%)  route 2.120ns (34.429%))
  Logic Levels:           1  (OBUF=1)
  Clock Uncertainty:      0.208ns  ((TSJ^2 + DJ^2)^1/2) / 2 + PE
    Total System Jitter     (TSJ):    0.050ns
    Discrete Jitter          (DJ):    0.159ns
    Phase Error              (PE):    0.125ns

    Location             Delay type                Incr(ns)  Path(ns)    Netlist Resource(s)
  -------------------------------------------------------------------    -------------------
                         (clock clk_pix_clk_wiz_0 rise edge)
                                                      0.000     0.000 r  
    W5                                                0.000     0.000 r  clk (IN)
                         net (fo=0)                   0.000     0.000    u_clk_wiz/inst/clk
    W5                   IBUF (Prop_ibuf_I_O)         1.458     1.458 r  u_clk_wiz/inst/clkin1_ibufg/O
                         net (fo=1, routed)           1.233     2.691    u_clk_wiz/inst/clk_clk_wiz_0
    MMCME2_ADV_X1Y0      MMCME2_ADV (Prop_mmcme2_adv_CLKIN1_CLKOUT1)
                                                     -6.961    -4.269 r  u_clk_wiz/inst/mmcm_adv_inst/CLKOUT1
                         net (fo=2, routed)           1.661    -2.608    u_clk_wiz/inst/clk_pix_clk_wiz_0
    BUFGCTRL_X0Y0        BUFGCTRL (Prop_bufgctrl_I0_O)
                                                      0.096    -2.512 r  u_clk_wiz/inst/clkout2_buf/O
                         net (fo=3196, routed)        1.639    -0.873    u_top_airhockey/u_draw_mouse/clk_pix
    SLICE_X2Y48          FDCE                                         r  u_top_airhockey/u_draw_mouse/vga_out\\.rgb_reg[2]/C
  -------------------------------------------------------------------    -------------------
    SLICE_X2Y48          FDCE (Prop_fdce_C_Q)         0.518    -0.355 r  u_top_airhockey/u_draw_mouse/vga_out\\.rgb_reg[2]/Q
                         net (fo=1, routed)           2.120     1.765    vgaBlue_OBUF[2]
    K18                  OBUF (Prop_obuf_I_O)         3.519     5.284 r  vgaBlue_OBUF[2]_inst/O
                         net (fo=0)                   0.000     5.284    vgaBlue[2]
    K18                                                               r  vgaBlue[2] (OUT)
  -------------------------------------------------------------------    -------------------

Slack:                    inf
  Source:                 u_top_airhockey/u_draw_mouse/vga_out\\.rgb_reg[4]/C
                            (rising edge-triggered cell FDCE clocked by clk_pix_clk_wiz_0  {rise@0.000ns fall@7.692ns period=15.385ns})
  Destination:            vgaGreen[0]
                            (output port)
  Path Group:             (none)
  Path Type:              Max at Slow Process Corner
  Data Path Delay:        6.110ns  (logic 4.039ns (66.100%)  route 2.071ns (33.900%))
  Logic Levels:           1  (OBUF=1)
  Clock Uncertainty:      0.208ns  ((TSJ^2 + DJ^2)^1/2) / 2 + PE
    Total System Jitter     (TSJ):    0.050ns
    Discrete Jitter          (DJ):    0.159ns
    Phase Error              (PE):    0.125ns

    Location             Delay type                Incr(ns)  Path(ns)    Netlist Resource(s)
  -------------------------------------------------------------------    -------------------
                         (clock clk_pix_clk_wiz_0 rise edge)
                                                      0.000     0.000 r  
    W5                                                0.000     0.000 r  clk (IN)
                         net (fo=0)                   0.000     0.000    u_clk_wiz/inst/clk
    W5                   IBUF (Prop_ibuf_I_O)         1.458     1.458 r  u_clk_wiz/inst/clkin1_ibufg/O
                         net (fo=1, routed)           1.233     2.691    u_clk_wiz/inst/clk_clk_wiz_0
    MMCME2_ADV_X1Y0      MMCME2_ADV (Prop_mmcme2_adv_CLKIN1_CLKOUT1)
                                                     -6.961    -4.269 r  u_clk_wiz/inst/mmcm_adv_inst/CLKOUT1
                         net (fo=2, routed)           1.661    -2.608    u_clk_wiz/inst/clk_pix_clk_wiz_0
    BUFGCTRL_X0Y0        BUFGCTRL (Prop_bufgctrl_I0_O)
                                                      0.096    -2.512 r  u_clk_wiz/inst/clkout2_buf/O
                         net (fo=3196, routed)        1.639    -0.873    u_top_airhockey/u_draw_mouse/clk_pix
    SLICE_X2Y48          FDCE                                         r  u_top_airhockey/u_draw_mouse/vga_out\\.rgb_reg[4]/C
  -------------------------------------------------------------------    -------------------
    SLICE_X2Y48          FDCE (Prop_fdce_C_Q)         0.518    -0.355 r  u_top_airhockey/u_draw_mouse/vga_out\\.rgb_reg[4]/Q
                         net (fo=1, routed)           2.071     1.717    vgaGreen_OBUF[0]
    J17                  OBUF (Prop_obuf_I_O)         3.521     5.238 r  vgaGreen_OBUF[0]_inst/O
                         net (fo=0)                   0.000     5.238    vgaGreen[0]
    J17                                                               r  vgaGreen[0] (OUT)
  -------------------------------------------------------------------    -------------------

Slack:                    inf
  Source:                 u_top_airhockey/u_draw_mouse/vga_out\\.rgb_reg[10]/C
                            (rising edge-triggered cell FDCE clocked by clk_pix_clk_wiz_0  {rise@0.000ns fall@7.692ns period=15.385ns})
  Destination:            vgaRed[2]
                            (output port)
  Path Group:             (none)
  Path Type:              Max at Slow Process Corner
  Data Path Delay:        6.095ns  (logic 4.042ns (66.311%)  route 2.053ns (33.689%))
  Logic Levels:           1  (OBUF=1)
  Clock Uncertainty:      0.208ns  ((TSJ^2 + DJ^2)^1/2) / 2 + PE
    Total System Jitter     (TSJ):    0.050ns
    Discrete Jitter          (DJ):    0.159ns
    Phase Error              (PE):    0.125ns

    Location             Delay type                Incr(ns)  Path(ns)    Netlist Resource(s)
  -------------------------------------------------------------------    -------------------
                         (clock clk_pix_clk_wiz_0 rise edge)
                                                      0.000     0.000 r  
    W5                                                0.000     0.000 r  clk (IN)
                         net (fo=0)                   0.000     0.000    u_clk_wiz/inst/clk
    W5                   IBUF (Prop_ibuf_I_O)         1.458     1.458 r  u_clk_wiz/inst/clkin1_ibufg/O
                         net (fo=1, routed)           1.233     2.691    u_clk_wiz/inst/clk_clk_wiz_0
    MMCME2_ADV_X1Y0      MMCME2_ADV (Prop_mmcme2_adv_CLKIN1_CLKOUT1)
                                                     -6.961    -4.269 r  u_clk_wiz/inst/mmcm_adv_inst/CLKOUT1
                         net (fo=2, routed)           1.661    -2.608    u_clk_wiz/inst/clk_pix_clk_wiz_0
    BUFGCTRL_X0Y0        BUFGCTRL (Prop_bufgctrl_I0_O)
                                                      0.096    -2.512 r  u_clk_wiz/inst/clkout2_buf/O
                         net (fo=3196, routed)        1.639    -0.873    u_top_airhockey/u_draw_mouse/clk_pix
    SLICE_X2Y48          FDCE                                         r  u_top_airhockey/u_draw_mouse/vga_out\\.rgb_reg[10]/C
  -------------------------------------------------------------------    -------------------
    SLICE_X2Y48          FDCE (Prop_fdce_C_Q)         0.518    -0.355 r  u_top_airhockey/u_draw_mouse/vga_out\\.rgb_reg[10]/Q
                         net (fo=1, routed)           2.053     1.699    vgaRed_OBUF[2]
    J19                  OBUF (Prop_obuf_I_O)         3.524     5.223 r  vgaRed_OBUF[2]_inst/O
                         net (fo=0)                   0.000     5.223    vgaRed[2]
    J19                                                               r  vgaRed[2] (OUT)
  -------------------------------------------------------------------    -------------------





Min Delay Paths
--------------------------------------------------------------------------------------
Slack:                    inf
  Source:                 pclk_oddr/C
                            (rising edge-triggered cell ODDR clocked by clk_pix_clk_wiz_0  {rise@0.000ns fall@7.692ns period=15.385ns})
  Destination:            JA1
                            (output port)
  Path Group:             (none)
  Path Type:              Min at Fast Process Corner
  Data Path Delay:        1.384ns  (logic 1.383ns (99.928%)  route 0.001ns (0.072%))
  Logic Levels:           1  (OBUF=1)
  Clock Uncertainty:      0.208ns  ((TSJ^2 + DJ^2)^1/2) / 2 + PE
    Total System Jitter     (TSJ):    0.050ns
    Discrete Jitter          (DJ):    0.159ns
    Phase Error              (PE):    0.125ns

    Location             Delay type                Incr(ns)  Path(ns)    Netlist Resource(s)
  -------------------------------------------------------------------    -------------------
                         (clock clk_pix_clk_wiz_0 rise edge)
                                                      0.000     0.000 r  
    W5                                                0.000     0.000 r  clk (IN)
                         net (fo=0)                   0.000     0.000    u_clk_wiz/inst/clk
    W5                   IBUF (Prop_ibuf_I_O)         0.226     0.226 r  u_clk_wiz/inst/clkin1_ibufg/O
                         net (fo=1, routed)           0.440     0.667    u_clk_wiz/inst/clk_clk_wiz_0
    MMCME2_ADV_X1Y0      MMCME2_ADV (Prop_mmcme2_adv_CLKIN1_CLKOUT1)
                                                     -2.360    -1.693 r  u_clk_wiz/inst/mmcm_adv_inst/CLKOUT1
                         net (fo=2, routed)           0.486    -1.207    u_clk_wiz/inst/clk_pix_clk_wiz_0
    BUFGCTRL_X0Y0        BUFGCTRL (Prop_bufgctrl_I0_O)
                                                      0.026    -1.181 r  u_clk_wiz/inst/clkout2_buf/O
                         net (fo=3196, routed)        0.585    -0.596    clk_pix
    OLOGIC_X1Y93         ODDR                                         r  pclk_oddr/C
  -------------------------------------------------------------------    -------------------
    OLOGIC_X1Y93         ODDR (Prop_oddr_C_Q)         0.177    -0.419 r  pclk_oddr/Q
                         net (fo=1, routed)           0.001    -0.418    JA1_OBUF
    J1                   OBUF (Prop_obuf_I_O)         1.206     0.788 r  JA1_OBUF_inst/O
                         net (fo=0)                   0.000     0.788    JA1
    J1                                                                r  JA1 (OUT)
  -------------------------------------------------------------------    -------------------

Slack:                    inf
  Source:                 u_top_airhockey/u_draw_mouse/vga_out\\.rgb_reg[7]/C
                            (rising edge-triggered cell FDCE clocked by clk_pix_clk_wiz_0  {rise@0.000ns fall@7.692ns period=15.385ns})
  Destination:            vgaGreen[3]
                            (output port)
  Path Group:             (none)
  Path Type:              Min at Fast Process Corner
  Data Path Delay:        1.704ns  (logic 1.372ns (80.531%)  route 0.332ns (19.469%))
  Logic Levels:           1  (OBUF=1)
  Clock Uncertainty:      0.208ns  ((TSJ^2 + DJ^2)^1/2) / 2 + PE
    Total System Jitter     (TSJ):    0.050ns
    Discrete Jitter          (DJ):    0.159ns
    Phase Error              (PE):    0.125ns

    Location             Delay type                Incr(ns)  Path(ns)    Netlist Resource(s)
  -------------------------------------------------------------------    -------------------
                         (clock clk_pix_clk_wiz_0 rise edge)
                                                      0.000     0.000 r  
    W5                                                0.000     0.000 r  clk (IN)
                         net (fo=0)                   0.000     0.000    u_clk_wiz/inst/clk
    W5                   IBUF (Prop_ibuf_I_O)         0.226     0.226 r  u_clk_wiz/inst/clkin1_ibufg/O
                         net (fo=1, routed)           0.440     0.667    u_clk_wiz/inst/clk_clk_wiz_0
    MMCME2_ADV_X1Y0      MMCME2_ADV (Prop_mmcme2_adv_CLKIN1_CLKOUT1)
                                                     -2.360    -1.693 r  u_clk_wiz/inst/mmcm_adv_inst/CLKOUT1
                         net (fo=2, routed)           0.486    -1.207    u_clk_wiz/inst/clk_pix_clk_wiz_0
    BUFGCTRL_X0Y0        BUFGCTRL (Prop_bufgctrl_I0_O)
                                                      0.026    -1.181 r  u_clk_wiz/inst/clkout2_buf/O
                         net (fo=3196, routed)        0.592    -0.589    u_top_airhockey/u_draw_mouse/clk_pix
    SLICE_X5Y50          FDCE                                         r  u_top_airhockey/u_draw_mouse/vga_out\\.rgb_reg[7]/C
  -------------------------------------------------------------------    -------------------
    SLICE_X5Y50          FDCE (Prop_fdce_C_Q)         0.141    -0.448 r  u_top_airhockey/u_draw_mouse/vga_out\\.rgb_reg[7]/Q
                         net (fo=1, routed)           0.332    -0.116    vgaGreen_OBUF[3]
    D17                  OBUF (Prop_obuf_I_O)         1.231     1.115 r  vgaGreen_OBUF[3]_inst/O
                         net (fo=0)                   0.000     1.115    vgaGreen[3]
    D17                                                               r  vgaGreen[3] (OUT)
  -------------------------------------------------------------------    -------------------

Slack:                    inf
  Source:                 u_top_airhockey/u_draw_mouse/vga_out\\.rgb_reg[9]/C
                            (rising edge-triggered cell FDCE clocked by clk_pix_clk_wiz_0  {rise@0.000ns fall@7.692ns period=15.385ns})
  Destination:            vgaRed[1]
                            (output port)
  Path Group:             (none)
  Path Type:              Min at Fast Process Corner
  Data Path Delay:        1.838ns  (logic 1.421ns (77.339%)  route 0.416ns (22.661%))
  Logic Levels:           1  (OBUF=1)
  Clock Uncertainty:      0.208ns  ((TSJ^2 + DJ^2)^1/2) / 2 + PE
    Total System Jitter     (TSJ):    0.050ns
    Discrete Jitter          (DJ):    0.159ns
    Phase Error              (PE):    0.125ns

    Location             Delay type                Incr(ns)  Path(ns)    Netlist Resource(s)
  -------------------------------------------------------------------    -------------------
                         (clock clk_pix_clk_wiz_0 rise edge)
                                                      0.000     0.000 r  
    W5                                                0.000     0.000 r  clk (IN)
                         net (fo=0)                   0.000     0.000    u_clk_wiz/inst/clk
    W5                   IBUF (Prop_ibuf_I_O)         0.226     0.226 r  u_clk_wiz/inst/clkin1_ibufg/O
                         net (fo=1, routed)           0.440     0.667    u_clk_wiz/inst/clk_clk_wiz_0
    MMCME2_ADV_X1Y0      MMCME2_ADV (Prop_mmcme2_adv_CLKIN1_CLKOUT1)
                                                     -2.360    -1.693 r  u_clk_wiz/inst/mmcm_adv_inst/CLKOUT1
                         net (fo=2, routed)           0.486    -1.207    u_clk_wiz/inst/clk_pix_clk_wiz_0
    BUFGCTRL_X0Y0        BUFGCTRL (Prop_bufgctrl_I0_O)
                                                      0.026    -1.181 r  u_clk_wiz/inst/clkout2_buf/O
                         net (fo=3196, routed)        0.596    -0.585    u_top_airhockey/u_draw_mouse/clk_pix
    SLICE_X2Y48          FDCE                                         r  u_top_airhockey/u_draw_mouse/vga_out\\.rgb_reg[9]/C
  -------------------------------------------------------------------    -------------------
    SLICE_X2Y48          FDCE (Prop_fdce_C_Q)         0.148    -0.437 r  u_top_airhockey/u_draw_mouse/vga_out\\.rgb_reg[9]/Q
                         net (fo=1, routed)           0.416    -0.021    vgaRed_OBUF[1]
    H19                  OBUF (Prop_obuf_I_O)         1.273     1.252 r  vgaRed_OBUF[1]_inst/O
                         net (fo=0)                   0.000     1.252    vgaRed[1]
    H19                                                               r  vgaRed[1] (OUT)
  -------------------------------------------------------------------    -------------------

Slack:                    inf
  Source:                 u_top_airhockey/u_draw_mouse/vga_out\\.rgb_reg[6]/C
                            (rising edge-triggered cell FDCE clocked by clk_pix_clk_wiz_0  {rise@0.000ns fall@7.692ns period=15.385ns})
  Destination:            vgaGreen[2]
                            (output port)
  Path Group:             (none)
  Path Type:              Min at Fast Process Corner
  Data Path Delay:        1.840ns  (logic 1.371ns (74.528%)  route 0.469ns (25.472%))
  Logic Levels:           1  (OBUF=1)
  Clock Uncertainty:      0.208ns  ((TSJ^2 + DJ^2)^1/2) / 2 + PE
    Total System Jitter     (TSJ):    0.050ns
    Discrete Jitter          (DJ):    0.159ns
    Phase Error              (PE):    0.125ns

    Location             Delay type                Incr(ns)  Path(ns)    Netlist Resource(s)
  -------------------------------------------------------------------    -------------------
                         (clock clk_pix_clk_wiz_0 rise edge)
                                                      0.000     0.000 r  
    W5                                                0.000     0.000 r  clk (IN)
                         net (fo=0)                   0.000     0.000    u_clk_wiz/inst/clk
    W5                   IBUF (Prop_ibuf_I_O)         0.226     0.226 r  u_clk_wiz/inst/clkin1_ibufg/O
                         net (fo=1, routed)           0.440     0.667    u_clk_wiz/inst/clk_clk_wiz_0
    MMCME2_ADV_X1Y0      MMCME2_ADV (Prop_mmcme2_adv_CLKIN1_CLKOUT1)
                                                     -2.360    -1.693 r  u_clk_wiz/inst/mmcm_adv_inst/CLKOUT1
                         net (fo=2, routed)           0.486    -1.207    u_clk_wiz/inst/clk_pix_clk_wiz_0
    BUFGCTRL_X0Y0        BUFGCTRL (Prop_bufgctrl_I0_O)
                                                      0.026    -1.181 r  u_clk_wiz/inst/clkout2_buf/O
                         net (fo=3196, routed)        0.595    -0.586    u_top_airhockey/u_draw_mouse/clk_pix
    SLICE_X3Y46          FDCE                                         r  u_top_airhockey/u_draw_mouse/vga_out\\.rgb_reg[6]/C
  -------------------------------------------------------------------    -------------------
    SLICE_X3Y46          FDCE (Prop_fdce_C_Q)         0.141    -0.445 r  u_top_airhockey/u_draw_mouse/vga_out\\.rgb_reg[6]/Q
                         net (fo=1, routed)           0.469     0.023    vgaGreen_OBUF[2]
    G17                  OBUF (Prop_obuf_I_O)         1.230     1.253 r  vgaGreen_OBUF[2]_inst/O
                         net (fo=0)                   0.000     1.253    vgaGreen[2]
    G17                                                               r  vgaGreen[2] (OUT)
  -------------------------------------------------------------------    -------------------

Slack:                    inf
  Source:                 u_top_airhockey/u_draw_mouse/vga_out\\.rgb_reg[8]/C
                            (rising edge-triggered cell FDCE clocked by clk_pix_clk_wiz_0  {rise@0.000ns fall@7.692ns period=15.385ns})
  Destination:            vgaRed[0]
                            (output port)
  Path Group:             (none)
  Path Type:              Min at Fast Process Corner
  Data Path Delay:        1.840ns  (logic 1.426ns (77.477%)  route 0.414ns (22.523%))
  Logic Levels:           1  (OBUF=1)
  Clock Uncertainty:      0.208ns  ((TSJ^2 + DJ^2)^1/2) / 2 + PE
    Total System Jitter     (TSJ):    0.050ns
    Discrete Jitter          (DJ):    0.159ns
    Phase Error              (PE):    0.125ns

    Location             Delay type                Incr(ns)  Path(ns)    Netlist Resource(s)
  -------------------------------------------------------------------    -------------------
                         (clock clk_pix_clk_wiz_0 rise edge)
                                                      0.000     0.000 r  
    W5                                                0.000     0.000 r  clk (IN)
                         net (fo=0)                   0.000     0.000    u_clk_wiz/inst/clk
    W5                   IBUF (Prop_ibuf_I_O)         0.226     0.226 r  u_clk_wiz/inst/clkin1_ibufg/O
                         net (fo=1, routed)           0.440     0.667    u_clk_wiz/inst/clk_clk_wiz_0
    MMCME2_ADV_X1Y0      MMCME2_ADV (Prop_mmcme2_adv_CLKIN1_CLKOUT1)
                                                     -2.360    -1.693 r  u_clk_wiz/inst/mmcm_adv_inst/CLKOUT1
                         net (fo=2, routed)           0.486    -1.207    u_clk_wiz/inst/clk_pix_clk_wiz_0
    BUFGCTRL_X0Y0        BUFGCTRL (Prop_bufgctrl_I0_O)
                                                      0.026    -1.181 r  u_clk_wiz/inst/clkout2_buf/O
                         net (fo=3196, routed)        0.596    -0.585    u_top_airhockey/u_draw_mouse/clk_pix
    SLICE_X2Y48          FDCE                                         r  u_top_airhockey/u_draw_mouse/vga_out\\.rgb_reg[8]/C
  -------------------------------------------------------------------    -------------------
    SLICE_X2Y48          FDCE (Prop_fdce_C_Q)         0.148    -0.437 r  u_top_airhockey/u_draw_mouse/vga_out\\.rgb_reg[8]/Q
                         net (fo=1, routed)           0.414    -0.023    vgaRed_OBUF[0]
    G19                  OBUF (Prop_obuf_I_O)         1.278     1.255 r  vgaRed_OBUF[0]_inst/O
                         net (fo=0)                   0.000     1.255    vgaRed[0]
    G19                                                               r  vgaRed[0] (OUT)
  -------------------------------------------------------------------    -------------------

Slack:                    inf
  Source:                 u_top_airhockey/u_draw_mouse/vga_out\\.rgb_reg[1]/C
                            (rising edge-triggered cell FDCE clocked by clk_pix_clk_wiz_0  {rise@0.000ns fall@7.692ns period=15.385ns})
  Destination:            vgaBlue[1]
                            (output port)
  Path Group:             (none)
  Path Type:              Min at Fast Process Corner
  Data Path Delay:        1.844ns  (logic 1.346ns (72.985%)  route 0.498ns (27.015%))
  Logic Levels:           1  (OBUF=1)
  Clock Uncertainty:      0.208ns  ((TSJ^2 + DJ^2)^1/2) / 2 + PE
    Total System Jitter     (TSJ):    0.050ns
    Discrete Jitter          (DJ):    0.159ns
    Phase Error              (PE):    0.125ns

    Location             Delay type                Incr(ns)  Path(ns)    Netlist Resource(s)
  -------------------------------------------------------------------    -------------------
                         (clock clk_pix_clk_wiz_0 rise edge)
                                                      0.000     0.000 r  
    W5                                                0.000     0.000 r  clk (IN)
                         net (fo=0)                   0.000     0.000    u_clk_wiz/inst/clk
    W5                   IBUF (Prop_ibuf_I_O)         0.226     0.226 r  u_clk_wiz/inst/clkin1_ibufg/O
                         net (fo=1, routed)           0.440     0.667    u_clk_wiz/inst/clk_clk_wiz_0
    MMCME2_ADV_X1Y0      MMCME2_ADV (Prop_mmcme2_adv_CLKIN1_CLKOUT1)
                                                     -2.360    -1.693 r  u_clk_wiz/inst/mmcm_adv_inst/CLKOUT1
                         net (fo=2, routed)           0.486    -1.207    u_clk_wiz/inst/clk_pix_clk_wiz_0
    BUFGCTRL_X0Y0        BUFGCTRL (Prop_bufgctrl_I0_O)
                                                      0.026    -1.181 r  u_clk_wiz/inst/clkout2_buf/O
                         net (fo=3196, routed)        0.595    -0.586    u_top_airhockey/u_draw_mouse/clk_pix
    SLICE_X3Y46          FDCE                                         r  u_top_airhockey/u_draw_mouse/vga_out\\.rgb_reg[1]/C
  -------------------------------------------------------------------    -------------------
    SLICE_X3Y46          FDCE (Prop_fdce_C_Q)         0.141    -0.445 r  u_top_airhockey/u_draw_mouse/vga_out\\.rgb_reg[1]/Q
                         net (fo=1, routed)           0.498     0.053    vgaBlue_OBUF[1]
    L18                  OBUF (Prop_obuf_I_O)         1.205     1.257 r  vgaBlue_OBUF[1]_inst/O
                         net (fo=0)                   0.000     1.257    vgaBlue[1]
    L18                                                               r  vgaBlue[1] (OUT)
  -------------------------------------------------------------------    -------------------

Slack:                    inf
  Source:                 u_top_airhockey/u_draw_mouse/vga_out\\.rgb_reg[3]/C
                            (rising edge-triggered cell FDCE clocked by clk_pix_clk_wiz_0  {rise@0.000ns fall@7.692ns period=15.385ns})
  Destination:            vgaBlue[3]
                            (output port)
  Path Group:             (none)
  Path Type:              Min at Fast Process Corner
  Data Path Delay:        1.851ns  (logic 1.367ns (73.837%)  route 0.484ns (26.163%))
  Logic Levels:           1  (OBUF=1)
  Clock Uncertainty:      0.208ns  ((TSJ^2 + DJ^2)^1/2) / 2 + PE
    Total System Jitter     (TSJ):    0.050ns
    Discrete Jitter          (DJ):    0.159ns
    Phase Error              (PE):    0.125ns

    Location             Delay type                Incr(ns)  Path(ns)    Netlist Resource(s)
  -------------------------------------------------------------------    -------------------
                         (clock clk_pix_clk_wiz_0 rise edge)
                                                      0.000     0.000 r  
    W5                                                0.000     0.000 r  clk (IN)
                         net (fo=0)                   0.000     0.000    u_clk_wiz/inst/clk
    W5                   IBUF (Prop_ibuf_I_O)         0.226     0.226 r  u_clk_wiz/inst/clkin1_ibufg/O
                         net (fo=1, routed)           0.440     0.667    u_clk_wiz/inst/clk_clk_wiz_0
    MMCME2_ADV_X1Y0      MMCME2_ADV (Prop_mmcme2_adv_CLKIN1_CLKOUT1)
                                                     -2.360    -1.693 r  u_clk_wiz/inst/mmcm_adv_inst/CLKOUT1
                         net (fo=2, routed)           0.486    -1.207    u_clk_wiz/inst/clk_pix_clk_wiz_0
    BUFGCTRL_X0Y0        BUFGCTRL (Prop_bufgctrl_I0_O)
                                                      0.026    -1.181 r  u_clk_wiz/inst/clkout2_buf/O
                         net (fo=3196, routed)        0.595    -0.586    u_top_airhockey/u_draw_mouse/clk_pix
    SLICE_X3Y46          FDCE                                         r  u_top_airhockey/u_draw_mouse/vga_out\\.rgb_reg[3]/C
  -------------------------------------------------------------------    -------------------
    SLICE_X3Y46          FDCE (Prop_fdce_C_Q)         0.141    -0.445 r  u_top_airhockey/u_draw_mouse/vga_out\\.rgb_reg[3]/Q
                         net (fo=1, routed)           0.484     0.039    vgaBlue_OBUF[3]
    J18                  OBUF (Prop_obuf_I_O)         1.226     1.265 r  vgaBlue_OBUF[3]_inst/O
                         net (fo=0)                   0.000     1.265    vgaBlue[3]
    J18                                                               r  vgaBlue[3] (OUT)
  -------------------------------------------------------------------    -------------------

Slack:                    inf
  Source:                 u_top_airhockey/u_draw_mouse/vga_out\\.rgb_reg[5]/C
                            (rising edge-triggered cell FDCE clocked by clk_pix_clk_wiz_0  {rise@0.000ns fall@7.692ns period=15.385ns})
  Destination:            vgaGreen[1]
                            (output port)
  Path Group:             (none)
  Path Type:              Min at Fast Process Corner
  Data Path Delay:        1.863ns  (logic 1.371ns (73.581%)  route 0.492ns (26.419%))
  Logic Levels:           1  (OBUF=1)
  Clock Uncertainty:      0.208ns  ((TSJ^2 + DJ^2)^1/2) / 2 + PE
    Total System Jitter     (TSJ):    0.050ns
    Discrete Jitter          (DJ):    0.159ns
    Phase Error              (PE):    0.125ns

    Location             Delay type                Incr(ns)  Path(ns)    Netlist Resource(s)
  -------------------------------------------------------------------    -------------------
                         (clock clk_pix_clk_wiz_0 rise edge)
                                                      0.000     0.000 r  
    W5                                                0.000     0.000 r  clk (IN)
                         net (fo=0)                   0.000     0.000    u_clk_wiz/inst/clk
    W5                   IBUF (Prop_ibuf_I_O)         0.226     0.226 r  u_clk_wiz/inst/clkin1_ibufg/O
                         net (fo=1, routed)           0.440     0.667    u_clk_wiz/inst/clk_clk_wiz_0
    MMCME2_ADV_X1Y0      MMCME2_ADV (Prop_mmcme2_adv_CLKIN1_CLKOUT1)
                                                     -2.360    -1.693 r  u_clk_wiz/inst/mmcm_adv_inst/CLKOUT1
                         net (fo=2, routed)           0.486    -1.207    u_clk_wiz/inst/clk_pix_clk_wiz_0
    BUFGCTRL_X0Y0        BUFGCTRL (Prop_bufgctrl_I0_O)
                                                      0.026    -1.181 r  u_clk_wiz/inst/clkout2_buf/O
                         net (fo=3196, routed)        0.596    -0.585    u_top_airhockey/u_draw_mouse/clk_pix
    SLICE_X2Y48          FDCE                                         r  u_top_airhockey/u_draw_mouse/vga_out\\.rgb_reg[5]/C
  -------------------------------------------------------------------    -------------------
    SLICE_X2Y48          FDCE (Prop_fdce_C_Q)         0.164    -0.421 r  u_top_airhockey/u_draw_mouse/vga_out\\.rgb_reg[5]/Q
                         net (fo=1, routed)           0.492     0.071    vgaGreen_OBUF[1]
    H17                  OBUF (Prop_obuf_I_O)         1.207     1.277 r  vgaGreen_OBUF[1]_inst/O
                         net (fo=0)                   0.000     1.277    vgaGreen[1]
    H17                                                               r  vgaGreen[1] (OUT)
  -------------------------------------------------------------------    -------------------

Slack:                    inf
  Source:                 u_top_airhockey/u_draw_mouse/vga_out\\.rgb_reg[10]/C
                            (rising edge-triggered cell FDCE clocked by clk_pix_clk_wiz_0  {rise@0.000ns fall@7.692ns period=15.385ns})
  Destination:            vgaRed[2]
                            (output port)
  Path Group:             (none)
  Path Type:              Min at Fast Process Corner
  Data Path Delay:        1.878ns  (logic 1.389ns (73.942%)  route 0.489ns (26.058%))
  Logic Levels:           1  (OBUF=1)
  Clock Uncertainty:      0.208ns  ((TSJ^2 + DJ^2)^1/2) / 2 + PE
    Total System Jitter     (TSJ):    0.050ns
    Discrete Jitter          (DJ):    0.159ns
    Phase Error              (PE):    0.125ns

    Location             Delay type                Incr(ns)  Path(ns)    Netlist Resource(s)
  -------------------------------------------------------------------    -------------------
                         (clock clk_pix_clk_wiz_0 rise edge)
                                                      0.000     0.000 r  
    W5                                                0.000     0.000 r  clk (IN)
                         net (fo=0)                   0.000     0.000    u_clk_wiz/inst/clk
    W5                   IBUF (Prop_ibuf_I_O)         0.226     0.226 r  u_clk_wiz/inst/clkin1_ibufg/O
                         net (fo=1, routed)           0.440     0.667    u_clk_wiz/inst/clk_clk_wiz_0
    MMCME2_ADV_X1Y0      MMCME2_ADV (Prop_mmcme2_adv_CLKIN1_CLKOUT1)
                                                     -2.360    -1.693 r  u_clk_wiz/inst/mmcm_adv_inst/CLKOUT1
                         net (fo=2, routed)           0.486    -1.207    u_clk_wiz/inst/clk_pix_clk_wiz_0
    BUFGCTRL_X0Y0        BUFGCTRL (Prop_bufgctrl_I0_O)
                                                      0.026    -1.181 r  u_clk_wiz/inst/clkout2_buf/O
                         net (fo=3196, routed)        0.596    -0.585    u_top_airhockey/u_draw_mouse/clk_pix
    SLICE_X2Y48          FDCE                                         r  u_top_airhockey/u_draw_mouse/vga_out\\.rgb_reg[10]/C
  -------------------------------------------------------------------    -------------------
    SLICE_X2Y48          FDCE (Prop_fdce_C_Q)         0.164    -0.421 r  u_top_airhockey/u_draw_mouse/vga_out\\.rgb_reg[10]/Q
                         net (fo=1, routed)           0.489     0.068    vgaRed_OBUF[2]
    J19                  OBUF (Prop_obuf_I_O)         1.225     1.293 r  vgaRed_OBUF[2]_inst/O
                         net (fo=0)                   0.000     1.293    vgaRed[2]
    J19                                                               r  vgaRed[2] (OUT)
  -------------------------------------------------------------------    -------------------

Slack:                    inf
  Source:                 u_top_airhockey/u_draw_mouse/vga_out\\.rgb_reg[4]/C
                            (rising edge-triggered cell FDCE clocked by clk_pix_clk_wiz_0  {rise@0.000ns fall@7.692ns period=15.385ns})
  Destination:            vgaGreen[0]
                            (output port)
  Path Group:             (none)
  Path Type:              Min at Fast Process Corner
  Data Path Delay:        1.886ns  (logic 1.386ns (73.471%)  route 0.500ns (26.529%))
  Logic Levels:           1  (OBUF=1)
  Clock Uncertainty:      0.208ns  ((TSJ^2 + DJ^2)^1/2) / 2 + PE
    Total System Jitter     (TSJ):    0.050ns
    Discrete Jitter          (DJ):    0.159ns
    Phase Error              (PE):    0.125ns

    Location             Delay type                Incr(ns)  Path(ns)    Netlist Resource(s)
  -------------------------------------------------------------------    -------------------
                         (clock clk_pix_clk_wiz_0 rise edge)
                                                      0.000     0.000 r  
    W5                                                0.000     0.000 r  clk (IN)
                         net (fo=0)                   0.000     0.000    u_clk_wiz/inst/clk
    W5                   IBUF (Prop_ibuf_I_O)         0.226     0.226 r  u_clk_wiz/inst/clkin1_ibufg/O
                         net (fo=1, routed)           0.440     0.667    u_clk_wiz/inst/clk_clk_wiz_0
    MMCME2_ADV_X1Y0      MMCME2_ADV (Prop_mmcme2_adv_CLKIN1_CLKOUT1)
                                                     -2.360    -1.693 r  u_clk_wiz/inst/mmcm_adv_inst/CLKOUT1
                         net (fo=2, routed)           0.486    -1.207    u_clk_wiz/inst/clk_pix_clk_wiz_0
    BUFGCTRL_X0Y0        BUFGCTRL (Prop_bufgctrl_I0_O)
                                                      0.026    -1.181 r  u_clk_wiz/inst/clkout2_buf/O
                         net (fo=3196, routed)        0.596    -0.585    u_top_airhockey/u_draw_mouse/clk_pix
    SLICE_X2Y48          FDCE                                         r  u_top_airhockey/u_draw_mouse/vga_out\\.rgb_reg[4]/C
  -------------------------------------------------------------------    -------------------
    SLICE_X2Y48          FDCE (Prop_fdce_C_Q)         0.164    -0.421 r  u_top_airhockey/u_draw_mouse/vga_out\\.rgb_reg[4]/Q
                         net (fo=1, routed)           0.500     0.079    vgaGreen_OBUF[0]
    J17                  OBUF (Prop_obuf_I_O)         1.222     1.301 r  vgaGreen_OBUF[0]_inst/O
                         net (fo=0)                   0.000     1.301    vgaGreen[0]
    J17                                                               r  vgaGreen[0] (OUT)
  -------------------------------------------------------------------    -------------------





--------------------------------------------------------------------------------------
Path Group:  (none)
From Clock:  clkfbout_clk_wiz_0
  To Clock:  

Max Delay             1 Endpoint
Min Delay             1 Endpoint
--------------------------------------------------------------------------------------


Max Delay Paths
--------------------------------------------------------------------------------------
Slack:                    inf
  Source:                 u_clk_wiz/inst/mmcm_adv_inst/CLKFBOUT
                            (clock source 'clkfbout_clk_wiz_0'  {rise@0.000ns fall@5.000ns period=10.000ns})
  Destination:            u_clk_wiz/inst/mmcm_adv_inst/CLKFBIN
  Path Group:             (none)
  Path Type:              Max at Fast Process Corner
  Data Path Delay:        1.375ns  (logic 0.029ns (2.109%)  route 1.346ns (97.891%))
  Logic Levels:           1  (BUFG=1)
  Clock Uncertainty:      0.181ns  ((TSJ^2 + DJ^2)^1/2) / 2 + PE
    Total System Jitter     (TSJ):    0.050ns
    Discrete Jitter          (DJ):    0.102ns
    Phase Error              (PE):    0.125ns

    Location             Delay type                Incr(ns)  Path(ns)    Netlist Resource(s)
  -------------------------------------------------------------------    -------------------
                         (clock clkfbout_clk_wiz_0 fall edge)
                                                      5.000     5.000 f  
    W5                                                0.000     5.000 f  clk (IN)
                         net (fo=0)                   0.000     5.000    u_clk_wiz/inst/clk
    W5                   IBUF (Prop_ibuf_I_O)         0.414     5.414 f  u_clk_wiz/inst/clkin1_ibufg/O
                         net (fo=1, routed)           0.480     5.894    u_clk_wiz/inst/clk_clk_wiz_0
  -------------------------------------------------------------------    -------------------
    MMCME2_ADV_X1Y0      MMCME2_ADV (Prop_mmcme2_adv_CLKIN1_CLKFBOUT)
                                                     -3.142     2.752 f  u_clk_wiz/inst/mmcm_adv_inst/CLKFBOUT
                         net (fo=1, routed)           0.530     3.282    u_clk_wiz/inst/clkfbout_clk_wiz_0
    BUFGCTRL_X0Y2        BUFG (Prop_bufg_I_O)         0.029     3.311 f  u_clk_wiz/inst/clkf_buf/O
                         net (fo=1, routed)           0.817     4.127    u_clk_wiz/inst/clkfbout_buf_clk_wiz_0
    MMCME2_ADV_X1Y0      MMCME2_ADV                                   f  u_clk_wiz/inst/mmcm_adv_inst/CLKFBIN
  -------------------------------------------------------------------    -------------------





Min Delay Paths
--------------------------------------------------------------------------------------
Slack:                    inf
  Source:                 u_clk_wiz/inst/mmcm_adv_inst/CLKFBOUT
                            (clock source 'clkfbout_clk_wiz_0'  {rise@0.000ns fall@5.000ns period=10.000ns})
  Destination:            u_clk_wiz/inst/mmcm_adv_inst/CLKFBIN
  Path Group:             (none)
  Path Type:              Min at Slow Process Corner
  Data Path Delay:        3.129ns  (logic 0.091ns (2.908%)  route 3.038ns (97.092%))
  Logic Levels:           1  (BUFG=1)
  Clock Uncertainty:      0.181ns  ((TSJ^2 + DJ^2)^1/2) / 2 + PE
    Total System Jitter     (TSJ):    0.050ns
    Discrete Jitter          (DJ):    0.102ns
    Phase Error              (PE):    0.125ns

    Location             Delay type                Incr(ns)  Path(ns)    Netlist Resource(s)
  -------------------------------------------------------------------    -------------------
                         (clock clkfbout_clk_wiz_0 rise edge)
                                                      0.000     0.000 r  
    W5                                                0.000     0.000 r  clk (IN)
                         net (fo=0)                   0.000     0.000    u_clk_wiz/inst/clk
    W5                   IBUF (Prop_ibuf_I_O)         1.388     1.388 r  u_clk_wiz/inst/clkin1_ibufg/O
                         net (fo=1, routed)           1.162     2.550    u_clk_wiz/inst/clk_clk_wiz_0
  -------------------------------------------------------------------    -------------------
    MMCME2_ADV_X1Y0      MMCME2_ADV (Prop_mmcme2_adv_CLKIN1_CLKFBOUT)
                                                     -7.217    -4.668 r  u_clk_wiz/inst/mmcm_adv_inst/CLKFBOUT
                         net (fo=1, routed)           1.581    -3.086    u_clk_wiz/inst/clkfbout_clk_wiz_0
    BUFGCTRL_X0Y2        BUFG (Prop_bufg_I_O)         0.091    -2.995 r  u_clk_wiz/inst/clkf_buf/O
                         net (fo=1, routed)           1.457    -1.538    u_clk_wiz/inst/clkfbout_buf_clk_wiz_0
    MMCME2_ADV_X1Y0      MMCME2_ADV                                   r  u_clk_wiz/inst/mmcm_adv_inst/CLKFBIN
  -------------------------------------------------------------------    -------------------





--------------------------------------------------------------------------------------
Path Group:  (none)
From Clock:  
  To Clock:  clk100MHz_clk_wiz_0

Max Delay            14 Endpoints
Min Delay            14 Endpoints
--------------------------------------------------------------------------------------


Max Delay Paths
--------------------------------------------------------------------------------------
Slack:                    inf
  Source:                 PS2Data
                            (input port)
  Destination:            u_top_airhockey/u_mouse/Inst_Ps2Interface/data_count_reg[0]/D
                            (rising edge-triggered cell FDRE clocked by clk100MHz_clk_wiz_0  {rise@0.000ns fall@5.000ns period=10.000ns})
  Path Group:             (none)
  Path Type:              Setup (Max at Slow Process Corner)
  Data Path Delay:        5.640ns  (logic 1.576ns (27.944%)  route 4.064ns (72.056%))
  Logic Levels:           2  (IBUF=1 LUT6=1)
  Clock Path Skew:        -1.483ns (DCD - SCD + CPR)
    Destination Clock Delay (DCD):    -1.483ns
    Source Clock Delay      (SCD):    0.000ns
    Clock Pessimism Removal (CPR):    0.000ns

    Location             Delay type                Incr(ns)  Path(ns)    Netlist Resource(s)
  -------------------------------------------------------------------    -------------------
    B17                                               0.000     0.000 r  PS2Data (INOUT)
                         net (fo=1, unset)            0.000     0.000    PS2Data_IOBUF_inst/IO
    B17                  IBUF (Prop_ibuf_I_O)         1.452     1.452 r  PS2Data_IOBUF_inst/IBUF/O
                         net (fo=6, routed)           4.064     5.516    u_top_airhockey/u_mouse/Inst_Ps2Interface/PS2Data_IBUF
    SLICE_X1Y33          LUT6 (Prop_lut6_I1_O)        0.124     5.640 r  u_top_airhockey/u_mouse/Inst_Ps2Interface/data_count[0]_i_1/O
                         net (fo=1, routed)           0.000     5.640    u_top_airhockey/u_mouse/Inst_Ps2Interface/data_count[0]_i_1_n_0
    SLICE_X1Y33          FDRE                                         r  u_top_airhockey/u_mouse/Inst_Ps2Interface/data_count_reg[0]/D
  -------------------------------------------------------------------    -------------------

                         (clock clk100MHz_clk_wiz_0 rise edge)
                                                      0.000     0.000 r  
    W5                                                0.000     0.000 r  clk (IN)
                         net (fo=0)                   0.000     0.000    u_clk_wiz/inst/clk
    W5                   IBUF (Prop_ibuf_I_O)         1.388     1.388 r  u_clk_wiz/inst/clkin1_ibufg/O
                         net (fo=1, routed)           1.162     2.550    u_clk_wiz/inst/clk_clk_wiz_0
    MMCME2_ADV_X1Y0      MMCME2_ADV (Prop_mmcme2_adv_CLKIN1_CLKOUT0)
                                                     -7.217    -4.668 r  u_clk_wiz/inst/mmcm_adv_inst/CLKOUT0
                         net (fo=2, routed)           1.581    -3.086    u_clk_wiz/inst/clk100MHz_clk_wiz_0
    BUFGCTRL_X0Y1        BUFGCTRL (Prop_bufgctrl_I0_O)
                                                      0.091    -2.995 r  u_clk_wiz/inst/clkout1_buf/O
                         net (fo=268, routed)         1.512    -1.483    u_top_airhockey/u_mouse/Inst_Ps2Interface/CLK
    SLICE_X1Y33          FDRE                                         r  u_top_airhockey/u_mouse/Inst_Ps2Interface/data_count_reg[0]/C

Slack:                    inf
  Source:                 PS2Data
                            (input port)
  Destination:            u_top_airhockey/u_mouse/Inst_Ps2Interface/data_count_reg[1]/D
                            (rising edge-triggered cell FDRE clocked by clk100MHz_clk_wiz_0  {rise@0.000ns fall@5.000ns period=10.000ns})
  Path Group:             (none)
  Path Type:              Setup (Max at Slow Process Corner)
  Data Path Delay:        5.639ns  (logic 1.576ns (27.949%)  route 4.063ns (72.051%))
  Logic Levels:           2  (IBUF=1 LUT6=1)
  Clock Path Skew:        -1.483ns (DCD - SCD + CPR)
    Destination Clock Delay (DCD):    -1.483ns
    Source Clock Delay      (SCD):    0.000ns
    Clock Pessimism Removal (CPR):    0.000ns

    Location             Delay type                Incr(ns)  Path(ns)    Netlist Resource(s)
  -------------------------------------------------------------------    -------------------
    B17                                               0.000     0.000 r  PS2Data (INOUT)
                         net (fo=1, unset)            0.000     0.000    PS2Data_IOBUF_inst/IO
    B17                  IBUF (Prop_ibuf_I_O)         1.452     1.452 r  PS2Data_IOBUF_inst/IBUF/O
                         net (fo=6, routed)           4.063     5.515    u_top_airhockey/u_mouse/Inst_Ps2Interface/PS2Data_IBUF
    SLICE_X1Y33          LUT6 (Prop_lut6_I1_O)        0.124     5.639 r  u_top_airhockey/u_mouse/Inst_Ps2Interface/data_count[1]_i_1/O
                         net (fo=1, routed)           0.000     5.639    u_top_airhockey/u_mouse/Inst_Ps2Interface/data_count[1]_i_1_n_0
    SLICE_X1Y33          FDRE                                         r  u_top_airhockey/u_mouse/Inst_Ps2Interface/data_count_reg[1]/D
  -------------------------------------------------------------------    -------------------

                         (clock clk100MHz_clk_wiz_0 rise edge)
                                                      0.000     0.000 r  
    W5                                                0.000     0.000 r  clk (IN)
                         net (fo=0)                   0.000     0.000    u_clk_wiz/inst/clk
    W5                   IBUF (Prop_ibuf_I_O)         1.388     1.388 r  u_clk_wiz/inst/clkin1_ibufg/O
                         net (fo=1, routed)           1.162     2.550    u_clk_wiz/inst/clk_clk_wiz_0
    MMCME2_ADV_X1Y0      MMCME2_ADV (Prop_mmcme2_adv_CLKIN1_CLKOUT0)
                                                     -7.217    -4.668 r  u_clk_wiz/inst/mmcm_adv_inst/CLKOUT0
                         net (fo=2, routed)           1.581    -3.086    u_clk_wiz/inst/clk100MHz_clk_wiz_0
    BUFGCTRL_X0Y1        BUFGCTRL (Prop_bufgctrl_I0_O)
                                                      0.091    -2.995 r  u_clk_wiz/inst/clkout1_buf/O
                         net (fo=268, routed)         1.512    -1.483    u_top_airhockey/u_mouse/Inst_Ps2Interface/CLK
    SLICE_X1Y33          FDRE                                         r  u_top_airhockey/u_mouse/Inst_Ps2Interface/data_count_reg[1]/C

Slack:                    inf
  Source:                 PS2Data
                            (input port)
  Destination:            u_top_airhockey/u_mouse/Inst_Ps2Interface/ps2_data_clean_reg/D
                            (rising edge-triggered cell FDRE clocked by clk100MHz_clk_wiz_0  {rise@0.000ns fall@5.000ns period=10.000ns})
  Path Group:             (none)
  Path Type:              Setup (Max at Slow Process Corner)
  Data Path Delay:        5.525ns  (logic 1.700ns (30.770%)  route 3.825ns (69.230%))
  Logic Levels:           3  (IBUF=1 LUT3=1 LUT6=1)
  Clock Path Skew:        -1.483ns (DCD - SCD + CPR)
    Destination Clock Delay (DCD):    -1.483ns
    Source Clock Delay      (SCD):    0.000ns
    Clock Pessimism Removal (CPR):    0.000ns

    Location             Delay type                Incr(ns)  Path(ns)    Netlist Resource(s)
  -------------------------------------------------------------------    -------------------
    B17                                               0.000     0.000 r  PS2Data (INOUT)
                         net (fo=1, unset)            0.000     0.000    PS2Data_IOBUF_inst/IO
    B17                  IBUF (Prop_ibuf_I_O)         1.452     1.452 r  PS2Data_IOBUF_inst/IBUF/O
                         net (fo=6, routed)           3.562     5.014    u_top_airhockey/u_mouse/Inst_Ps2Interface/PS2Data_IBUF
    SLICE_X1Y33          LUT3 (Prop_lut3_I1_O)        0.124     5.138 r  u_top_airhockey/u_mouse/Inst_Ps2Interface/ps2_data_clean_i_2/O
                         net (fo=1, routed)           0.263     5.401    u_top_airhockey/u_mouse/Inst_Ps2Interface/ps2_data_clean_i_2_n_0
    SLICE_X1Y33          LUT6 (Prop_lut6_I4_O)        0.124     5.525 r  u_top_airhockey/u_mouse/Inst_Ps2Interface/ps2_data_clean_i_1/O
                         net (fo=1, routed)           0.000     5.525    u_top_airhockey/u_mouse/Inst_Ps2Interface/ps2_data_clean_i_1_n_0
    SLICE_X1Y33          FDRE                                         r  u_top_airhockey/u_mouse/Inst_Ps2Interface/ps2_data_clean_reg/D
  -------------------------------------------------------------------    -------------------

                         (clock clk100MHz_clk_wiz_0 rise edge)
                                                      0.000     0.000 r  
    W5                                                0.000     0.000 r  clk (IN)
                         net (fo=0)                   0.000     0.000    u_clk_wiz/inst/clk
    W5                   IBUF (Prop_ibuf_I_O)         1.388     1.388 r  u_clk_wiz/inst/clkin1_ibufg/O
                         net (fo=1, routed)           1.162     2.550    u_clk_wiz/inst/clk_clk_wiz_0
    MMCME2_ADV_X1Y0      MMCME2_ADV (Prop_mmcme2_adv_CLKIN1_CLKOUT0)
                                                     -7.217    -4.668 r  u_clk_wiz/inst/mmcm_adv_inst/CLKOUT0
                         net (fo=2, routed)           1.581    -3.086    u_clk_wiz/inst/clk100MHz_clk_wiz_0
    BUFGCTRL_X0Y1        BUFGCTRL (Prop_bufgctrl_I0_O)
                                                      0.091    -2.995 r  u_clk_wiz/inst/clkout1_buf/O
                         net (fo=268, routed)         1.512    -1.483    u_top_airhockey/u_mouse/Inst_Ps2Interface/CLK
    SLICE_X1Y33          FDRE                                         r  u_top_airhockey/u_mouse/Inst_Ps2Interface/ps2_data_clean_reg/C

Slack:                    inf
  Source:                 PS2Data
                            (input port)
  Destination:            u_top_airhockey/u_mouse/Inst_Ps2Interface/data_count_reg[2]/D
                            (rising edge-triggered cell FDRE clocked by clk100MHz_clk_wiz_0  {rise@0.000ns fall@5.000ns period=10.000ns})
  Path Group:             (none)
  Path Type:              Setup (Max at Slow Process Corner)
  Data Path Delay:        5.428ns  (logic 1.576ns (29.035%)  route 3.852ns (70.965%))
  Logic Levels:           2  (IBUF=1 LUT6=1)
  Clock Path Skew:        -1.483ns (DCD - SCD + CPR)
    Destination Clock Delay (DCD):    -1.483ns
    Source Clock Delay      (SCD):    0.000ns
    Clock Pessimism Removal (CPR):    0.000ns

    Location             Delay type                Incr(ns)  Path(ns)    Netlist Resource(s)
  -------------------------------------------------------------------    -------------------
    B17                                               0.000     0.000 r  PS2Data (INOUT)
                         net (fo=1, unset)            0.000     0.000    PS2Data_IOBUF_inst/IO
    B17                  IBUF (Prop_ibuf_I_O)         1.452     1.452 r  PS2Data_IOBUF_inst/IBUF/O
                         net (fo=6, routed)           3.852     5.304    u_top_airhockey/u_mouse/Inst_Ps2Interface/PS2Data_IBUF
    SLICE_X0Y33          LUT6 (Prop_lut6_I1_O)        0.124     5.428 r  u_top_airhockey/u_mouse/Inst_Ps2Interface/data_count[2]_i_1/O
                         net (fo=1, routed)           0.000     5.428    u_top_airhockey/u_mouse/Inst_Ps2Interface/data_count[2]_i_1_n_0
    SLICE_X0Y33          FDRE                                         r  u_top_airhockey/u_mouse/Inst_Ps2Interface/data_count_reg[2]/D
  -------------------------------------------------------------------    -------------------

                         (clock clk100MHz_clk_wiz_0 rise edge)
                                                      0.000     0.000 r  
    W5                                                0.000     0.000 r  clk (IN)
                         net (fo=0)                   0.000     0.000    u_clk_wiz/inst/clk
    W5                   IBUF (Prop_ibuf_I_O)         1.388     1.388 r  u_clk_wiz/inst/clkin1_ibufg/O
                         net (fo=1, routed)           1.162     2.550    u_clk_wiz/inst/clk_clk_wiz_0
    MMCME2_ADV_X1Y0      MMCME2_ADV (Prop_mmcme2_adv_CLKIN1_CLKOUT0)
                                                     -7.217    -4.668 r  u_clk_wiz/inst/mmcm_adv_inst/CLKOUT0
                         net (fo=2, routed)           1.581    -3.086    u_clk_wiz/inst/clk100MHz_clk_wiz_0
    BUFGCTRL_X0Y1        BUFGCTRL (Prop_bufgctrl_I0_O)
                                                      0.091    -2.995 r  u_clk_wiz/inst/clkout1_buf/O
                         net (fo=268, routed)         1.512    -1.483    u_top_airhockey/u_mouse/Inst_Ps2Interface/CLK
    SLICE_X0Y33          FDRE                                         r  u_top_airhockey/u_mouse/Inst_Ps2Interface/data_count_reg[2]/C

Slack:                    inf
  Source:                 PS2Data
                            (input port)
  Destination:            u_top_airhockey/u_mouse/Inst_Ps2Interface/data_count_reg[3]/D
                            (rising edge-triggered cell FDRE clocked by clk100MHz_clk_wiz_0  {rise@0.000ns fall@5.000ns period=10.000ns})
  Path Group:             (none)
  Path Type:              Setup (Max at Slow Process Corner)
  Data Path Delay:        5.417ns  (logic 1.576ns (29.095%)  route 3.841ns (70.905%))
  Logic Levels:           2  (IBUF=1 LUT6=1)
  Clock Path Skew:        -1.483ns (DCD - SCD + CPR)
    Destination Clock Delay (DCD):    -1.483ns
    Source Clock Delay      (SCD):    0.000ns
    Clock Pessimism Removal (CPR):    0.000ns

    Location             Delay type                Incr(ns)  Path(ns)    Netlist Resource(s)
  -------------------------------------------------------------------    -------------------
    B17                                               0.000     0.000 r  PS2Data (INOUT)
                         net (fo=1, unset)            0.000     0.000    PS2Data_IOBUF_inst/IO
    B17                  IBUF (Prop_ibuf_I_O)         1.452     1.452 r  PS2Data_IOBUF_inst/IBUF/O
                         net (fo=6, routed)           3.841     5.293    u_top_airhockey/u_mouse/Inst_Ps2Interface/PS2Data_IBUF
    SLICE_X0Y33          LUT6 (Prop_lut6_I1_O)        0.124     5.417 r  u_top_airhockey/u_mouse/Inst_Ps2Interface/data_count[3]_i_1/O
                         net (fo=1, routed)           0.000     5.417    u_top_airhockey/u_mouse/Inst_Ps2Interface/data_count[3]_i_1_n_0
    SLICE_X0Y33          FDRE                                         r  u_top_airhockey/u_mouse/Inst_Ps2Interface/data_count_reg[3]/D
  -------------------------------------------------------------------    -------------------

                         (clock clk100MHz_clk_wiz_0 rise edge)
                                                      0.000     0.000 r  
    W5                                                0.000     0.000 r  clk (IN)
                         net (fo=0)                   0.000     0.000    u_clk_wiz/inst/clk
    W5                   IBUF (Prop_ibuf_I_O)         1.388     1.388 r  u_clk_wiz/inst/clkin1_ibufg/O
                         net (fo=1, routed)           1.162     2.550    u_clk_wiz/inst/clk_clk_wiz_0
    MMCME2_ADV_X1Y0      MMCME2_ADV (Prop_mmcme2_adv_CLKIN1_CLKOUT0)
                                                     -7.217    -4.668 r  u_clk_wiz/inst/mmcm_adv_inst/CLKOUT0
                         net (fo=2, routed)           1.581    -3.086    u_clk_wiz/inst/clk100MHz_clk_wiz_0
    BUFGCTRL_X0Y1        BUFGCTRL (Prop_bufgctrl_I0_O)
                                                      0.091    -2.995 r  u_clk_wiz/inst/clkout1_buf/O
                         net (fo=268, routed)         1.512    -1.483    u_top_airhockey/u_mouse/Inst_Ps2Interface/CLK
    SLICE_X0Y33          FDRE                                         r  u_top_airhockey/u_mouse/Inst_Ps2Interface/data_count_reg[3]/C

Slack:                    inf
  Source:                 PS2Clk
                            (input port)
  Destination:            u_top_airhockey/u_mouse/Inst_Ps2Interface/ps2_clk_clean_reg/D
                            (rising edge-triggered cell FDRE clocked by clk100MHz_clk_wiz_0  {rise@0.000ns fall@5.000ns period=10.000ns})
  Path Group:             (none)
  Path Type:              Setup (Max at Slow Process Corner)
  Data Path Delay:        5.403ns  (logic 1.696ns (31.396%)  route 3.707ns (68.604%))
  Logic Levels:           3  (IBUF=1 LUT3=1 LUT6=1)
  Clock Path Skew:        -1.476ns (DCD - SCD + CPR)
    Destination Clock Delay (DCD):    -1.476ns
    Source Clock Delay      (SCD):    0.000ns
    Clock Pessimism Removal (CPR):    0.000ns

    Location             Delay type                Incr(ns)  Path(ns)    Netlist Resource(s)
  -------------------------------------------------------------------    -------------------
    C17                                               0.000     0.000 r  PS2Clk (INOUT)
                         net (fo=1, unset)            0.000     0.000    PS2Clk_IOBUF_inst/IO
    C17                  IBUF (Prop_ibuf_I_O)         1.448     1.448 r  PS2Clk_IOBUF_inst/IBUF/O
                         net (fo=6, routed)           3.427     4.876    u_top_airhockey/u_mouse/Inst_Ps2Interface/PS2Clk_IBUF
    SLICE_X0Y44          LUT3 (Prop_lut3_I1_O)        0.124     5.000 r  u_top_airhockey/u_mouse/Inst_Ps2Interface/ps2_clk_clean_i_2/O
                         net (fo=1, routed)           0.280     5.279    u_top_airhockey/u_mouse/Inst_Ps2Interface/ps2_clk_clean_i_2_n_0
    SLICE_X0Y44          LUT6 (Prop_lut6_I4_O)        0.124     5.403 r  u_top_airhockey/u_mouse/Inst_Ps2Interface/ps2_clk_clean_i_1/O
                         net (fo=1, routed)           0.000     5.403    u_top_airhockey/u_mouse/Inst_Ps2Interface/ps2_clk_clean_i_1_n_0
    SLICE_X0Y44          FDRE                                         r  u_top_airhockey/u_mouse/Inst_Ps2Interface/ps2_clk_clean_reg/D
  -------------------------------------------------------------------    -------------------

                         (clock clk100MHz_clk_wiz_0 rise edge)
                                                      0.000     0.000 r  
    W5                                                0.000     0.000 r  clk (IN)
                         net (fo=0)                   0.000     0.000    u_clk_wiz/inst/clk
    W5                   IBUF (Prop_ibuf_I_O)         1.388     1.388 r  u_clk_wiz/inst/clkin1_ibufg/O
                         net (fo=1, routed)           1.162     2.550    u_clk_wiz/inst/clk_clk_wiz_0
    MMCME2_ADV_X1Y0      MMCME2_ADV (Prop_mmcme2_adv_CLKIN1_CLKOUT0)
                                                     -7.217    -4.668 r  u_clk_wiz/inst/mmcm_adv_inst/CLKOUT0
                         net (fo=2, routed)           1.581    -3.086    u_clk_wiz/inst/clk100MHz_clk_wiz_0
    BUFGCTRL_X0Y1        BUFGCTRL (Prop_bufgctrl_I0_O)
                                                      0.091    -2.995 r  u_clk_wiz/inst/clkout1_buf/O
                         net (fo=268, routed)         1.519    -1.476    u_top_airhockey/u_mouse/Inst_Ps2Interface/CLK
    SLICE_X0Y44          FDRE                                         r  u_top_airhockey/u_mouse/Inst_Ps2Interface/ps2_clk_clean_reg/C

Slack:                    inf
  Source:                 PS2Data
                            (input port)
  Destination:            u_top_airhockey/u_mouse/Inst_Ps2Interface/data_inter_reg/D
                            (rising edge-triggered cell FDRE clocked by clk100MHz_clk_wiz_0  {rise@0.000ns fall@5.000ns period=10.000ns})
  Path Group:             (none)
  Path Type:              Setup (Max at Slow Process Corner)
  Data Path Delay:        5.245ns  (logic 1.452ns (27.684%)  route 3.793ns (72.316%))
  Logic Levels:           1  (IBUF=1)
  Clock Path Skew:        -1.483ns (DCD - SCD + CPR)
    Destination Clock Delay (DCD):    -1.483ns
    Source Clock Delay      (SCD):    0.000ns
    Clock Pessimism Removal (CPR):    0.000ns

    Location             Delay type                Incr(ns)  Path(ns)    Netlist Resource(s)
  -------------------------------------------------------------------    -------------------
    B17                                               0.000     0.000 r  PS2Data (INOUT)
                         net (fo=1, unset)            0.000     0.000    PS2Data_IOBUF_inst/IO
    B17                  IBUF (Prop_ibuf_I_O)         1.452     1.452 r  PS2Data_IOBUF_inst/IBUF/O
                         net (fo=6, routed)           3.793     5.245    u_top_airhockey/u_mouse/Inst_Ps2Interface/PS2Data_IBUF
    SLICE_X0Y33          FDRE                                         r  u_top_airhockey/u_mouse/Inst_Ps2Interface/data_inter_reg/D
  -------------------------------------------------------------------    -------------------

                         (clock clk100MHz_clk_wiz_0 rise edge)
                                                      0.000     0.000 r  
    W5                                                0.000     0.000 r  clk (IN)
                         net (fo=0)                   0.000     0.000    u_clk_wiz/inst/clk
    W5                   IBUF (Prop_ibuf_I_O)         1.388     1.388 r  u_clk_wiz/inst/clkin1_ibufg/O
                         net (fo=1, routed)           1.162     2.550    u_clk_wiz/inst/clk_clk_wiz_0
    MMCME2_ADV_X1Y0      MMCME2_ADV (Prop_mmcme2_adv_CLKIN1_CLKOUT0)
                                                     -7.217    -4.668 r  u_clk_wiz/inst/mmcm_adv_inst/CLKOUT0
                         net (fo=2, routed)           1.581    -3.086    u_clk_wiz/inst/clk100MHz_clk_wiz_0
    BUFGCTRL_X0Y1        BUFGCTRL (Prop_bufgctrl_I0_O)
                                                      0.091    -2.995 r  u_clk_wiz/inst/clkout1_buf/O
                         net (fo=268, routed)         1.512    -1.483    u_top_airhockey/u_mouse/Inst_Ps2Interface/CLK
    SLICE_X0Y33          FDRE                                         r  u_top_airhockey/u_mouse/Inst_Ps2Interface/data_inter_reg/C

Slack:                    inf
  Source:                 PS2Clk
                            (input port)
  Destination:            u_top_airhockey/u_mouse/Inst_Ps2Interface/clk_count_reg[1]/D
                            (rising edge-triggered cell FDRE clocked by clk100MHz_clk_wiz_0  {rise@0.000ns fall@5.000ns period=10.000ns})
  Path Group:             (none)
  Path Type:              Setup (Max at Slow Process Corner)
  Data Path Delay:        4.985ns  (logic 1.572ns (31.544%)  route 3.412ns (68.456%))
  Logic Levels:           2  (IBUF=1 LUT6=1)
  Clock Path Skew:        -1.476ns (DCD - SCD + CPR)
    Destination Clock Delay (DCD):    -1.476ns
    Source Clock Delay      (SCD):    0.000ns
    Clock Pessimism Removal (CPR):    0.000ns

    Location             Delay type                Incr(ns)  Path(ns)    Netlist Resource(s)
  -------------------------------------------------------------------    -------------------
    C17                                               0.000     0.000 r  PS2Clk (INOUT)
                         net (fo=1, unset)            0.000     0.000    PS2Clk_IOBUF_inst/IO
    C17                  IBUF (Prop_ibuf_I_O)         1.448     1.448 r  PS2Clk_IOBUF_inst/IBUF/O
                         net (fo=6, routed)           3.412     4.861    u_top_airhockey/u_mouse/Inst_Ps2Interface/PS2Clk_IBUF
    SLICE_X0Y44          LUT6 (Prop_lut6_I1_O)        0.124     4.985 r  u_top_airhockey/u_mouse/Inst_Ps2Interface/clk_count[1]_i_1/O
                         net (fo=1, routed)           0.000     4.985    u_top_airhockey/u_mouse/Inst_Ps2Interface/clk_count[1]_i_1_n_0
    SLICE_X0Y44          FDRE                                         r  u_top_airhockey/u_mouse/Inst_Ps2Interface/clk_count_reg[1]/D
  -------------------------------------------------------------------    -------------------

                         (clock clk100MHz_clk_wiz_0 rise edge)
                                                      0.000     0.000 r  
    W5                                                0.000     0.000 r  clk (IN)
                         net (fo=0)                   0.000     0.000    u_clk_wiz/inst/clk
    W5                   IBUF (Prop_ibuf_I_O)         1.388     1.388 r  u_clk_wiz/inst/clkin1_ibufg/O
                         net (fo=1, routed)           1.162     2.550    u_clk_wiz/inst/clk_clk_wiz_0
    MMCME2_ADV_X1Y0      MMCME2_ADV (Prop_mmcme2_adv_CLKIN1_CLKOUT0)
                                                     -7.217    -4.668 r  u_clk_wiz/inst/mmcm_adv_inst/CLKOUT0
                         net (fo=2, routed)           1.581    -3.086    u_clk_wiz/inst/clk100MHz_clk_wiz_0
    BUFGCTRL_X0Y1        BUFGCTRL (Prop_bufgctrl_I0_O)
                                                      0.091    -2.995 r  u_clk_wiz/inst/clkout1_buf/O
                         net (fo=268, routed)         1.519    -1.476    u_top_airhockey/u_mouse/Inst_Ps2Interface/CLK
    SLICE_X0Y44          FDRE                                         r  u_top_airhockey/u_mouse/Inst_Ps2Interface/clk_count_reg[1]/C

Slack:                    inf
  Source:                 PS2Clk
                            (input port)
  Destination:            u_top_airhockey/u_mouse/Inst_Ps2Interface/clk_count_reg[2]/D
                            (rising edge-triggered cell FDRE clocked by clk100MHz_clk_wiz_0  {rise@0.000ns fall@5.000ns period=10.000ns})
  Path Group:             (none)
  Path Type:              Setup (Max at Slow Process Corner)
  Data Path Delay:        4.677ns  (logic 1.572ns (33.622%)  route 3.104ns (66.378%))
  Logic Levels:           2  (IBUF=1 LUT6=1)
  Clock Path Skew:        -1.476ns (DCD - SCD + CPR)
    Destination Clock Delay (DCD):    -1.476ns
    Source Clock Delay      (SCD):    0.000ns
    Clock Pessimism Removal (CPR):    0.000ns

    Location             Delay type                Incr(ns)  Path(ns)    Netlist Resource(s)
  -------------------------------------------------------------------    -------------------
    C17                                               0.000     0.000 r  PS2Clk (INOUT)
                         net (fo=1, unset)            0.000     0.000    PS2Clk_IOBUF_inst/IO
    C17                  IBUF (Prop_ibuf_I_O)         1.448     1.448 r  PS2Clk_IOBUF_inst/IBUF/O
                         net (fo=6, routed)           3.104     4.553    u_top_airhockey/u_mouse/Inst_Ps2Interface/PS2Clk_IBUF
    SLICE_X0Y44          LUT6 (Prop_lut6_I1_O)        0.124     4.677 r  u_top_airhockey/u_mouse/Inst_Ps2Interface/clk_count[2]_i_1/O
                         net (fo=1, routed)           0.000     4.677    u_top_airhockey/u_mouse/Inst_Ps2Interface/clk_count[2]_i_1_n_0
    SLICE_X0Y44          FDRE                                         r  u_top_airhockey/u_mouse/Inst_Ps2Interface/clk_count_reg[2]/D
  -------------------------------------------------------------------    -------------------

                         (clock clk100MHz_clk_wiz_0 rise edge)
                                                      0.000     0.000 r  
    W5                                                0.000     0.000 r  clk (IN)
                         net (fo=0)                   0.000     0.000    u_clk_wiz/inst/clk
    W5                   IBUF (Prop_ibuf_I_O)         1.388     1.388 r  u_clk_wiz/inst/clkin1_ibufg/O
                         net (fo=1, routed)           1.162     2.550    u_clk_wiz/inst/clk_clk_wiz_0
    MMCME2_ADV_X1Y0      MMCME2_ADV (Prop_mmcme2_adv_CLKIN1_CLKOUT0)
                                                     -7.217    -4.668 r  u_clk_wiz/inst/mmcm_adv_inst/CLKOUT0
                         net (fo=2, routed)           1.581    -3.086    u_clk_wiz/inst/clk100MHz_clk_wiz_0
    BUFGCTRL_X0Y1        BUFGCTRL (Prop_bufgctrl_I0_O)
                                                      0.091    -2.995 r  u_clk_wiz/inst/clkout1_buf/O
                         net (fo=268, routed)         1.519    -1.476    u_top_airhockey/u_mouse/Inst_Ps2Interface/CLK
    SLICE_X0Y44          FDRE                                         r  u_top_airhockey/u_mouse/Inst_Ps2Interface/clk_count_reg[2]/C

Slack:                    inf
  Source:                 PS2Clk
                            (input port)
  Destination:            u_top_airhockey/u_mouse/Inst_Ps2Interface/clk_count_reg[0]/D
                            (rising edge-triggered cell FDRE clocked by clk100MHz_clk_wiz_0  {rise@0.000ns fall@5.000ns period=10.000ns})
  Path Group:             (none)
  Path Type:              Setup (Max at Slow Process Corner)
  Data Path Delay:        4.594ns  (logic 1.572ns (34.229%)  route 3.021ns (65.771%))
  Logic Levels:           2  (IBUF=1 LUT6=1)
  Clock Path Skew:        -1.476ns (DCD - SCD + CPR)
    Destination Clock Delay (DCD):    -1.476ns
    Source Clock Delay      (SCD):    0.000ns
    Clock Pessimism Removal (CPR):    0.000ns

    Location             Delay type                Incr(ns)  Path(ns)    Netlist Resource(s)
  -------------------------------------------------------------------    -------------------
    C17                                               0.000     0.000 r  PS2Clk (INOUT)
                         net (fo=1, unset)            0.000     0.000    PS2Clk_IOBUF_inst/IO
    C17                  IBUF (Prop_ibuf_I_O)         1.448     1.448 r  PS2Clk_IOBUF_inst/IBUF/O
                         net (fo=6, routed)           3.021     4.470    u_top_airhockey/u_mouse/Inst_Ps2Interface/PS2Clk_IBUF
    SLICE_X1Y44          LUT6 (Prop_lut6_I1_O)        0.124     4.594 r  u_top_airhockey/u_mouse/Inst_Ps2Interface/clk_count[0]_i_1/O
                         net (fo=1, routed)           0.000     4.594    u_top_airhockey/u_mouse/Inst_Ps2Interface/clk_count[0]_i_1_n_0
    SLICE_X1Y44          FDRE                                         r  u_top_airhockey/u_mouse/Inst_Ps2Interface/clk_count_reg[0]/D
  -------------------------------------------------------------------    -------------------

                         (clock clk100MHz_clk_wiz_0 rise edge)
                                                      0.000     0.000 r  
    W5                                                0.000     0.000 r  clk (IN)
                         net (fo=0)                   0.000     0.000    u_clk_wiz/inst/clk
    W5                   IBUF (Prop_ibuf_I_O)         1.388     1.388 r  u_clk_wiz/inst/clkin1_ibufg/O
                         net (fo=1, routed)           1.162     2.550    u_clk_wiz/inst/clk_clk_wiz_0
    MMCME2_ADV_X1Y0      MMCME2_ADV (Prop_mmcme2_adv_CLKIN1_CLKOUT0)
                                                     -7.217    -4.668 r  u_clk_wiz/inst/mmcm_adv_inst/CLKOUT0
                         net (fo=2, routed)           1.581    -3.086    u_clk_wiz/inst/clk100MHz_clk_wiz_0
    BUFGCTRL_X0Y1        BUFGCTRL (Prop_bufgctrl_I0_O)
                                                      0.091    -2.995 r  u_clk_wiz/inst/clkout1_buf/O
                         net (fo=268, routed)         1.519    -1.476    u_top_airhockey/u_mouse/Inst_Ps2Interface/CLK
    SLICE_X1Y44          FDRE                                         r  u_top_airhockey/u_mouse/Inst_Ps2Interface/clk_count_reg[0]/C





Min Delay Paths
--------------------------------------------------------------------------------------
Slack:                    inf
  Source:                 btnC
                            (input port)
  Destination:            u_top_airhockey/u_rst_ctl_100/sync_ff_reg[0]/PRE
                            (removal check against rising-edge clock clk100MHz_clk_wiz_0  {rise@0.000ns fall@5.000ns period=10.000ns})
  Path Group:             (none)
  Path Type:              Removal (Min at Fast Process Corner)
  Data Path Delay:        0.680ns  (logic 0.210ns (30.822%)  route 0.470ns (69.178%))
  Logic Levels:           1  (IBUF=1)
  Clock Path Skew:        -0.830ns (DCD - SCD - CPR)
    Destination Clock Delay (DCD):    -0.830ns
    Source Clock Delay      (SCD):    0.000ns
    Clock Pessimism Removal (CPR):    -0.000ns

    Location             Delay type                Incr(ns)  Path(ns)    Netlist Resource(s)
  -------------------------------------------------------------------    -------------------
    U18                                               0.000     0.000 f  btnC (IN)
                         net (fo=0)                   0.000     0.000    btnC
    U18                  IBUF (Prop_ibuf_I_O)         0.210     0.210 f  btnC_IBUF_inst/O
                         net (fo=4, routed)           0.470     0.680    u_top_airhockey/u_rst_ctl_100/AS[0]
    SLICE_X0Y15          FDPE                                         f  u_top_airhockey/u_rst_ctl_100/sync_ff_reg[0]/PRE
  -------------------------------------------------------------------    -------------------

                         (clock clk100MHz_clk_wiz_0 rise edge)
                                                      0.000     0.000 r  
    W5                                                0.000     0.000 r  clk (IN)
                         net (fo=0)                   0.000     0.000    u_clk_wiz/inst/clk
    W5                   IBUF (Prop_ibuf_I_O)         0.414     0.414 r  u_clk_wiz/inst/clkin1_ibufg/O
                         net (fo=1, routed)           0.480     0.894    u_clk_wiz/inst/clk_clk_wiz_0
    MMCME2_ADV_X1Y0      MMCME2_ADV (Prop_mmcme2_adv_CLKIN1_CLKOUT0)
                                                     -3.142    -2.248 r  u_clk_wiz/inst/mmcm_adv_inst/CLKOUT0
                         net (fo=2, routed)           0.530    -1.718    u_clk_wiz/inst/clk100MHz_clk_wiz_0
    BUFGCTRL_X0Y1        BUFGCTRL (Prop_bufgctrl_I0_O)
                                                      0.029    -1.689 r  u_clk_wiz/inst/clkout1_buf/O
                         net (fo=268, routed)         0.860    -0.830    u_top_airhockey/u_rst_ctl_100/CLK
    SLICE_X0Y15          FDPE                                         r  u_top_airhockey/u_rst_ctl_100/sync_ff_reg[0]/C

Slack:                    inf
  Source:                 btnC
                            (input port)
  Destination:            u_top_airhockey/u_rst_ctl_100/sync_ff_reg[1]/PRE
                            (removal check against rising-edge clock clk100MHz_clk_wiz_0  {rise@0.000ns fall@5.000ns period=10.000ns})
  Path Group:             (none)
  Path Type:              Removal (Min at Fast Process Corner)
  Data Path Delay:        0.680ns  (logic 0.210ns (30.822%)  route 0.470ns (69.178%))
  Logic Levels:           1  (IBUF=1)
  Clock Path Skew:        -0.830ns (DCD - SCD - CPR)
    Destination Clock Delay (DCD):    -0.830ns
    Source Clock Delay      (SCD):    0.000ns
    Clock Pessimism Removal (CPR):    -0.000ns

    Location             Delay type                Incr(ns)  Path(ns)    Netlist Resource(s)
  -------------------------------------------------------------------    -------------------
    U18                                               0.000     0.000 f  btnC (IN)
                         net (fo=0)                   0.000     0.000    btnC
    U18                  IBUF (Prop_ibuf_I_O)         0.210     0.210 f  btnC_IBUF_inst/O
                         net (fo=4, routed)           0.470     0.680    u_top_airhockey/u_rst_ctl_100/AS[0]
    SLICE_X0Y15          FDPE                                         f  u_top_airhockey/u_rst_ctl_100/sync_ff_reg[1]/PRE
  -------------------------------------------------------------------    -------------------

                         (clock clk100MHz_clk_wiz_0 rise edge)
                                                      0.000     0.000 r  
    W5                                                0.000     0.000 r  clk (IN)
                         net (fo=0)                   0.000     0.000    u_clk_wiz/inst/clk
    W5                   IBUF (Prop_ibuf_I_O)         0.414     0.414 r  u_clk_wiz/inst/clkin1_ibufg/O
                         net (fo=1, routed)           0.480     0.894    u_clk_wiz/inst/clk_clk_wiz_0
    MMCME2_ADV_X1Y0      MMCME2_ADV (Prop_mmcme2_adv_CLKIN1_CLKOUT0)
                                                     -3.142    -2.248 r  u_clk_wiz/inst/mmcm_adv_inst/CLKOUT0
                         net (fo=2, routed)           0.530    -1.718    u_clk_wiz/inst/clk100MHz_clk_wiz_0
    BUFGCTRL_X0Y1        BUFGCTRL (Prop_bufgctrl_I0_O)
                                                      0.029    -1.689 r  u_clk_wiz/inst/clkout1_buf/O
                         net (fo=268, routed)         0.860    -0.830    u_top_airhockey/u_rst_ctl_100/CLK
    SLICE_X0Y15          FDPE                                         r  u_top_airhockey/u_rst_ctl_100/sync_ff_reg[1]/C

Slack:                    inf
  Source:                 PS2Clk
                            (input port)
  Destination:            u_top_airhockey/u_mouse/Inst_Ps2Interface/clk_inter_reg/D
                            (rising edge-triggered cell FDRE clocked by clk100MHz_clk_wiz_0  {rise@0.000ns fall@5.000ns period=10.000ns})
  Path Group:             (none)
  Path Type:              Hold (Min at Fast Process Corner)
  Data Path Delay:        1.393ns  (logic 0.217ns (15.549%)  route 1.176ns (84.451%))
  Logic Levels:           1  (IBUF=1)
  Clock Path Skew:        -0.824ns (DCD - SCD - CPR)
    Destination Clock Delay (DCD):    -0.824ns
    Source Clock Delay      (SCD):    0.000ns
    Clock Pessimism Removal (CPR):    -0.000ns

    Location             Delay type                Incr(ns)  Path(ns)    Netlist Resource(s)
  -------------------------------------------------------------------    -------------------
    C17                                               0.000     0.000 r  PS2Clk (INOUT)
                         net (fo=1, unset)            0.000     0.000    PS2Clk_IOBUF_inst/IO
    C17                  IBUF (Prop_ibuf_I_O)         0.217     0.217 r  PS2Clk_IOBUF_inst/IBUF/O
                         net (fo=6, routed)           1.176     1.393    u_top_airhockey/u_mouse/Inst_Ps2Interface/PS2Clk_IBUF
    SLICE_X1Y44          FDRE                                         r  u_top_airhockey/u_mouse/Inst_Ps2Interface/clk_inter_reg/D
  -------------------------------------------------------------------    -------------------

                         (clock clk100MHz_clk_wiz_0 rise edge)
                                                      0.000     0.000 r  
    W5                                                0.000     0.000 r  clk (IN)
                         net (fo=0)                   0.000     0.000    u_clk_wiz/inst/clk
    W5                   IBUF (Prop_ibuf_I_O)         0.414     0.414 r  u_clk_wiz/inst/clkin1_ibufg/O
                         net (fo=1, routed)           0.480     0.894    u_clk_wiz/inst/clk_clk_wiz_0
    MMCME2_ADV_X1Y0      MMCME2_ADV (Prop_mmcme2_adv_CLKIN1_CLKOUT0)
                                                     -3.142    -2.248 r  u_clk_wiz/inst/mmcm_adv_inst/CLKOUT0
                         net (fo=2, routed)           0.530    -1.718    u_clk_wiz/inst/clk100MHz_clk_wiz_0
    BUFGCTRL_X0Y1        BUFGCTRL (Prop_bufgctrl_I0_O)
                                                      0.029    -1.689 r  u_clk_wiz/inst/clkout1_buf/O
                         net (fo=268, routed)         0.866    -0.824    u_top_airhockey/u_mouse/Inst_Ps2Interface/CLK
    SLICE_X1Y44          FDRE                                         r  u_top_airhockey/u_mouse/Inst_Ps2Interface/clk_inter_reg/C

Slack:                    inf
  Source:                 PS2Clk
                            (input port)
  Destination:            u_top_airhockey/u_mouse/Inst_Ps2Interface/clk_count_reg[3]/D
                            (rising edge-triggered cell FDRE clocked by clk100MHz_clk_wiz_0  {rise@0.000ns fall@5.000ns period=10.000ns})
  Path Group:             (none)
  Path Type:              Hold (Min at Fast Process Corner)
  Data Path Delay:        1.464ns  (logic 0.262ns (17.868%)  route 1.202ns (82.132%))
  Logic Levels:           2  (IBUF=1 LUT6=1)
  Clock Path Skew:        -0.824ns (DCD - SCD - CPR)
    Destination Clock Delay (DCD):    -0.824ns
    Source Clock Delay      (SCD):    0.000ns
    Clock Pessimism Removal (CPR):    -0.000ns

    Location             Delay type                Incr(ns)  Path(ns)    Netlist Resource(s)
  -------------------------------------------------------------------    -------------------
    C17                                               0.000     0.000 r  PS2Clk (INOUT)
                         net (fo=1, unset)            0.000     0.000    PS2Clk_IOBUF_inst/IO
    C17                  IBUF (Prop_ibuf_I_O)         0.217     0.217 r  PS2Clk_IOBUF_inst/IBUF/O
                         net (fo=6, routed)           1.202     1.419    u_top_airhockey/u_mouse/Inst_Ps2Interface/PS2Clk_IBUF
    SLICE_X1Y44          LUT6 (Prop_lut6_I1_O)        0.045     1.464 r  u_top_airhockey/u_mouse/Inst_Ps2Interface/clk_count[3]_i_1/O
                         net (fo=1, routed)           0.000     1.464    u_top_airhockey/u_mouse/Inst_Ps2Interface/clk_count[3]_i_1_n_0
    SLICE_X1Y44          FDRE                                         r  u_top_airhockey/u_mouse/Inst_Ps2Interface/clk_count_reg[3]/D
  -------------------------------------------------------------------    -------------------

                         (clock clk100MHz_clk_wiz_0 rise edge)
                                                      0.000     0.000 r  
    W5                                                0.000     0.000 r  clk (IN)
                         net (fo=0)                   0.000     0.000    u_clk_wiz/inst/clk
    W5                   IBUF (Prop_ibuf_I_O)         0.414     0.414 r  u_clk_wiz/inst/clkin1_ibufg/O
                         net (fo=1, routed)           0.480     0.894    u_clk_wiz/inst/clk_clk_wiz_0
    MMCME2_ADV_X1Y0      MMCME2_ADV (Prop_mmcme2_adv_CLKIN1_CLKOUT0)
                                                     -3.142    -2.248 r  u_clk_wiz/inst/mmcm_adv_inst/CLKOUT0
                         net (fo=2, routed)           0.530    -1.718    u_clk_wiz/inst/clk100MHz_clk_wiz_0
    BUFGCTRL_X0Y1        BUFGCTRL (Prop_bufgctrl_I0_O)
                                                      0.029    -1.689 r  u_clk_wiz/inst/clkout1_buf/O
                         net (fo=268, routed)         0.866    -0.824    u_top_airhockey/u_mouse/Inst_Ps2Interface/CLK
    SLICE_X1Y44          FDRE                                         r  u_top_airhockey/u_mouse/Inst_Ps2Interface/clk_count_reg[3]/C

Slack:                    inf
  Source:                 PS2Clk
                            (input port)
  Destination:            u_top_airhockey/u_mouse/Inst_Ps2Interface/clk_count_reg[0]/D
                            (rising edge-triggered cell FDRE clocked by clk100MHz_clk_wiz_0  {rise@0.000ns fall@5.000ns period=10.000ns})
  Path Group:             (none)
  Path Type:              Hold (Min at Fast Process Corner)
  Data Path Delay:        1.465ns  (logic 0.262ns (17.856%)  route 1.203ns (82.144%))
  Logic Levels:           2  (IBUF=1 LUT6=1)
  Clock Path Skew:        -0.824ns (DCD - SCD - CPR)
    Destination Clock Delay (DCD):    -0.824ns
    Source Clock Delay      (SCD):    0.000ns
    Clock Pessimism Removal (CPR):    -0.000ns

    Location             Delay type                Incr(ns)  Path(ns)    Netlist Resource(s)
  -------------------------------------------------------------------    -------------------
    C17                                               0.000     0.000 r  PS2Clk (INOUT)
                         net (fo=1, unset)            0.000     0.000    PS2Clk_IOBUF_inst/IO
    C17                  IBUF (Prop_ibuf_I_O)         0.217     0.217 r  PS2Clk_IOBUF_inst/IBUF/O
                         net (fo=6, routed)           1.203     1.420    u_top_airhockey/u_mouse/Inst_Ps2Interface/PS2Clk_IBUF
    SLICE_X1Y44          LUT6 (Prop_lut6_I1_O)        0.045     1.465 r  u_top_airhockey/u_mouse/Inst_Ps2Interface/clk_count[0]_i_1/O
                         net (fo=1, routed)           0.000     1.465    u_top_airhockey/u_mouse/Inst_Ps2Interface/clk_count[0]_i_1_n_0
    SLICE_X1Y44          FDRE                                         r  u_top_airhockey/u_mouse/Inst_Ps2Interface/clk_count_reg[0]/D
  -------------------------------------------------------------------    -------------------

                         (clock clk100MHz_clk_wiz_0 rise edge)
                                                      0.000     0.000 r  
    W5                                                0.000     0.000 r  clk (IN)
                         net (fo=0)                   0.000     0.000    u_clk_wiz/inst/clk
    W5                   IBUF (Prop_ibuf_I_O)         0.414     0.414 r  u_clk_wiz/inst/clkin1_ibufg/O
                         net (fo=1, routed)           0.480     0.894    u_clk_wiz/inst/clk_clk_wiz_0
    MMCME2_ADV_X1Y0      MMCME2_ADV (Prop_mmcme2_adv_CLKIN1_CLKOUT0)
                                                     -3.142    -2.248 r  u_clk_wiz/inst/mmcm_adv_inst/CLKOUT0
                         net (fo=2, routed)           0.530    -1.718    u_clk_wiz/inst/clk100MHz_clk_wiz_0
    BUFGCTRL_X0Y1        BUFGCTRL (Prop_bufgctrl_I0_O)
                                                      0.029    -1.689 r  u_clk_wiz/inst/clkout1_buf/O
                         net (fo=268, routed)         0.866    -0.824    u_top_airhockey/u_mouse/Inst_Ps2Interface/CLK
    SLICE_X1Y44          FDRE                                         r  u_top_airhockey/u_mouse/Inst_Ps2Interface/clk_count_reg[0]/C

Slack:                    inf
  Source:                 PS2Clk
                            (input port)
  Destination:            u_top_airhockey/u_mouse/Inst_Ps2Interface/clk_count_reg[2]/D
                            (rising edge-triggered cell FDRE clocked by clk100MHz_clk_wiz_0  {rise@0.000ns fall@5.000ns period=10.000ns})
  Path Group:             (none)
  Path Type:              Hold (Min at Fast Process Corner)
  Data Path Delay:        1.500ns  (logic 0.262ns (17.441%)  route 1.238ns (82.559%))
  Logic Levels:           2  (IBUF=1 LUT6=1)
  Clock Path Skew:        -0.824ns (DCD - SCD - CPR)
    Destination Clock Delay (DCD):    -0.824ns
    Source Clock Delay      (SCD):    0.000ns
    Clock Pessimism Removal (CPR):    -0.000ns

    Location             Delay type                Incr(ns)  Path(ns)    Netlist Resource(s)
  -------------------------------------------------------------------    -------------------
    C17                                               0.000     0.000 r  PS2Clk (INOUT)
                         net (fo=1, unset)            0.000     0.000    PS2Clk_IOBUF_inst/IO
    C17                  IBUF (Prop_ibuf_I_O)         0.217     0.217 r  PS2Clk_IOBUF_inst/IBUF/O
                         net (fo=6, routed)           1.238     1.455    u_top_airhockey/u_mouse/Inst_Ps2Interface/PS2Clk_IBUF
    SLICE_X0Y44          LUT6 (Prop_lut6_I1_O)        0.045     1.500 r  u_top_airhockey/u_mouse/Inst_Ps2Interface/clk_count[2]_i_1/O
                         net (fo=1, routed)           0.000     1.500    u_top_airhockey/u_mouse/Inst_Ps2Interface/clk_count[2]_i_1_n_0
    SLICE_X0Y44          FDRE                                         r  u_top_airhockey/u_mouse/Inst_Ps2Interface/clk_count_reg[2]/D
  -------------------------------------------------------------------    -------------------

                         (clock clk100MHz_clk_wiz_0 rise edge)
                                                      0.000     0.000 r  
    W5                                                0.000     0.000 r  clk (IN)
                         net (fo=0)                   0.000     0.000    u_clk_wiz/inst/clk
    W5                   IBUF (Prop_ibuf_I_O)         0.414     0.414 r  u_clk_wiz/inst/clkin1_ibufg/O
                         net (fo=1, routed)           0.480     0.894    u_clk_wiz/inst/clk_clk_wiz_0
    MMCME2_ADV_X1Y0      MMCME2_ADV (Prop_mmcme2_adv_CLKIN1_CLKOUT0)
                                                     -3.142    -2.248 r  u_clk_wiz/inst/mmcm_adv_inst/CLKOUT0
                         net (fo=2, routed)           0.530    -1.718    u_clk_wiz/inst/clk100MHz_clk_wiz_0
    BUFGCTRL_X0Y1        BUFGCTRL (Prop_bufgctrl_I0_O)
                                                      0.029    -1.689 r  u_clk_wiz/inst/clkout1_buf/O
                         net (fo=268, routed)         0.866    -0.824    u_top_airhockey/u_mouse/Inst_Ps2Interface/CLK
    SLICE_X0Y44          FDRE                                         r  u_top_airhockey/u_mouse/Inst_Ps2Interface/clk_count_reg[2]/C

Slack:                    inf
  Source:                 PS2Clk
                            (input port)
  Destination:            u_top_airhockey/u_mouse/Inst_Ps2Interface/clk_count_reg[1]/D
                            (rising edge-triggered cell FDRE clocked by clk100MHz_clk_wiz_0  {rise@0.000ns fall@5.000ns period=10.000ns})
  Path Group:             (none)
  Path Type:              Hold (Min at Fast Process Corner)
  Data Path Delay:        1.601ns  (logic 0.262ns (16.339%)  route 1.339ns (83.661%))
  Logic Levels:           2  (IBUF=1 LUT6=1)
  Clock Path Skew:        -0.824ns (DCD - SCD - CPR)
    Destination Clock Delay (DCD):    -0.824ns
    Source Clock Delay      (SCD):    0.000ns
    Clock Pessimism Removal (CPR):    -0.000ns

    Location             Delay type                Incr(ns)  Path(ns)    Netlist Resource(s)
  -------------------------------------------------------------------    -------------------
    C17                                               0.000     0.000 r  PS2Clk (INOUT)
                         net (fo=1, unset)            0.000     0.000    PS2Clk_IOBUF_inst/IO
    C17                  IBUF (Prop_ibuf_I_O)         0.217     0.217 r  PS2Clk_IOBUF_inst/IBUF/O
                         net (fo=6, routed)           1.339     1.556    u_top_airhockey/u_mouse/Inst_Ps2Interface/PS2Clk_IBUF
    SLICE_X0Y44          LUT6 (Prop_lut6_I1_O)        0.045     1.601 r  u_top_airhockey/u_mouse/Inst_Ps2Interface/clk_count[1]_i_1/O
                         net (fo=1, routed)           0.000     1.601    u_top_airhockey/u_mouse/Inst_Ps2Interface/clk_count[1]_i_1_n_0
    SLICE_X0Y44          FDRE                                         r  u_top_airhockey/u_mouse/Inst_Ps2Interface/clk_count_reg[1]/D
  -------------------------------------------------------------------    -------------------

                         (clock clk100MHz_clk_wiz_0 rise edge)
                                                      0.000     0.000 r  
    W5                                                0.000     0.000 r  clk (IN)
                         net (fo=0)                   0.000     0.000    u_clk_wiz/inst/clk
    W5                   IBUF (Prop_ibuf_I_O)         0.414     0.414 r  u_clk_wiz/inst/clkin1_ibufg/O
                         net (fo=1, routed)           0.480     0.894    u_clk_wiz/inst/clk_clk_wiz_0
    MMCME2_ADV_X1Y0      MMCME2_ADV (Prop_mmcme2_adv_CLKIN1_CLKOUT0)
                                                     -3.142    -2.248 r  u_clk_wiz/inst/mmcm_adv_inst/CLKOUT0
                         net (fo=2, routed)           0.530    -1.718    u_clk_wiz/inst/clk100MHz_clk_wiz_0
    BUFGCTRL_X0Y1        BUFGCTRL (Prop_bufgctrl_I0_O)
                                                      0.029    -1.689 r  u_clk_wiz/inst/clkout1_buf/O
                         net (fo=268, routed)         0.866    -0.824    u_top_airhockey/u_mouse/Inst_Ps2Interface/CLK
    SLICE_X0Y44          FDRE                                         r  u_top_airhockey/u_mouse/Inst_Ps2Interface/clk_count_reg[1]/C

Slack:                    inf
  Source:                 PS2Clk
                            (input port)
  Destination:            u_top_airhockey/u_mouse/Inst_Ps2Interface/ps2_clk_clean_reg/D
                            (rising edge-triggered cell FDRE clocked by clk100MHz_clk_wiz_0  {rise@0.000ns fall@5.000ns period=10.000ns})
  Path Group:             (none)
  Path Type:              Hold (Min at Fast Process Corner)
  Data Path Delay:        1.749ns  (logic 0.307ns (17.534%)  route 1.442ns (82.466%))
  Logic Levels:           3  (IBUF=1 LUT3=1 LUT6=1)
  Clock Path Skew:        -0.824ns (DCD - SCD - CPR)
    Destination Clock Delay (DCD):    -0.824ns
    Source Clock Delay      (SCD):    0.000ns
    Clock Pessimism Removal (CPR):    -0.000ns

    Location             Delay type                Incr(ns)  Path(ns)    Netlist Resource(s)
  -------------------------------------------------------------------    -------------------
    C17                                               0.000     0.000 r  PS2Clk (INOUT)
                         net (fo=1, unset)            0.000     0.000    PS2Clk_IOBUF_inst/IO
    C17                  IBUF (Prop_ibuf_I_O)         0.217     0.217 r  PS2Clk_IOBUF_inst/IBUF/O
                         net (fo=6, routed)           1.343     1.560    u_top_airhockey/u_mouse/Inst_Ps2Interface/PS2Clk_IBUF
    SLICE_X0Y44          LUT3 (Prop_lut3_I1_O)        0.045     1.605 r  u_top_airhockey/u_mouse/Inst_Ps2Interface/ps2_clk_clean_i_2/O
                         net (fo=1, routed)           0.099     1.704    u_top_airhockey/u_mouse/Inst_Ps2Interface/ps2_clk_clean_i_2_n_0
    SLICE_X0Y44          LUT6 (Prop_lut6_I4_O)        0.045     1.749 r  u_top_airhockey/u_mouse/Inst_Ps2Interface/ps2_clk_clean_i_1/O
                         net (fo=1, routed)           0.000     1.749    u_top_airhockey/u_mouse/Inst_Ps2Interface/ps2_clk_clean_i_1_n_0
    SLICE_X0Y44          FDRE                                         r  u_top_airhockey/u_mouse/Inst_Ps2Interface/ps2_clk_clean_reg/D
  -------------------------------------------------------------------    -------------------

                         (clock clk100MHz_clk_wiz_0 rise edge)
                                                      0.000     0.000 r  
    W5                                                0.000     0.000 r  clk (IN)
                         net (fo=0)                   0.000     0.000    u_clk_wiz/inst/clk
    W5                   IBUF (Prop_ibuf_I_O)         0.414     0.414 r  u_clk_wiz/inst/clkin1_ibufg/O
                         net (fo=1, routed)           0.480     0.894    u_clk_wiz/inst/clk_clk_wiz_0
    MMCME2_ADV_X1Y0      MMCME2_ADV (Prop_mmcme2_adv_CLKIN1_CLKOUT0)
                                                     -3.142    -2.248 r  u_clk_wiz/inst/mmcm_adv_inst/CLKOUT0
                         net (fo=2, routed)           0.530    -1.718    u_clk_wiz/inst/clk100MHz_clk_wiz_0
    BUFGCTRL_X0Y1        BUFGCTRL (Prop_bufgctrl_I0_O)
                                                      0.029    -1.689 r  u_clk_wiz/inst/clkout1_buf/O
                         net (fo=268, routed)         0.866    -0.824    u_top_airhockey/u_mouse/Inst_Ps2Interface/CLK
    SLICE_X0Y44          FDRE                                         r  u_top_airhockey/u_mouse/Inst_Ps2Interface/ps2_clk_clean_reg/C

Slack:                    inf
  Source:                 PS2Data
                            (input port)
  Destination:            u_top_airhockey/u_mouse/Inst_Ps2Interface/data_inter_reg/D
                            (rising edge-triggered cell FDRE clocked by clk100MHz_clk_wiz_0  {rise@0.000ns fall@5.000ns period=10.000ns})
  Path Group:             (none)
  Path Type:              Hold (Min at Fast Process Corner)
  Data Path Delay:        1.836ns  (logic 0.220ns (11.988%)  route 1.616ns (88.012%))
  Logic Levels:           1  (IBUF=1)
  Clock Path Skew:        -0.831ns (DCD - SCD - CPR)
    Destination Clock Delay (DCD):    -0.831ns
    Source Clock Delay      (SCD):    0.000ns
    Clock Pessimism Removal (CPR):    -0.000ns

    Location             Delay type                Incr(ns)  Path(ns)    Netlist Resource(s)
  -------------------------------------------------------------------    -------------------
    B17                                               0.000     0.000 r  PS2Data (INOUT)
                         net (fo=1, unset)            0.000     0.000    PS2Data_IOBUF_inst/IO
    B17                  IBUF (Prop_ibuf_I_O)         0.220     0.220 r  PS2Data_IOBUF_inst/IBUF/O
                         net (fo=6, routed)           1.616     1.836    u_top_airhockey/u_mouse/Inst_Ps2Interface/PS2Data_IBUF
    SLICE_X0Y33          FDRE                                         r  u_top_airhockey/u_mouse/Inst_Ps2Interface/data_inter_reg/D
  -------------------------------------------------------------------    -------------------

                         (clock clk100MHz_clk_wiz_0 rise edge)
                                                      0.000     0.000 r  
    W5                                                0.000     0.000 r  clk (IN)
                         net (fo=0)                   0.000     0.000    u_clk_wiz/inst/clk
    W5                   IBUF (Prop_ibuf_I_O)         0.414     0.414 r  u_clk_wiz/inst/clkin1_ibufg/O
                         net (fo=1, routed)           0.480     0.894    u_clk_wiz/inst/clk_clk_wiz_0
    MMCME2_ADV_X1Y0      MMCME2_ADV (Prop_mmcme2_adv_CLKIN1_CLKOUT0)
                                                     -3.142    -2.248 r  u_clk_wiz/inst/mmcm_adv_inst/CLKOUT0
                         net (fo=2, routed)           0.530    -1.718    u_clk_wiz/inst/clk100MHz_clk_wiz_0
    BUFGCTRL_X0Y1        BUFGCTRL (Prop_bufgctrl_I0_O)
                                                      0.029    -1.689 r  u_clk_wiz/inst/clkout1_buf/O
                         net (fo=268, routed)         0.859    -0.831    u_top_airhockey/u_mouse/Inst_Ps2Interface/CLK
    SLICE_X0Y33          FDRE                                         r  u_top_airhockey/u_mouse/Inst_Ps2Interface/data_inter_reg/C

Slack:                    inf
  Source:                 PS2Data
                            (input port)
  Destination:            u_top_airhockey/u_mouse/Inst_Ps2Interface/data_count_reg[3]/D
                            (rising edge-triggered cell FDRE clocked by clk100MHz_clk_wiz_0  {rise@0.000ns fall@5.000ns period=10.000ns})
  Path Group:             (none)
  Path Type:              Hold (Min at Fast Process Corner)
  Data Path Delay:        1.896ns  (logic 0.265ns (13.984%)  route 1.631ns (86.016%))
  Logic Levels:           2  (IBUF=1 LUT6=1)
  Clock Path Skew:        -0.831ns (DCD - SCD - CPR)
    Destination Clock Delay (DCD):    -0.831ns
    Source Clock Delay      (SCD):    0.000ns
    Clock Pessimism Removal (CPR):    -0.000ns

    Location             Delay type                Incr(ns)  Path(ns)    Netlist Resource(s)
  -------------------------------------------------------------------    -------------------
    B17                                               0.000     0.000 r  PS2Data (INOUT)
                         net (fo=1, unset)            0.000     0.000    PS2Data_IOBUF_inst/IO
    B17                  IBUF (Prop_ibuf_I_O)         0.220     0.220 r  PS2Data_IOBUF_inst/IBUF/O
                         net (fo=6, routed)           1.631     1.851    u_top_airhockey/u_mouse/Inst_Ps2Interface/PS2Data_IBUF
    SLICE_X0Y33          LUT6 (Prop_lut6_I1_O)        0.045     1.896 r  u_top_airhockey/u_mouse/Inst_Ps2Interface/data_count[3]_i_1/O
                         net (fo=1, routed)           0.000     1.896    u_top_airhockey/u_mouse/Inst_Ps2Interface/data_count[3]_i_1_n_0
    SLICE_X0Y33          FDRE                                         r  u_top_airhockey/u_mouse/Inst_Ps2Interface/data_count_reg[3]/D
  -------------------------------------------------------------------    -------------------

                         (clock clk100MHz_clk_wiz_0 rise edge)
                                                      0.000     0.000 r  
    W5                                                0.000     0.000 r  clk (IN)
                         net (fo=0)                   0.000     0.000    u_clk_wiz/inst/clk
    W5                   IBUF (Prop_ibuf_I_O)         0.414     0.414 r  u_clk_wiz/inst/clkin1_ibufg/O
                         net (fo=1, routed)           0.480     0.894    u_clk_wiz/inst/clk_clk_wiz_0
    MMCME2_ADV_X1Y0      MMCME2_ADV (Prop_mmcme2_adv_CLKIN1_CLKOUT0)
                                                     -3.142    -2.248 r  u_clk_wiz/inst/mmcm_adv_inst/CLKOUT0
                         net (fo=2, routed)           0.530    -1.718    u_clk_wiz/inst/clk100MHz_clk_wiz_0
    BUFGCTRL_X0Y1        BUFGCTRL (Prop_bufgctrl_I0_O)
                                                      0.029    -1.689 r  u_clk_wiz/inst/clkout1_buf/O
                         net (fo=268, routed)         0.859    -0.831    u_top_airhockey/u_mouse/Inst_Ps2Interface/CLK
    SLICE_X0Y33          FDRE                                         r  u_top_airhockey/u_mouse/Inst_Ps2Interface/data_count_reg[3]/C





--------------------------------------------------------------------------------------
Path Group:  (none)
From Clock:  
  To Clock:  clk_pix_clk_wiz_0

Max Delay             5 Endpoints
Min Delay             5 Endpoints
--------------------------------------------------------------------------------------


Max Delay Paths
--------------------------------------------------------------------------------------
Slack:                    inf
  Source:                 ja_rx
                            (input port)
  Destination:            u_top_airhockey/u_link_rx_ctl/u_uart_rx/rx_sync1_reg/D
                            (rising edge-triggered cell FDSE clocked by clk_pix_clk_wiz_0  {rise@0.000ns fall@7.692ns period=15.385ns})
  Path Group:             (none)
  Path Type:              Setup (Max at Slow Process Corner)
  Data Path Delay:        4.403ns  (logic 1.453ns (33.003%)  route 2.950ns (66.997%))
  Logic Levels:           1  (IBUF=1)
  Clock Path Skew:        -1.558ns (DCD - SCD + CPR)
    Destination Clock Delay (DCD):    -1.558ns
    Source Clock Delay      (SCD):    0.000ns
    Clock Pessimism Removal (CPR):    0.000ns

    Location             Delay type                Incr(ns)  Path(ns)    Netlist Resource(s)
  -------------------------------------------------------------------    -------------------
    J2                                                0.000     0.000 r  ja_rx (IN)
                         net (fo=0)                   0.000     0.000    ja_rx
    J2                   IBUF (Prop_ibuf_I_O)         1.453     1.453 r  ja_rx_IBUF_inst/O
                         net (fo=1, routed)           2.950     4.403    u_top_airhockey/u_link_rx_ctl/u_uart_rx/rx
    SLICE_X28Y52         FDSE                                         r  u_top_airhockey/u_link_rx_ctl/u_uart_rx/rx_sync1_reg/D
  -------------------------------------------------------------------    -------------------

                         (clock clk_pix_clk_wiz_0 rise edge)
                                                      0.000     0.000 r  
    W5                                                0.000     0.000 r  clk (IN)
                         net (fo=0)                   0.000     0.000    u_clk_wiz/inst/clk
    W5                   IBUF (Prop_ibuf_I_O)         1.388     1.388 r  u_clk_wiz/inst/clkin1_ibufg/O
                         net (fo=1, routed)           1.162     2.550    u_clk_wiz/inst/clk_clk_wiz_0
    MMCME2_ADV_X1Y0      MMCME2_ADV (Prop_mmcme2_adv_CLKIN1_CLKOUT1)
                                                     -7.217    -4.668 r  u_clk_wiz/inst/mmcm_adv_inst/CLKOUT1
                         net (fo=2, routed)           1.581    -3.086    u_clk_wiz/inst/clk_pix_clk_wiz_0
    BUFGCTRL_X0Y0        BUFGCTRL (Prop_bufgctrl_I0_O)
                                                      0.091    -2.995 r  u_clk_wiz/inst/clkout2_buf/O
                         net (fo=3196, routed)        1.438    -1.558    u_top_airhockey/u_link_rx_ctl/u_uart_rx/clk_pix
    SLICE_X28Y52         FDSE                                         r  u_top_airhockey/u_link_rx_ctl/u_uart_rx/rx_sync1_reg/C

Slack:                    inf
  Source:                 sw0
                            (input port)
  Destination:            u_top_airhockey/is_host_sync1_reg/D
                            (rising edge-triggered cell FDRE clocked by clk_pix_clk_wiz_0  {rise@0.000ns fall@7.692ns period=15.385ns})
  Path Group:             (none)
  Path Type:              Setup (Max at Slow Process Corner)
  Data Path Delay:        4.139ns  (logic 1.453ns (35.097%)  route 2.687ns (64.903%))
  Logic Levels:           1  (IBUF=1)
  Clock Path Skew:        -1.557ns (DCD - SCD + CPR)
    Destination Clock Delay (DCD):    -1.557ns
    Source Clock Delay      (SCD):    0.000ns
    Clock Pessimism Removal (CPR):    0.000ns

    Location             Delay type                Incr(ns)  Path(ns)    Netlist Resource(s)
  -------------------------------------------------------------------    -------------------
    V17                                               0.000     0.000 r  sw0 (IN)
                         net (fo=0)                   0.000     0.000    sw0
    V17                  IBUF (Prop_ibuf_I_O)         1.453     1.453 r  sw0_IBUF_inst/O
                         net (fo=1, routed)           2.687     4.139    u_top_airhockey/sw0_IBUF
    SLICE_X35Y34         FDRE                                         r  u_top_airhockey/is_host_sync1_reg/D
  -------------------------------------------------------------------    -------------------

                         (clock clk_pix_clk_wiz_0 rise edge)
                                                      0.000     0.000 r  
    W5                                                0.000     0.000 r  clk (IN)
                         net (fo=0)                   0.000     0.000    u_clk_wiz/inst/clk
    W5                   IBUF (Prop_ibuf_I_O)         1.388     1.388 r  u_clk_wiz/inst/clkin1_ibufg/O
                         net (fo=1, routed)           1.162     2.550    u_clk_wiz/inst/clk_clk_wiz_0
    MMCME2_ADV_X1Y0      MMCME2_ADV (Prop_mmcme2_adv_CLKIN1_CLKOUT1)
                                                     -7.217    -4.668 r  u_clk_wiz/inst/mmcm_adv_inst/CLKOUT1
                         net (fo=2, routed)           1.581    -3.086    u_clk_wiz/inst/clk_pix_clk_wiz_0
    BUFGCTRL_X0Y0        BUFGCTRL (Prop_bufgctrl_I0_O)
                                                      0.091    -2.995 r  u_clk_wiz/inst/clkout2_buf/O
                         net (fo=3196, routed)        1.438    -1.557    u_top_airhockey/clk_pix
    SLICE_X35Y34         FDRE                                         r  u_top_airhockey/is_host_sync1_reg/C

Slack:                    inf
  Source:                 btnL
                            (input port)
  Destination:            u_top_airhockey/u_btn_edge_exit/sync_ff_reg[0]/D
                            (rising edge-triggered cell FDRE clocked by clk_pix_clk_wiz_0  {rise@0.000ns fall@7.692ns period=15.385ns})
  Path Group:             (none)
  Path Type:              Setup (Max at Slow Process Corner)
  Data Path Delay:        3.884ns  (logic 1.451ns (37.363%)  route 2.433ns (62.637%))
  Logic Levels:           1  (IBUF=1)
  Clock Path Skew:        -1.548ns (DCD - SCD + CPR)
    Destination Clock Delay (DCD):    -1.548ns
    Source Clock Delay      (SCD):    0.000ns
    Clock Pessimism Removal (CPR):    0.000ns

    Location             Delay type                Incr(ns)  Path(ns)    Netlist Resource(s)
  -------------------------------------------------------------------    -------------------
    W19                                               0.000     0.000 r  btnL (IN)
                         net (fo=0)                   0.000     0.000    btnL
    W19                  IBUF (Prop_ibuf_I_O)         1.451     1.451 r  btnL_IBUF_inst/O
                         net (fo=1, routed)           2.433     3.884    u_top_airhockey/u_btn_edge_exit/D[0]
    SLICE_X28Y43         FDRE                                         r  u_top_airhockey/u_btn_edge_exit/sync_ff_reg[0]/D
  -------------------------------------------------------------------    -------------------

                         (clock clk_pix_clk_wiz_0 rise edge)
                                                      0.000     0.000 r  
    W5                                                0.000     0.000 r  clk (IN)
                         net (fo=0)                   0.000     0.000    u_clk_wiz/inst/clk
    W5                   IBUF (Prop_ibuf_I_O)         1.388     1.388 r  u_clk_wiz/inst/clkin1_ibufg/O
                         net (fo=1, routed)           1.162     2.550    u_clk_wiz/inst/clk_clk_wiz_0
    MMCME2_ADV_X1Y0      MMCME2_ADV (Prop_mmcme2_adv_CLKIN1_CLKOUT1)
                                                     -7.217    -4.668 r  u_clk_wiz/inst/mmcm_adv_inst/CLKOUT1
                         net (fo=2, routed)           1.581    -3.086    u_clk_wiz/inst/clk_pix_clk_wiz_0
    BUFGCTRL_X0Y0        BUFGCTRL (Prop_bufgctrl_I0_O)
                                                      0.091    -2.995 r  u_clk_wiz/inst/clkout2_buf/O
                         net (fo=3196, routed)        1.447    -1.548    u_top_airhockey/u_btn_edge_exit/clk_pix
    SLICE_X28Y43         FDRE                                         r  u_top_airhockey/u_btn_edge_exit/sync_ff_reg[0]/C

Slack:                    inf
  Source:                 btnC
                            (input port)
  Destination:            u_top_airhockey/u_rst_ctl/sync_ff_reg[0]/PRE
                            (recovery check against rising-edge clock clk_pix_clk_wiz_0  {rise@0.000ns fall@7.692ns period=15.385ns})
  Path Group:             (none)
  Path Type:              Recovery (Max at Slow Process Corner)
  Data Path Delay:        2.493ns  (logic 1.441ns (57.810%)  route 1.052ns (42.190%))
  Logic Levels:           1  (IBUF=1)
  Clock Path Skew:        -1.481ns (DCD - SCD + CPR)
    Destination Clock Delay (DCD):    -1.481ns
    Source Clock Delay      (SCD):    0.000ns
    Clock Pessimism Removal (CPR):    0.000ns

    Location             Delay type                Incr(ns)  Path(ns)    Netlist Resource(s)
  -------------------------------------------------------------------    -------------------
    U18                                               0.000     0.000 f  btnC (IN)
                         net (fo=0)                   0.000     0.000    btnC
    U18                  IBUF (Prop_ibuf_I_O)         1.441     1.441 f  btnC_IBUF_inst/O
                         net (fo=4, routed)           1.052     2.493    u_top_airhockey/u_rst_ctl/AS[0]
    SLICE_X0Y14          FDPE                                         f  u_top_airhockey/u_rst_ctl/sync_ff_reg[0]/PRE
  -------------------------------------------------------------------    -------------------

                         (clock clk_pix_clk_wiz_0 rise edge)
                                                      0.000     0.000 r  
    W5                                                0.000     0.000 r  clk (IN)
                         net (fo=0)                   0.000     0.000    u_clk_wiz/inst/clk
    W5                   IBUF (Prop_ibuf_I_O)         1.388     1.388 r  u_clk_wiz/inst/clkin1_ibufg/O
                         net (fo=1, routed)           1.162     2.550    u_clk_wiz/inst/clk_clk_wiz_0
    MMCME2_ADV_X1Y0      MMCME2_ADV (Prop_mmcme2_adv_CLKIN1_CLKOUT1)
                                                     -7.217    -4.668 r  u_clk_wiz/inst/mmcm_adv_inst/CLKOUT1
                         net (fo=2, routed)           1.581    -3.086    u_clk_wiz/inst/clk_pix_clk_wiz_0
    BUFGCTRL_X0Y0        BUFGCTRL (Prop_bufgctrl_I0_O)
                                                      0.091    -2.995 r  u_clk_wiz/inst/clkout2_buf/O
                         net (fo=3196, routed)        1.514    -1.481    u_top_airhockey/u_rst_ctl/clk_pix
    SLICE_X0Y14          FDPE                                         r  u_top_airhockey/u_rst_ctl/sync_ff_reg[0]/C

Slack:                    inf
  Source:                 btnC
                            (input port)
  Destination:            u_top_airhockey/u_rst_ctl/sync_ff_reg[1]/PRE
                            (recovery check against rising-edge clock clk_pix_clk_wiz_0  {rise@0.000ns fall@7.692ns period=15.385ns})
  Path Group:             (none)
  Path Type:              Recovery (Max at Slow Process Corner)
  Data Path Delay:        2.493ns  (logic 1.441ns (57.810%)  route 1.052ns (42.190%))
  Logic Levels:           1  (IBUF=1)
  Clock Path Skew:        -1.481ns (DCD - SCD + CPR)
    Destination Clock Delay (DCD):    -1.481ns
    Source Clock Delay      (SCD):    0.000ns
    Clock Pessimism Removal (CPR):    0.000ns

    Location             Delay type                Incr(ns)  Path(ns)    Netlist Resource(s)
  -------------------------------------------------------------------    -------------------
    U18                                               0.000     0.000 f  btnC (IN)
                         net (fo=0)                   0.000     0.000    btnC
    U18                  IBUF (Prop_ibuf_I_O)         1.441     1.441 f  btnC_IBUF_inst/O
                         net (fo=4, routed)           1.052     2.493    u_top_airhockey/u_rst_ctl/AS[0]
    SLICE_X0Y14          FDPE                                         f  u_top_airhockey/u_rst_ctl/sync_ff_reg[1]/PRE
  -------------------------------------------------------------------    -------------------

                         (clock clk_pix_clk_wiz_0 rise edge)
                                                      0.000     0.000 r  
    W5                                                0.000     0.000 r  clk (IN)
                         net (fo=0)                   0.000     0.000    u_clk_wiz/inst/clk
    W5                   IBUF (Prop_ibuf_I_O)         1.388     1.388 r  u_clk_wiz/inst/clkin1_ibufg/O
                         net (fo=1, routed)           1.162     2.550    u_clk_wiz/inst/clk_clk_wiz_0
    MMCME2_ADV_X1Y0      MMCME2_ADV (Prop_mmcme2_adv_CLKIN1_CLKOUT1)
                                                     -7.217    -4.668 r  u_clk_wiz/inst/mmcm_adv_inst/CLKOUT1
                         net (fo=2, routed)           1.581    -3.086    u_clk_wiz/inst/clk_pix_clk_wiz_0
    BUFGCTRL_X0Y0        BUFGCTRL (Prop_bufgctrl_I0_O)
                                                      0.091    -2.995 r  u_clk_wiz/inst/clkout2_buf/O
                         net (fo=3196, routed)        1.514    -1.481    u_top_airhockey/u_rst_ctl/clk_pix
    SLICE_X0Y14          FDPE                                         r  u_top_airhockey/u_rst_ctl/sync_ff_reg[1]/C





Min Delay Paths
--------------------------------------------------------------------------------------
Slack:                    inf
  Source:                 btnC
                            (input port)
  Destination:            u_top_airhockey/u_rst_ctl/sync_ff_reg[0]/PRE
                            (removal check against rising-edge clock clk_pix_clk_wiz_0  {rise@0.000ns fall@7.692ns period=15.385ns})
  Path Group:             (none)
  Path Type:              Removal (Min at Fast Process Corner)
  Data Path Delay:        0.626ns  (logic 0.210ns (33.450%)  route 0.417ns (66.550%))
  Logic Levels:           1  (IBUF=1)
  Clock Path Skew:        -0.829ns (DCD - SCD - CPR)
    Destination Clock Delay (DCD):    -0.829ns
    Source Clock Delay      (SCD):    0.000ns
    Clock Pessimism Removal (CPR):    -0.000ns

    Location             Delay type                Incr(ns)  Path(ns)    Netlist Resource(s)
  -------------------------------------------------------------------    -------------------
    U18                                               0.000     0.000 f  btnC (IN)
                         net (fo=0)                   0.000     0.000    btnC
    U18                  IBUF (Prop_ibuf_I_O)         0.210     0.210 f  btnC_IBUF_inst/O
                         net (fo=4, routed)           0.417     0.626    u_top_airhockey/u_rst_ctl/AS[0]
    SLICE_X0Y14          FDPE                                         f  u_top_airhockey/u_rst_ctl/sync_ff_reg[0]/PRE
  -------------------------------------------------------------------    -------------------

                         (clock clk_pix_clk_wiz_0 rise edge)
                                                      0.000     0.000 r  
    W5                                                0.000     0.000 r  clk (IN)
                         net (fo=0)                   0.000     0.000    u_clk_wiz/inst/clk
    W5                   IBUF (Prop_ibuf_I_O)         0.414     0.414 r  u_clk_wiz/inst/clkin1_ibufg/O
                         net (fo=1, routed)           0.480     0.894    u_clk_wiz/inst/clk_clk_wiz_0
    MMCME2_ADV_X1Y0      MMCME2_ADV (Prop_mmcme2_adv_CLKIN1_CLKOUT1)
                                                     -3.142    -2.248 r  u_clk_wiz/inst/mmcm_adv_inst/CLKOUT1
                         net (fo=2, routed)           0.530    -1.718    u_clk_wiz/inst/clk_pix_clk_wiz_0
    BUFGCTRL_X0Y0        BUFGCTRL (Prop_bufgctrl_I0_O)
                                                      0.029    -1.689 r  u_clk_wiz/inst/clkout2_buf/O
                         net (fo=3196, routed)        0.861    -0.829    u_top_airhockey/u_rst_ctl/clk_pix
    SLICE_X0Y14          FDPE                                         r  u_top_airhockey/u_rst_ctl/sync_ff_reg[0]/C

Slack:                    inf
  Source:                 btnC
                            (input port)
  Destination:            u_top_airhockey/u_rst_ctl/sync_ff_reg[1]/PRE
                            (removal check against rising-edge clock clk_pix_clk_wiz_0  {rise@0.000ns fall@7.692ns period=15.385ns})
  Path Group:             (none)
  Path Type:              Removal (Min at Fast Process Corner)
  Data Path Delay:        0.626ns  (logic 0.210ns (33.450%)  route 0.417ns (66.550%))
  Logic Levels:           1  (IBUF=1)
  Clock Path Skew:        -0.829ns (DCD - SCD - CPR)
    Destination Clock Delay (DCD):    -0.829ns
    Source Clock Delay      (SCD):    0.000ns
    Clock Pessimism Removal (CPR):    -0.000ns

    Location             Delay type                Incr(ns)  Path(ns)    Netlist Resource(s)
  -------------------------------------------------------------------    -------------------
    U18                                               0.000     0.000 f  btnC (IN)
                         net (fo=0)                   0.000     0.000    btnC
    U18                  IBUF (Prop_ibuf_I_O)         0.210     0.210 f  btnC_IBUF_inst/O
                         net (fo=4, routed)           0.417     0.626    u_top_airhockey/u_rst_ctl/AS[0]
    SLICE_X0Y14          FDPE                                         f  u_top_airhockey/u_rst_ctl/sync_ff_reg[1]/PRE
  -------------------------------------------------------------------    -------------------

                         (clock clk_pix_clk_wiz_0 rise edge)
                                                      0.000     0.000 r  
    W5                                                0.000     0.000 r  clk (IN)
                         net (fo=0)                   0.000     0.000    u_clk_wiz/inst/clk
    W5                   IBUF (Prop_ibuf_I_O)         0.414     0.414 r  u_clk_wiz/inst/clkin1_ibufg/O
                         net (fo=1, routed)           0.480     0.894    u_clk_wiz/inst/clk_clk_wiz_0
    MMCME2_ADV_X1Y0      MMCME2_ADV (Prop_mmcme2_adv_CLKIN1_CLKOUT1)
                                                     -3.142    -2.248 r  u_clk_wiz/inst/mmcm_adv_inst/CLKOUT1
                         net (fo=2, routed)           0.530    -1.718    u_clk_wiz/inst/clk_pix_clk_wiz_0
    BUFGCTRL_X0Y0        BUFGCTRL (Prop_bufgctrl_I0_O)
                                                      0.029    -1.689 r  u_clk_wiz/inst/clkout2_buf/O
                         net (fo=3196, routed)        0.861    -0.829    u_top_airhockey/u_rst_ctl/clk_pix
    SLICE_X0Y14          FDPE                                         r  u_top_airhockey/u_rst_ctl/sync_ff_reg[1]/C

Slack:                    inf
  Source:                 btnL
                            (input port)
  Destination:            u_top_airhockey/u_btn_edge_exit/sync_ff_reg[0]/D
                            (rising edge-triggered cell FDRE clocked by clk_pix_clk_wiz_0  {rise@0.000ns fall@7.692ns period=15.385ns})
  Path Group:             (none)
  Path Type:              Hold (Min at Fast Process Corner)
  Data Path Delay:        1.354ns  (logic 0.219ns (16.198%)  route 1.135ns (83.802%))
  Logic Levels:           1  (IBUF=1)
  Clock Path Skew:        -0.857ns (DCD - SCD - CPR)
    Destination Clock Delay (DCD):    -0.857ns
    Source Clock Delay      (SCD):    0.000ns
    Clock Pessimism Removal (CPR):    -0.000ns

    Location             Delay type                Incr(ns)  Path(ns)    Netlist Resource(s)
  -------------------------------------------------------------------    -------------------
    W19                                               0.000     0.000 r  btnL (IN)
                         net (fo=0)                   0.000     0.000    btnL
    W19                  IBUF (Prop_ibuf_I_O)         0.219     0.219 r  btnL_IBUF_inst/O
                         net (fo=1, routed)           1.135     1.354    u_top_airhockey/u_btn_edge_exit/D[0]
    SLICE_X28Y43         FDRE                                         r  u_top_airhockey/u_btn_edge_exit/sync_ff_reg[0]/D
  -------------------------------------------------------------------    -------------------

                         (clock clk_pix_clk_wiz_0 rise edge)
                                                      0.000     0.000 r  
    W5                                                0.000     0.000 r  clk (IN)
                         net (fo=0)                   0.000     0.000    u_clk_wiz/inst/clk
    W5                   IBUF (Prop_ibuf_I_O)         0.414     0.414 r  u_clk_wiz/inst/clkin1_ibufg/O
                         net (fo=1, routed)           0.480     0.894    u_clk_wiz/inst/clk_clk_wiz_0
    MMCME2_ADV_X1Y0      MMCME2_ADV (Prop_mmcme2_adv_CLKIN1_CLKOUT1)
                                                     -3.142    -2.248 r  u_clk_wiz/inst/mmcm_adv_inst/CLKOUT1
                         net (fo=2, routed)           0.530    -1.718    u_clk_wiz/inst/clk_pix_clk_wiz_0
    BUFGCTRL_X0Y0        BUFGCTRL (Prop_bufgctrl_I0_O)
                                                      0.029    -1.689 r  u_clk_wiz/inst/clkout2_buf/O
                         net (fo=3196, routed)        0.833    -0.857    u_top_airhockey/u_btn_edge_exit/clk_pix
    SLICE_X28Y43         FDRE                                         r  u_top_airhockey/u_btn_edge_exit/sync_ff_reg[0]/C

Slack:                    inf
  Source:                 sw0
                            (input port)
  Destination:            u_top_airhockey/is_host_sync1_reg/D
                            (rising edge-triggered cell FDRE clocked by clk_pix_clk_wiz_0  {rise@0.000ns fall@7.692ns period=15.385ns})
  Path Group:             (none)
  Path Type:              Hold (Min at Fast Process Corner)
  Data Path Delay:        1.422ns  (logic 0.221ns (15.543%)  route 1.201ns (84.457%))
  Logic Levels:           1  (IBUF=1)
  Clock Path Skew:        -0.865ns (DCD - SCD - CPR)
    Destination Clock Delay (DCD):    -0.865ns
    Source Clock Delay      (SCD):    0.000ns
    Clock Pessimism Removal (CPR):    -0.000ns

    Location             Delay type                Incr(ns)  Path(ns)    Netlist Resource(s)
  -------------------------------------------------------------------    -------------------
    V17                                               0.000     0.000 r  sw0 (IN)
                         net (fo=0)                   0.000     0.000    sw0
    V17                  IBUF (Prop_ibuf_I_O)         0.221     0.221 r  sw0_IBUF_inst/O
                         net (fo=1, routed)           1.201     1.422    u_top_airhockey/sw0_IBUF
    SLICE_X35Y34         FDRE                                         r  u_top_airhockey/is_host_sync1_reg/D
  -------------------------------------------------------------------    -------------------

                         (clock clk_pix_clk_wiz_0 rise edge)
                                                      0.000     0.000 r  
    W5                                                0.000     0.000 r  clk (IN)
                         net (fo=0)                   0.000     0.000    u_clk_wiz/inst/clk
    W5                   IBUF (Prop_ibuf_I_O)         0.414     0.414 r  u_clk_wiz/inst/clkin1_ibufg/O
                         net (fo=1, routed)           0.480     0.894    u_clk_wiz/inst/clk_clk_wiz_0
    MMCME2_ADV_X1Y0      MMCME2_ADV (Prop_mmcme2_adv_CLKIN1_CLKOUT1)
                                                     -3.142    -2.248 r  u_clk_wiz/inst/mmcm_adv_inst/CLKOUT1
                         net (fo=2, routed)           0.530    -1.718    u_clk_wiz/inst/clk_pix_clk_wiz_0
    BUFGCTRL_X0Y0        BUFGCTRL (Prop_bufgctrl_I0_O)
                                                      0.029    -1.689 r  u_clk_wiz/inst/clkout2_buf/O
                         net (fo=3196, routed)        0.825    -0.865    u_top_airhockey/clk_pix
    SLICE_X35Y34         FDRE                                         r  u_top_airhockey/is_host_sync1_reg/C

Slack:                    inf
  Source:                 ja_rx
                            (input port)
  Destination:            u_top_airhockey/u_link_rx_ctl/u_uart_rx/rx_sync1_reg/D
                            (rising edge-triggered cell FDSE clocked by clk_pix_clk_wiz_0  {rise@0.000ns fall@7.692ns period=15.385ns})
  Path Group:             (none)
  Path Type:              Hold (Min at Fast Process Corner)
  Data Path Delay:        1.426ns  (logic 0.221ns (15.529%)  route 1.204ns (84.471%))
  Logic Levels:           1  (IBUF=1)
  Clock Path Skew:        -0.858ns (DCD - SCD - CPR)
    Destination Clock Delay (DCD):    -0.858ns
    Source Clock Delay      (SCD):    0.000ns
    Clock Pessimism Removal (CPR):    -0.000ns

    Location             Delay type                Incr(ns)  Path(ns)    Netlist Resource(s)
  -------------------------------------------------------------------    -------------------
    J2                                                0.000     0.000 r  ja_rx (IN)
                         net (fo=0)                   0.000     0.000    ja_rx
    J2                   IBUF (Prop_ibuf_I_O)         0.221     0.221 r  ja_rx_IBUF_inst/O
                         net (fo=1, routed)           1.204     1.426    u_top_airhockey/u_link_rx_ctl/u_uart_rx/rx
    SLICE_X28Y52         FDSE                                         r  u_top_airhockey/u_link_rx_ctl/u_uart_rx/rx_sync1_reg/D
  -------------------------------------------------------------------    -------------------

                         (clock clk_pix_clk_wiz_0 rise edge)
                                                      0.000     0.000 r  
    W5                                                0.000     0.000 r  clk (IN)
                         net (fo=0)                   0.000     0.000    u_clk_wiz/inst/clk
    W5                   IBUF (Prop_ibuf_I_O)         0.414     0.414 r  u_clk_wiz/inst/clkin1_ibufg/O
                         net (fo=1, routed)           0.480     0.894    u_clk_wiz/inst/clk_clk_wiz_0
    MMCME2_ADV_X1Y0      MMCME2_ADV (Prop_mmcme2_adv_CLKIN1_CLKOUT1)
                                                     -3.142    -2.248 r  u_clk_wiz/inst/mmcm_adv_inst/CLKOUT1
                         net (fo=2, routed)           0.530    -1.718    u_clk_wiz/inst/clk_pix_clk_wiz_0
    BUFGCTRL_X0Y0        BUFGCTRL (Prop_bufgctrl_I0_O)
                                                      0.029    -1.689 r  u_clk_wiz/inst/clkout2_buf/O
                         net (fo=3196, routed)        0.832    -0.858    u_top_airhockey/u_link_rx_ctl/u_uart_rx/clk_pix
    SLICE_X28Y52         FDSE                                         r  u_top_airhockey/u_link_rx_ctl/u_uart_rx/rx_sync1_reg/C





